Site,Species,Tag_ID,Tiller_25,attachedInf_25,brokenInf_25,Spikelet_A,Spikelet_B,Spikelet_C,tiller_herb_25,stroma_25,date_25
HUN,AGHY,565,0,NA,NA,NA,NA,NA,NA,0,2025-05-10
HUN,AGHY,569,2,1,NA,NA,NA,NA,0,0,2025-05-10
HUN,AGHY,573,1,1,NA,NA,NA,NA,0,0,2025-05-10
HUN,AGHY,576,1,0,NA,NA,NA,NA,0,0,2025-05-10
HUN,AGHY,577,13,6,NA,NA,NA,NA,0,1,2025-05-10
HUN,AGHY,581,2,1,NA,NA,NA,NA,0,0,2025-05-10
HUN,AGHY,583,9,0,NA,NA,NA,NA,1,0,2025-05-10
HUN,AGHY,588,3,2,NA,NA,NA,NA,3,0,2025-05-10
HUN,AGHY,590,4,3,NA,NA,NA,NA,1,0,2025-05-10
HUN,AGHY,702,0,NA,NA,NA,NA,NA,NA,0,2025-05-03
HUN,AGHY,705,4,3,NA,NA,NA,NA,0,0,2025-05-03
HUN,AGHY,706,38,27,NA,NA,NA,NA,0,0,2025-05-03
HUN,AGHY,707,16,11,NA,NA,NA,NA,0,0,2025-05-03
HUN,AGHY,709,21,16,NA,NA,NA,NA,0,0,2025-05-03
HUN,AGHY,710,0,NA,NA,NA,NA,NA,NA,0,2025-05-03
HUN,AGHY,711,48,19,NA,NA,NA,NA,0,5,2025-05-03
HUN,AGHY,713,23,19,NA,NA,NA,NA,0,0,2025-05-03
HUN,AGHY,714,11,9,NA,NA,NA,NA,0,0,2025-05-03
HUN,AGHY,715,39,15,NA,NA,NA,NA,0,3,2025-05-03
HUN,AGHY,720,32,12,NA,NA,NA,NA,2,1,2025-05-03
HUN,AGHY,724,4,4,NA,NA,NA,NA,0,0,2025-05-03
HUN,AGHY,728,11,9,NA,NA,NA,NA,0,0,2025-05-03
HUN,AGHY,721,1,1,NA,NA,NA,NA,0,0,2025-05-03
HUN,AGHY,729,1,1,NA,NA,NA,NA,0,0,2025-05-03
HUN,AGHY,722,2,0,NA,NA,NA,NA,0,0,2025-05-03
HUN,AGHY,730,7,7,NA,NA,NA,NA,0,0,2025-05-03
HUN,AGHY,723,2,2,NA,NA,NA,NA,0,0,2025-05-03
HUN,AGHY,727,8,5,NA,NA,NA,NA,0,0,2025-05-03
HUN,AGHY,690,1,0,NA,NA,NA,NA,0,0,2025-04-29
HUN,AGHY,691,3,2,NA,NA,NA,NA,0,0,2025-04-29
HUN,AGHY,692,0,NA,NA,NA,NA,NA,NA,0,2025-04-29
HUN,AGHY,694,2,2,NA,NA,NA,NA,0,0,2025-04-29
HUN,AGHY,695,0,NA,NA,NA,NA,NA,NA,0,2025-04-29
HUN,AGHY,697,0,NA,NA,NA,NA,NA,NA,0,2025-04-29
HUN,AGHY,698,1,1,NA,NA,NA,NA,0,0,2025-04-29
HUN,AGHY,700,0,NA,NA,NA,NA,NA,NA,0,2025-04-29
HUN,AGHY,592,0,NA,NA,NA,NA,NA,NA,0,2025-04-29
HUN,AGHY,600,1,1,NA,NA,NA,NA,0,0,2025-04-29
HUN,AGHY,675,0,NA,NA,NA,NA,NA,NA,0,2025-04-29
HUN,AGHY,676,4,4,NA,NA,NA,NA,0,0,2025-04-29
HUN,AGHY,680,0,NA,NA,NA,NA,NA,NA,0,2025-04-29
HUN,AGHY,682,3,0,NA,NA,NA,NA,0,0,2025-04-29
HUN,AGHY,683,13,3,NA,NA,NA,NA,0,0,2025-04-29
HUN,AGHY,684,0,NA,NA,NA,NA,NA,NA,0,2025-04-29
HUN,AGHY,685,0,NA,NA,NA,NA,NA,NA,0,2025-04-29
HUN,AGHY,687,6,2,NA,NA,NA,NA,0,0,2025-04-29
HUN,AGHY,688,0,NA,NA,NA,NA,NA,NA,0,2025-04-29
HUN,AGHY,689,0,NA,NA,NA,NA,NA,NA,0,2025-04-29
HUN,AGHY,660,2,1,NA,NA,NA,NA,0,0,2025-04-29
HUN,AGHY,661,3,2,NA,NA,NA,NA,0,0,2025-04-29
HUN,AGHY,662,0,NA,NA,NA,NA,NA,NA,0,2025-04-29
HUN,AGHY,663,5,1,NA,NA,NA,NA,0,0,2025-04-29
HUN,AGHY,664,3,1,NA,NA,NA,NA,0,0,2025-04-29
HUN,AGHY,666,2,1,NA,NA,NA,NA,0,0,2025-04-29
HUN,AGHY,667,0,NA,NA,NA,NA,NA,NA,0,2025-04-29
HUN,AGHY,668,0,NA,NA,NA,NA,NA,NA,0,2025-04-29
HUN,AGHY,669,2,1,NA,NA,NA,NA,0,0,2025-04-29
HUN,AGHY,670,0,NA,NA,NA,NA,NA,NA,0,2025-04-29
HUN,AGHY,672,0,NA,NA,NA,NA,NA,NA,0,2025-04-29
HUN,AGHY,673,5,1,NA,NA,NA,NA,0,0,2025-04-29
HUN,AGHY,674,0,NA,NA,NA,NA,NA,NA,0,2025-04-29
HUN,AGHY,645,0,NA,NA,NA,NA,NA,NA,0,2025-04-29
HUN,AGHY,647,6,4,NA,NA,NA,NA,0,0,2025-04-29
HUN,AGHY,648,1,1,NA,NA,NA,NA,0,0,2025-04-29
HUN,AGHY,649,8,7,NA,NA,NA,NA,0,1,2025-04-29
HUN,AGHY,650,2,2,NA,NA,NA,NA,0,0,2025-04-29
HUN,AGHY,651,3,0,NA,NA,NA,NA,0,0,2025-04-29
HUN,AGHY,652,0,NA,NA,NA,NA,NA,NA,0,2025-04-29
HUN,AGHY,653,6,2,NA,NA,NA,NA,0,0,2025-04-29
HUN,AGHY,655,3,1,NA,NA,NA,NA,0,0,2025-04-29
HUN,AGHY,656,3,0,NA,NA,NA,NA,0,0,2025-04-29
HUN,AGHY,657,0,NA,NA,NA,NA,NA,NA,0,2025-04-29
HUN,AGHY,658,0,NA,NA,NA,NA,NA,NA,0,2025-04-29
HUN,AGHY,659,0,NA,NA,NA,NA,NA,NA,0,2025-04-29
HUN,POAU,502,56,21,3,23,26,30,3,NA,2025-04-28
HUN,POAU,504,0,NA,NA,NA,NA,NA,NA,NA,2025-04-28
HUN,POAU,505,33,11,0,36,25,21,2,NA,2025-04-28
HUN,POAU,506,96,18,3,42,33,23,3,NA,2025-04-28
HUN,POAU,507,19,2,0,15,14,NA,1,NA,2025-04-28
HUN,POAU,508,203,25,7,34,15,17,0,NA,2025-04-28
HUN,POAU,509,13,0,1,NA,NA,NA,NA,NA,2025-04-28
HUN,POAU,511,0,NA,NA,NA,NA,NA,NA,NA,2025-04-28
HUN,POAU,513,29,2,0,12,15,NA,2,NA,2025-04-28
HUN,POAU,514,12,0,1,NA,NA,NA,0,NA,2025-04-28
HUN,POAU,516,0,NA,NA,NA,NA,NA,NA,NA,2025-04-28
HUN,POAU,601,0,NA,NA,NA,NA,NA,NA,NA,2025-04-28
HUN,POAU,605,0,NA,NA,NA,NA,NA,NA,NA,2025-04-28
HUN,POAU,607,22,17,2,33,21,23,2,NA,2025-04-28
HUN,POAU,610,0,NA,NA,NA,NA,NA,NA,NA,2025-04-28
HUN,POAU,611,159,47,2,45,22,23,7,NA,2025-04-28
HUN,POAU,615,99,45,0,42,42,44,0,NA,2025-04-28
HUN,POAU,616,35,1,0,38,NA,NA,6,NA,2025-04-28
HUN,POAU,617,4,2,0,32,48,NA,0,NA,2025-04-28
HUN,POAU,618,20,14,2,26,30,32,2,NA,2025-04-28
HUN,POAU,619,98,12,2,25,13,18,2,NA,2025-04-28
HUN,POAU,620,11,5,0,28,25,32,0,NA,2025-04-28
HUN,POAU,622,13,3,0,20,15,23,0,NA,2025-04-28
HUN,POAU,623,9,3,0,12,15,19,0,NA,2025-04-28
HUN,POAU,624,17,2,0,35,29,NA,0,NA,2025-04-28
HUN,POAU,625,23,16,0,19,23,25,0,NA,2025-04-28
HUN,POAU,626,8,4,0,29,29,32,0,NA,2025-04-28
HUN,POAU,627,19,6,1,21,35,17,2,NA,2025-04-28
HUN,POAU,628,5,3,0,17,24,17,3,NA,2025-04-28
HUN,POAU,629,70,32,0,50,32,22,0,NA,2025-04-28
HUN,POAU,519,43,9,1,8,10,22,3,NA,2025-04-28
HUN,POAU,520,8,3,0,12,5,8,2,NA,2025-04-28
HUN,POAU,523,34,4,0,15,8,22,1,NA,2025-04-28
HUN,POAU,526,0,NA,NA,NA,NA,NA,NA,NA,2025-04-28
HUN,POAU,528,18,2,0,14,14,NA,1,NA,2025-04-28
HUN,POAU,532,0,NA,NA,NA,NA,NA,NA,NA,2025-04-28
HUN,POAU,533,7,2,0,19,18,NA,0,NA,2025-04-28
HUN,POAU,534,7,1,0,13,NA,NA,0,NA,2025-04-28
HUN,POAU,535,20,5,0,24,22,22,0,NA,2025-04-28
HUN,POAU,536,0,NA,NA,NA,NA,NA,NA,NA,2025-04-28
HUN,POAU,538,0,NA,NA,NA,NA,NA,NA,NA,2025-04-28
HUN,POAU,543,52,13,0,28,24,25,0,NA,2025-04-28
HUN,POAU,544,17,7,0,21,32,23,0,NA,2025-04-28
HUN,POAU,545,4,1,0,22,NA,NA,1,NA,2025-04-28
HUN,POAU,549,2,0,0,NA,NA,NA,0,NA,2025-04-29
HUN,POAU,558,7,4,0,17,19,12,0,NA,2025-04-29
HUN,POAU,630,18,5,0,23,25,27,0,NA,2025-04-29
HUN,POAU,631,0,NA,NA,NA,NA,NA,NA,NA,2025-04-29
HUN,POAU,634,35,6,0,9,7,17,0,NA,2025-04-29
HUN,POAU,635,16,3,1,9,11,19,2,NA,2025-04-29
HUN,POAU,640,0,NA,NA,NA,NA,NA,NA,NA,2025-04-29
HUN,POAU,643,19,2,0,12,11,NA,0,NA,2025-04-29
HUN,POAU,2284,1,0,0,NA,NA,NA,0,NA,2025-04-28
HUN,POAU,2285,1,0,0,NA,NA,NA,0,NA,2025-04-28
HUN,POAU,2286,0,NA,NA,NA,NA,NA,NA,NA,2025-04-28
HUN,POAU,2287,3,0,0,NA,NA,NA,0,NA,2025-04-28
HUN,POAU,2288,0,NA,NA,NA,NA,NA,NA,NA,2025-04-28
HUN,POAU,2289,0,NA,NA,NA,NA,NA,NA,NA,2025-04-28
HUN,POAU,2290,0,NA,NA,NA,NA,NA,NA,NA,2025-04-28
HUN,POAU,2291,0,NA,NA,NA,NA,NA,NA,NA,2025-04-28
HUN,POAU,2292,0,NA,NA,NA,NA,NA,NA,NA,2025-04-28
HUN,POAU,2293,0,NA,NA,NA,NA,NA,NA,NA,2025-04-28
HUN,POAU,2294,0,NA,NA,NA,NA,NA,NA,NA,2025-04-28
HUN,POAU,2295,0,NA,NA,NA,NA,NA,NA,NA,2025-04-28
HUN,POAU,2296,0,NA,NA,NA,NA,NA,NA,NA,2025-04-28
HUN,POAU,2297,0,NA,NA,NA,NA,NA,NA,NA,2025-04-28
HUN,POAU,2298,0,NA,NA,NA,NA,NA,NA,NA,2025-04-28
COL,AGHY,321,0,NA,NA,NA,NA,NA,NA,0,2025-05-08
COL,AGHY,323,0,NA,NA,NA,NA,NA,NA,0,2025-05-08
COL,AGHY,327,0,NA,NA,NA,NA,NA,NA,0,2025-05-08
COL,AGHY,236,0,NA,NA,NA,NA,NA,NA,0,2025-05-08
COL,AGHY,237,0,NA,NA,NA,NA,NA,NA,0,2025-05-08
COL,AGHY,239,0,NA,NA,NA,NA,NA,NA,0,2025-05-08
COL,AGHY,240,0,NA,NA,NA,NA,NA,NA,0,2025-05-08
COL,AGHY,241,0,NA,NA,NA,NA,NA,NA,0,2025-05-08
COL,AGHY,242,0,NA,NA,NA,NA,NA,NA,0,2025-05-08
COL,AGHY,243,0,NA,NA,NA,NA,NA,NA,0,2025-05-08
COL,AGHY,244,0,NA,NA,NA,NA,NA,NA,0,2025-05-08
COL,AGHY,245,0,NA,NA,NA,NA,NA,NA,0,2025-05-08
COL,AGHY,246,0,NA,NA,NA,NA,NA,NA,0,2025-05-08
COL,AGHY,247,3,1,NA,NA,NA,NA,0,0,2025-05-08
COL,AGHY,248,0,NA,NA,NA,NA,NA,NA,0,2025-05-08
COL,AGHY,259,0,NA,NA,NA,NA,NA,NA,0,2025-05-07
COL,AGHY,408,0,NA,NA,NA,NA,NA,NA,0,2025-05-08
COL,AGHY,409,0,NA,NA,NA,NA,NA,NA,0,2025-05-08
COL,AGHY,410,0,NA,NA,NA,NA,NA,NA,0,2025-05-08
COL,AGHY,412,0,NA,NA,NA,NA,NA,NA,0,2025-05-08
COL,AGHY,417,0,NA,NA,NA,NA,NA,NA,0,2025-05-08
COL,AGHY,374,0,NA,NA,NA,NA,NA,NA,0,2025-05-08
COL,AGHY,376,0,NA,NA,NA,NA,NA,NA,0,2025-05-08
COL,AGHY,378,0,NA,NA,NA,NA,NA,NA,0,2025-05-08
COL,AGHY,383,0,NA,NA,NA,NA,NA,NA,0,2025-05-08
COL,AGHY,334,0,NA,NA,NA,NA,NA,NA,0,2025-05-07
COL,AGHY,364,0,NA,NA,NA,NA,NA,NA,0,2025-05-08
COL,AGHY,367,0,NA,NA,NA,NA,NA,NA,0,2025-05-08
COL,POAU,280,0,NA,NA,NA,NA,NA,NA,NA,2025-05-07
COL,POAU,283,0,NA,NA,NA,NA,NA,NA,NA,2025-05-07
COL,POAU,284,0,NA,NA,NA,NA,NA,NA,NA,2025-05-07
COL,POAU,286,0,NA,NA,NA,NA,NA,NA,NA,2025-05-07
COL,POAU,287,0,NA,NA,NA,NA,NA,NA,NA,2025-05-07
COL,POAU,288,0,NA,NA,NA,NA,NA,NA,NA,2025-05-07
COL,POAU,289,0,NA,NA,NA,NA,NA,NA,NA,2025-05-07
COL,POAU,290,0,NA,NA,NA,NA,NA,NA,NA,2025-05-07
COL,POAU,291,0,NA,NA,NA,NA,NA,NA,NA,2025-05-07
COL,POAU,293,0,NA,NA,NA,NA,NA,NA,NA,2025-05-07
COL,POAU,469,0,NA,NA,NA,NA,NA,NA,NA,2025-05-07
COL,POAU,471,0,NA,NA,NA,NA,NA,NA,NA,2025-05-07
COL,POAU,475,0,NA,NA,NA,NA,NA,NA,NA,2025-05-07
COL,POAU,397,0,NA,NA,NA,NA,NA,NA,NA,2025-05-07
COL,POAU,344,0,NA,NA,NA,NA,NA,NA,NA,2025-05-07
COL,POAU,350,0,NA,NA,NA,NA,NA,NA,NA,2025-05-07
COL,POAU,422,0,NA,NA,NA,NA,NA,NA,NA,2025-05-07
COL,POAU,424,,NA,NA,NA,NA,NA,NA,NA,2025-05-07
COL,POAU,425,0,NA,NA,NA,NA,NA,NA,NA,2025-05-07
COL,POAU,426,0,NA,NA,NA,NA,NA,NA,NA,2025-05-07
COL,POAU,429,0,NA,NA,NA,NA,NA,NA,NA,2025-05-07
COL,POAU,430,1,0,0,NA,NA,NA,1,NA,2025-05-07
COL,POAU,433,0,NA,NA,NA,NA,NA,NA,NA,2025-05-07
COL,POAU,434,0,NA,NA,NA,NA,NA,NA,NA,2025-05-07
COL,POAU,435,0,NA,NA,NA,NA,NA,NA,NA,2025-05-07
COL,POAU,437,0,NA,NA,NA,NA,NA,NA,NA,2025-05-07
COL,POAU,438,0,NA,NA,NA,NA,NA,NA,NA,2025-05-07
COL,POAU,439,4,0,0,NA,NA,NA,1,NA,2025-05-07
COL,POAU,440,4,1,0,9,NA,NA,1,NA,2025-05-07
COL,POAU,442,0,NA,NA,NA,NA,NA,NA,NA,2025-05-07
COL,POAU,443,0,NA,NA,NA,NA,NA,NA,NA,2025-05-07
COL,POAU,445,0,NA,NA,NA,NA,NA,NA,NA,2025-05-07
COL,POAU,447,0,NA,NA,NA,NA,NA,NA,NA,2025-05-07
COL,POAU,448,0,NA,NA,NA,NA,NA,NA,NA,2025-05-07
COL,POAU,449,0,NA,NA,NA,NA,NA,NA,NA,2025-05-07
COL,POAU,451,0,NA,NA,NA,NA,NA,NA,NA,2025-05-07
COL,POAU,452,0,NA,NA,NA,NA,NA,NA,NA,2025-05-07
COL,POAU,453,0,NA,NA,NA,NA,NA,NA,NA,2025-05-07
COL,POAU,454,0,NA,NA,NA,NA,NA,NA,NA,2025-05-07
COL,POAU,458,0,NA,NA,NA,NA,NA,NA,NA,2025-05-07
COL,POAU,459,0,NA,NA,NA,NA,NA,NA,NA,2025-05-07
LAF,AGHY,2734,0,NA,NA,NA,NA,NA,NA,0,2025-05-02
LAF,AGHY,2738,0,NA,NA,NA,NA,NA,NA,0,2025-05-02
LAF,AGHY,2739,0,NA,NA,NA,NA,NA,NA,0,2025-05-02
LAF,AGHY,2746,0,NA,NA,NA,NA,NA,NA,0,2025-05-02
LAF,AGHY,2750,0,NA,NA,NA,NA,NA,NA,0,2025-05-02
LAF,AGHY,2751,0,NA,NA,NA,NA,NA,NA,0,2025-05-02
LAF,AGHY,2753,0,NA,NA,NA,NA,NA,NA,0,2025-05-02
LAF,AGHY,2755,0,NA,NA,NA,NA,NA,NA,0,2025-05-02
LAF,AGHY,2817,0,NA,NA,NA,NA,NA,NA,0,2025-05-02
LAF,AGHY,2818,12,11,NA,NA,NA,NA,0,0,2025-05-02
LAF,AGHY,2819,0,NA,NA,NA,NA,NA,NA,0,2025-05-02
LAF,AGHY,2821,5,3,NA,NA,NA,NA,0,0,2025-05-02
LAF,AGHY,2822,2,1,NA,NA,NA,NA,0,0,2025-05-02
LAF,AGHY,2825,29,15,NA,NA,NA,NA,0,0,2025-05-02
LAF,AGHY,2828,0,NA,NA,NA,NA,NA,NA,0,2025-05-02
LAF,AGHY,2830,0,NA,NA,NA,NA,NA,NA,0,2025-05-02
LAF,AGHY,2803,0,NA,NA,NA,NA,NA,NA,0,2025-05-02
LAF,AGHY,2805,0,NA,NA,NA,NA,NA,NA,0,2025-05-02
LAF,AGHY,2806,0,NA,NA,NA,NA,NA,NA,0,2025-05-02
LAF,AGHY,2807,0,NA,NA,NA,NA,NA,NA,0,2025-05-02
LAF,AGHY,2808,0,NA,NA,NA,NA,NA,NA,0,2025-05-02
LAF,AGHY,2809,1,0,NA,NA,NA,NA,0,0,2025-05-02
LAF,AGHY,2812,0,NA,NA,NA,NA,NA,NA,0,2025-05-02
LAF,AGHY,2788,0,NA,NA,NA,NA,NA,NA,0,2025-05-02
LAF,AGHY,2790,0,NA,NA,NA,NA,NA,NA,0,2025-05-02
LAF,AGHY,2793,0,NA,NA,NA,NA,NA,NA,0,2025-05-02
LAF,AGHY,2801,0,NA,NA,NA,NA,NA,NA,0,2025-05-02
LAF,POAU,2874,128,3,24,19,13,10,24,NA,2025-05-02
LAF,POAU,2875,81,17,5,10,15,17,5,NA,2025-05-02
LAF,POAU,2876,163,18,22,20,18,19,22,NA,2025-05-02
LAF,POAU,2877,99,18,13,38,35,12,13,NA,2025-05-02
LAF,POAU,2878,59,5,23,9,13,21,23,NA,2025-05-02
LAF,POAU,2879,17,4,0,7,20,27,15,NA,2025-05-02
LAF,POAU,2880,47,5,2,10,17,27,2,NA,2025-05-02
LAF,POAU,2881,83,5,13,12,7,5,53,NA,2025-05-02
LAF,POAU,2882,63,25,17,7,13,15,17,NA,2025-05-02
LAF,POAU,2883,59,23,20,12,17,22,20,NA,2025-05-02
LAF,POAU,2885,174,18,19,17,22,23,19,NA,2025-05-02
LAF,POAU,2886,5,1,1,14,NA,NA,1,NA,2025-05-02
LAF,POAU,2887,93,27,12,6,23,13,12,NA,2025-05-02
LAF,POAU,2888,226,63,24,16,24,24,24,NA,2025-05-02
LAF,POAU,2889,115,19,1,23,29,34,1,NA,2025-05-02
LAF,POAU,2890,40,14,4,28,20,26,4,NA,2025-05-02
LAF,POAU,2891,184,57,5,15,20,31,5,NA,2025-05-02
LAF,POAU,2892,3,0,NA,NA,NA,NA,0,NA,2025-05-02
LAF,POAU,2893,125,51,1,34,33,36,1,NA,2025-05-02
LAF,POAU,2894,140,51,0,33,23,30,0,NA,2025-05-02
LAF,POAU,2895,42,11,0,25,15,16,0,NA,2025-05-02
LAF,POAU,2896,38,18,2,9,20,32,2,NA,2025-05-02
LAF,POAU,2898,83,21,2,34,14,9,3,NA,2025-05-02
LAF,POAU,2899,87,18,5,27,17,10,5,NA,2025-05-02
LAF,POAU,2900,139,28,3,51,37,21,5,NA,2025-05-02
LAF,POAU,2901,158,60,3,55,31,76,3,NA,2025-05-02
LAF,POAU,2902,166,44,5,29,25,33,5,NA,2025-05-02
LAF,POAU,2903,37,12,3,23,10,12,4,NA,2025-05-02
LAF,POAU,2859,169,52,10,47,28,37,13,NA,2025-05-02
LAF,POAU,2860,55,21,5,69,50,20,5,NA,2025-05-02
LAF,POAU,2861,124,48,5,19,17,10,30,NA,2025-05-02
LAF,POAU,2862,92,37,25,30,22,30,25,NA,2025-05-02
LAF,POAU,2863,68,15,7,26,26,25,7,NA,2025-05-02
LAF,POAU,2864,163,51,2,41,45,37,2,NA,2025-05-02
LAF,POAU,2865,69,10,3,12,20,22,31,NA,2025-05-02
LAF,POAU,2866,83,13,2,12,18,12,76,NA,2025-05-02
LAF,POAU,2868,106,31,5,20,14,25,5,NA,2025-05-02
LAF,POAU,2869,16,0,5,NA,NA,NA,8,NA,2025-05-02
LAF,POAU,2870,80,10,12,18,14,14,14,NA,2025-05-02
LAF,POAU,2871,152,53,17,48,27,38,17,NA,2025-05-02
LAF,POAU,2872,73,25,8,30,40,30,8,NA,2025-05-02
LAF,POAU,2873,185,28,29,13,14,15,35,NA,2025-05-02
LAF,POAU,2844,0,NA,NA,NA,NA,NA,NA,NA,2025-05-02
LAF,POAU,2845,0,NA,NA,NA,NA,NA,NA,NA,2025-05-02
LAF,POAU,2846,60,18,0,36,33,42,1,NA,2025-05-02
LAF,POAU,2847,3,0,NA,NA,NA,NA,0,NA,2025-05-02
LAF,POAU,2848,0,NA,NA,NA,NA,NA,NA,NA,2025-05-02
LAF,POAU,2849,53,18,5,15,34,22,7,NA,2025-05-02
LAF,POAU,2850,0,NA,NA,NA,NA,NA,NA,NA,2025-05-02
LAF,POAU,2851,58,18,0,26,31,37,0,NA,2025-05-02
LAF,POAU,2852,13,6,1,27,35,19,1,NA,2025-05-02
LAF,POAU,2853,15,1,0,25,NA,NA,0,NA,2025-05-02
LAF,POAU,2854,0,NA,NA,NA,NA,NA,NA,NA,2025-05-02
LAF,POAU,2855,23,2,7,26,24,29,0,NA,2025-05-02
LAF,POAU,2856,50,11,3,25,25,20,3,NA,2025-05-02
LAF,POAU,2857,0,NA,NA,NA,NA,NA,NA,NA,2025-05-02
LAF,POAU,2858,0,NA,NA,NA,NA,NA,NA,NA,2025-05-02
LAF,POAU,2904,38,4,4,22,14,27,4,NA,2025-05-01
LAF,POAU,2905,89,0,6,NA,NA,NA,11,NA,2025-05-01
LAF,POAU,2907,94,14,12,26,23,19,22,NA,2025-05-01
LAF,POAU,2908,35,2,4,27,41,NA,11,NA,2025-05-01
LAF,POAU,2909,73,13,4,26,18,11,7,NA,2025-05-01
LAF,POAU,2910,36,2,4,8,19,NA,4,NA,2025-05-01
LAF,POAU,2911,53,14,2,23,17,13,5,NA,2025-05-01
LAF,POAU,2912,13,0,0,NA,NA,NA,6,NA,2025-05-01
LAF,POAU,2913,37,3,7,17,19,11,7,NA,2025-05-01
LAF,POAU,2914,0,NA,NA,NA,NA,NA,NA,NA,2025-05-01
LAF,POAU,2915,71,24,1,12,20,23,5,NA,2025-05-01
LAF,POAU,2916,19,4,4,27,11,5,11,NA,2025-05-01
LAF,POAU,2918,84,27,13,68,21,21,17,NA,2025-05-01
LAF,POAU,2917,47,14,1,21,23,21,2,NA,2025-05-01
LAF,POAU,2919,89,17,19,17,28,12,24,NA,2025-05-01
LAF,POAU,2920,74,8,12,13,19,11,21,NA,2025-05-01
LAF,POAU,2921,31,3,13,16,8,NA,13,NA,2025-05-01
LAF,POAU,2923,0,NA,NA,NA,NA,NA,NA,NA,2025-05-01
LAF,POAU,2924,60,10,14,36,34,37,16,NA,2025-05-01
LAF,POAU,2925,43,1,12,9,NA,NA,14,NA,2025-05-01
LAF,POAU,2926,111,17,10,14,37,11,10,NA,2025-05-01
LAF,POAU,2927,98,14,25,41,20,20,25,NA,2025-05-01
LAF,POAU,2928,120,14,48,25,16,27,48,NA,2025-05-01
LAF,POAU,2929,57,15,1,10,14,17,1,NA,2025-05-01
LAF,POAU,2931,20,4,6,29,51,17,6,NA,2025-05-01
LAF,POAU,2932,0,NA,NA,NA,NA,NA,NA,NA,2025-05-01
LAF,POAU,2933,73,9,2,10,11,19,2,NA,2025-05-01
LAF,POAU,2934,135,37,4,14,18,13,4,NA,2025-05-01
LAF,POAU,2935,108,42,1,47,29,26,1,NA,2025-05-01
LAF,POAU,2936,31,15,1,30,47,48,1,NA,2025-05-01
LAF,POAU,2937,129,43,0,37,39,46,1,NA,2025-05-01
LAF,POAU,2938,22,7,2,20,10,19,2,NA,2025-05-01
LAF,POAU,2939,141,38,0,32,35,22,0,NA,2025-05-01
LAF,POAU,2940,56,26,0,44,43,32,0,NA,2025-05-01
LAF,POAU,2941,143,48,3,27,28,28,3,NA,2025-05-01
LAF,POAU,2942,109,36,3,13,15,7,5,NA,2025-05-01
LAF,POAU,2943,112,26,8,15,22,24,15,NA,2025-05-01
LAF,POAU,2944,49,16,0,16,15,12,0,NA,2025-05-01
LAF,POAU,2945,127,61,3,52,62,40,3,NA,2025-05-01
LAF,POAU,2946,20,9,3,16,33,25,3,NA,2025-05-01
LAF,POAU,2948,202,70,2,24,31,25,2,NA,2025-05-01
LAF,POAU,2949,5,0,0,NA,NA,NA,0,NA,2025-05-01
LAF,POAU,2950,52,12,5,36,48,26,5,NA,2025-05-01
LAF,POAU,2951,48,27,0,46,44,42,0,NA,2025-05-01
LAF,POAU,2952,54,9,4,21,28,34,4,NA,2025-05-01
LAF,POAU,2953,72,33,5,63,26,33,5,NA,2025-05-01
LAF,POAU,2954,5,0,0,NA,NA,NA,0,NA,2025-05-01
LAF,POAU,2955,0,NA,NA,NA,NA,NA,NA,NA,2025-05-01
LAF,POAU,2956,124,31,2,19,21,13,2,NA,2025-05-01
LAF,POAU,2957,36,15,4,19,23,15,4,NA,2025-05-01
LAF,POAU,2958,9,5,1,9,8,12,1,NA,2025-05-01
LAF,POAU,2959,93,43,5,29,31,17,5,NA,2025-05-01
LAF,POAU,2960,56,28,4,18,19,25,4,NA,2025-05-01
LAF,POAU,2961,74,27,3,40,47,44,3,NA,2025-05-01
LAF,POAU,2962,38,16,0,14,25,32,0,NA,2025-05-01
LAF,POAU,2963,74,27,2,12,15,16,2,NA,2025-05-01
BAS,AGHY,813,0,NA,NA,NA,NA,NA,NA,0,2025-05-12
BAS,AGHY,814,0,NA,NA,NA,NA,NA,NA,0,2025-05-12
BAS,AGHY,816,0,NA,NA,NA,NA,NA,NA,0,2025-05-12
BAS,AGHY,819,0,NA,NA,NA,NA,NA,NA,0,2025-05-12
BAS,AGHY,901,0,NA,NA,NA,NA,NA,NA,0,2025-05-12
BAS,AGHY,903,0,NA,NA,NA,NA,NA,NA,0,2025-05-12
BAS,AGHY,908,2,1,NA,NA,NA,NA,0,0,2025-05-12
BAS,AGHY,910,0,NA,NA,NA,NA,NA,NA,0,2025-05-12
BAS,AGHY,911,0,NA,NA,NA,NA,NA,NA,0,2025-05-12
BAS,AGHY,912,0,NA,NA,NA,NA,NA,NA,0,2025-05-12
BAS,AGHY,913,0,NA,NA,NA,NA,NA,NA,0,2025-05-12
BAS,AGHY,826,0,NA,NA,NA,NA,NA,NA,0,2025-05-12
BAS,AGHY,830,0,NA,NA,NA,NA,NA,NA,0,2025-05-12
BAS,AGHY,831,0,NA,NA,NA,NA,NA,NA,0,2025-05-12
BAS,AGHY,839,0,NA,NA,NA,NA,NA,NA,0,2025-05-12
BAS,AGHY,931,0,NA,NA,NA,NA,NA,NA,0,2025-05-12
BAS,AGHY,932,0,NA,NA,NA,NA,NA,NA,0,2025-05-12
BAS,AGHY,933,0,NA,NA,NA,NA,NA,NA,0,2025-05-12
BAS,AGHY,934,0,NA,NA,NA,NA,NA,NA,0,2025-05-12
BAS,AGHY,935,0,NA,NA,NA,NA,NA,NA,0,2025-05-12
BAS,AGHY,938,0,NA,NA,NA,NA,NA,NA,0,2025-05-12
BAS,AGHY,939,0,NA,NA,NA,NA,NA,NA,0,2025-05-12
BAS,AGHY,940,0,NA,NA,NA,NA,NA,NA,0,2025-05-12
BAS,AGHY,942,0,NA,NA,NA,NA,NA,NA,0,2025-05-12
BAS,AGHY,943,0,NA,NA,NA,NA,NA,NA,0,2025-05-12
BAS,AGHY,944,0,NA,NA,NA,NA,NA,NA,0,2025-05-12
BAS,AGHY,945,0,NA,NA,NA,NA,NA,NA,0,2025-05-12
BAS,AGHY,925,0,NA,NA,NA,NA,NA,NA,0,2025-05-12
BAS,AGHY,926,0,NA,NA,NA,NA,NA,NA,0,2025-05-12
BAS,AGHY,927,0,NA,NA,NA,NA,NA,NA,0,2025-05-12
BAS,AGHY,930,0,NA,NA,NA,NA,NA,NA,0,2025-05-12
BAS,AGHY,842,0,NA,NA,NA,NA,NA,NA,0,2025-05-12
BAS,AGHY,853,0,NA,NA,NA,NA,NA,NA,0,2025-05-12
BAS,AGHY,855,0,NA,NA,NA,NA,NA,NA,0,2025-05-12
BAS,AGHY,857,0,NA,NA,NA,NA,NA,NA,0,2025-05-13
BAS,AGHY,858,0,NA,NA,NA,NA,NA,NA,0,2025-05-13
BAS,AGHY,861,0,NA,NA,NA,NA,NA,NA,0,2025-05-13
BAS,AGHY,863,0,NA,NA,NA,NA,NA,NA,0,2025-05-13
BAS,AGHY,864,0,NA,NA,NA,NA,NA,NA,0,2025-05-13
BAS,AGHY,865,0,NA,NA,NA,NA,NA,NA,0,2025-05-13
BAS,AGHY,866,0,NA,NA,NA,NA,NA,NA,0,2025-05-13
BAS,AGHY,870,0,NA,NA,NA,NA,NA,NA,0,2025-05-13
BAS,AGHY,948,0,NA,NA,NA,NA,NA,NA,0,2025-05-13
BAS,AGHY,952,0,NA,NA,NA,NA,NA,NA,0,2025-05-13
BAS,AGHY,959,0,NA,NA,NA,NA,NA,NA,0,2025-05-13
BAS,AGHY,960,0,NA,NA,NA,NA,NA,NA,0,2025-05-13
BFL,AGHY,71,0,NA,NA,NA,NA,NA,NA,0,2025-05-21
BFL,AGHY,72,0,NA,NA,NA,NA,NA,NA,0,2025-05-21
BFL,AGHY,73,0,NA,NA,NA,NA,NA,NA,0,2025-05-21
BFL,AGHY,74,0,NA,NA,NA,NA,NA,NA,0,2025-05-21
BFL,AGHY,75,0,NA,NA,NA,NA,NA,NA,0,2025-05-21
BFL,AGHY,76,0,NA,NA,NA,NA,NA,NA,0,2025-05-21
BFL,AGHY,77,0,NA,NA,NA,NA,NA,NA,0,2025-05-21
BFL,AGHY,78,0,NA,NA,NA,NA,NA,NA,0,2025-05-21
BFL,AGHY,79,0,NA,NA,NA,NA,NA,NA,0,2025-05-21
BFL,AGHY,80,0,NA,NA,NA,NA,NA,NA,0,2025-05-21
BFL,AGHY,81,0,NA,NA,NA,NA,NA,NA,0,2025-05-21
BFL,AGHY,82,0,NA,NA,NA,NA,NA,NA,0,2025-05-21
BFL,AGHY,83,0,NA,NA,NA,NA,NA,NA,0,2025-05-21
BFL,AGHY,84,0,NA,NA,NA,NA,NA,NA,0,2025-05-21
BFL,AGHY,85,0,NA,NA,NA,NA,NA,NA,0,2025-05-22
BFL,AGHY,86,0,NA,NA,NA,NA,NA,NA,0,2025-05-22
BFL,AGHY,87,0,NA,NA,NA,NA,NA,NA,0,2025-05-22
BFL,AGHY,88,0,NA,NA,NA,NA,NA,NA,0,2025-05-22
BFL,AGHY,89,0,NA,NA,NA,NA,NA,NA,0,2025-05-22
BFL,AGHY,90,0,NA,NA,NA,NA,NA,NA,0,2025-05-22
BFL,AGHY,91,0,NA,NA,NA,NA,NA,NA,0,2025-05-22
BFL,AGHY,92,0,NA,NA,NA,NA,NA,NA,0,2025-05-22
BFL,AGHY,93,0,NA,NA,NA,NA,NA,NA,0,2025-05-22
BFL,AGHY,94,0,NA,NA,NA,NA,NA,NA,0,2025-05-22
BFL,AGHY,95,0,NA,NA,NA,NA,NA,NA,0,2025-05-22
BFL,AGHY,96,0,NA,NA,NA,NA,NA,NA,0,2025-05-22
BFL,AGHY,97,0,NA,NA,NA,NA,NA,NA,0,2025-05-22
BFL,AGHY,98,0,NA,NA,NA,NA,NA,NA,0,2025-05-22
BFL,AGHY,99,0,NA,NA,NA,NA,NA,NA,0,2025-05-22
BFL,AGHY,160,3,1,NA,NA,NA,NA,0,0,2025-05-22
BFL,AGHY,161,0,NA,NA,NA,NA,NA,NA,0,2025-05-22
BFL,AGHY,162,0,NA,NA,NA,NA,NA,NA,0,2025-05-22
BFL,AGHY,163,3,1,NA,NA,NA,NA,0,0,2025-05-22
BFL,AGHY,164,0,NA,NA,NA,NA,NA,NA,0,2025-05-22
BFL,AGHY,165,0,NA,NA,NA,NA,NA,NA,0,2025-05-22
BFL,AGHY,166,0,NA,NA,NA,NA,NA,NA,0,2025-05-22
BFL,AGHY,167,0,NA,NA,NA,NA,NA,NA,0,2025-05-22
BFL,AGHY,168,0,NA,NA,NA,NA,NA,NA,0,2025-05-22
BFL,AGHY,169,1,0,NA,NA,NA,NA,0,0,2025-05-22
BFL,AGHY,170,2,1,NA,NA,NA,NA,0,0,2025-05-22
BFL,AGHY,171,0,NA,NA,NA,NA,NA,NA,0,2025-05-22
BFL,AGHY,172,0,NA,NA,NA,NA,NA,NA,0,2025-05-22
BFL,AGHY,173,0,NA,NA,NA,NA,NA,NA,0,2025-05-22
BFL,AGHY,174,0,NA,NA,NA,NA,NA,NA,0,2025-05-22
BFL,AGHY,190,0,NA,NA,NA,NA,NA,NA,0,2025-05-21
BFL,AGHY,191,0,NA,NA,NA,NA,NA,NA,0,2025-05-21
BFL,AGHY,194,0,NA,NA,NA,NA,NA,NA,0,2025-05-21
BFL,AGHY,195,0,NA,NA,NA,NA,NA,NA,0,2025-05-21
BFL,AGHY,199,0,NA,NA,NA,NA,NA,NA,0,2025-05-21
BFL,AGHY,200,0,NA,NA,NA,NA,NA,NA,0,2025-05-21
BFL,AGHY,203,0,NA,NA,NA,NA,NA,NA,0,2025-05-21
BFL,AGHY,204,0,NA,NA,NA,NA,NA,NA,0,2025-05-21
BFL,AGHY,205,5,2,NA,NA,NA,NA,0,0,2025-05-22
BFL,AGHY,206,0,NA,NA,NA,NA,NA,NA,0,2025-05-22
BFL,AGHY,207,0,NA,NA,NA,NA,NA,NA,0,2025-05-22
BFL,AGHY,208,0,NA,NA,NA,NA,NA,NA,0,2025-05-22
BFL,AGHY,209,0,NA,NA,NA,NA,NA,NA,0,2025-05-22
BFL,AGHY,210,3,2,NA,NA,NA,NA,0,0,2025-05-22
BFL,AGHY,211,1,1,NA,NA,NA,NA,0,0,2025-05-22
BFL,AGHY,212,0,NA,NA,NA,NA,NA,NA,0,2025-05-22
BFL,AGHY,213,1,0,NA,NA,NA,NA,0,0,2025-05-22
BFL,AGHY,214,0,NA,NA,NA,NA,NA,NA,0,2025-05-22
BFL,AGHY,217,1,0,NA,NA,NA,NA,0,0,2025-05-22
BFL,AGHY,218,0,NA,NA,NA,NA,NA,NA,0,2025-05-22
BFL,AGHY,219,0,NA,NA,NA,NA,NA,NA,0,2025-05-22
BFL,AGHY,119,0,NA,NA,NA,NA,NA,NA,0,2025-05-22
BFL,AGHY,120,0,NA,NA,NA,NA,NA,NA,0,2025-05-22
BFL,AGHY,124,0,NA,NA,NA,NA,NA,NA,0,2025-05-22
BFL,AGHY,125,0,NA,NA,NA,NA,NA,NA,0,2025-05-22
BFL,AGHY,126,0,NA,NA,NA,NA,NA,NA,0,2025-05-22
BFL,AGHY,127,0,NA,NA,NA,NA,NA,NA,0,2025-05-22
BFL,AGHY,128,0,NA,NA,NA,NA,NA,NA,0,2025-05-22
BFL,AGHY,222,0,NA,NA,NA,NA,NA,NA,0,2025-05-22
BFL,AGHY,225,0,NA,NA,NA,NA,NA,NA,0,2025-05-22
BFL,AGHY,229,1,0,NA,NA,NA,NA,0,0,2025-05-22
BFL,AGHY,231,0,NA,NA,NA,NA,NA,NA,0,2025-05-22
BFL,AGHY,232,2,0,NA,NA,NA,NA,0,0,2025-05-22
BFL,AGHY,233,0,NA,NA,NA,NA,NA,NA,0,2025-05-22
BFL,AGHY,220,0,NA,NA,NA,NA,NA,NA,0,2025-05-22
BFL,AGHY,130,0,NA,NA,NA,NA,NA,NA,0,2025-05-22
BFL,AGHY,131,0,NA,NA,NA,NA,NA,NA,0,2025-05-22
BFL,AGHY,132,0,NA,NA,NA,NA,NA,NA,0,2025-05-22
BFL,AGHY,133,0,NA,NA,NA,NA,NA,NA,0,2025-05-22
BFL,AGHY,134,0,NA,NA,NA,NA,NA,NA,0,2025-05-22
BFL,AGHY,135,0,NA,NA,NA,NA,NA,NA,0,2025-05-22
BFL,AGHY,136,3,0,NA,NA,NA,NA,0,0,2025-05-22
BFL,AGHY,137,0,NA,NA,NA,NA,NA,NA,0,2025-05-22
BFL,AGHY,138,0,NA,NA,NA,NA,NA,NA,0,2025-05-22
BFL,AGHY,139,0,NA,NA,NA,NA,NA,NA,0,2025-05-22
BFL,AGHY,140,3,1,NA,NA,NA,NA,0,0,2025-05-22
BFL,POAU,175,0,NA,NA,NA,NA,NA,NA,NA,2025-05-21
BFL,POAU,178,0,NA,NA,NA,NA,NA,NA,NA,2025-05-21
BFL,POAU,179,0,NA,NA,NA,NA,NA,NA,NA,2025-05-21
BFL,POAU,180,0,NA,NA,NA,NA,NA,NA,NA,2025-05-21
BFL,POAU,186,0,NA,NA,NA,NA,NA,NA,NA,2025-05-21
BFL,POAU,100,0,NA,NA,NA,NA,NA,NA,NA,2025-05-21
BFL,POAU,101,0,NA,NA,NA,NA,NA,NA,NA,2025-05-21
BFL,POAU,104,0,NA,NA,NA,NA,NA,NA,NA,2025-05-21
BFL,POAU,105,0,NA,NA,NA,NA,NA,NA,NA,2025-05-21
BFL,POAU,106,0,NA,NA,NA,NA,NA,NA,NA,2025-05-21
BFL,POAU,108,0,NA,NA,NA,NA,NA,NA,NA,2025-05-21
BFL,POAU,109,0,NA,NA,NA,NA,NA,NA,NA,2025-05-21
BFL,POAU,110,0,NA,NA,NA,NA,NA,NA,NA,2025-05-21
BFL,POAU,112,0,NA,NA,NA,NA,NA,NA,NA,2025-05-21
BFL,POAU,113,0,NA,NA,NA,NA,NA,NA,NA,2025-05-21
BFL,POAU,114,0,NA,NA,NA,NA,NA,NA,NA,2025-05-21
BFL,POAU,48,0,NA,NA,NA,NA,NA,NA,NA,2025-05-21
BFL,POAU,49,0,NA,NA,NA,NA,NA,NA,NA,2025-05-21
BFL,POAU,51,0,NA,NA,NA,NA,NA,NA,NA,2025-05-21
BFL,POAU,145,0,NA,NA,NA,NA,NA,NA,NA,2025-05-21
BFL,POAU,146,0,NA,NA,NA,NA,NA,NA,NA,2025-05-21
BFL,POAU,148,0,NA,NA,NA,NA,NA,NA,NA,2025-05-21
BFL,POAU,149,0,NA,NA,NA,NA,NA,NA,NA,2025-05-21
BFL,POAU,150,0,NA,NA,NA,NA,NA,NA,NA,2025-05-21
BFL,POAU,151,0,NA,NA,NA,NA,NA,NA,NA,2025-05-21
BFL,POAU,153,0,NA,NA,NA,NA,NA,NA,NA,2025-05-21
BFL,POAU,154,0,NA,NA,NA,NA,NA,NA,NA,2025-05-21
BFL,POAU,155,0,NA,NA,NA,NA,NA,NA,NA,2025-05-21
BFL,POAU,157,0,NA,NA,NA,NA,NA,NA,NA,2025-05-21
BFL,POAU,1,0,NA,NA,NA,NA,NA,NA,NA,2025-05-21
BFL,POAU,3,0,NA,NA,NA,NA,NA,NA,NA,2025-05-21
BFL,POAU,4,0,NA,NA,NA,NA,NA,NA,NA,2025-05-21
BFL,POAU,7,0,NA,NA,NA,NA,NA,NA,NA,2025-05-21
BFL,POAU,8,0,NA,NA,NA,NA,NA,NA,NA,2025-05-21
BFL,POAU,11,0,NA,NA,NA,NA,NA,NA,NA,2025-05-21
BFL,POAU,12,0,NA,NA,NA,NA,NA,NA,NA,2025-05-21
BFL,POAU,26,0,NA,NA,NA,NA,NA,NA,NA,2025-05-21
BFL,POAU,27,0,NA,NA,NA,NA,NA,NA,NA,2025-05-21
BFL,POAU,28,0,NA,NA,NA,NA,NA,NA,NA,2025-05-21
BFL,POAU,29,0,NA,NA,NA,NA,NA,NA,NA,2025-05-21
BFL,POAU,30,0,NA,NA,NA,NA,NA,NA,NA,2025-05-21
BFL,POAU,31,0,NA,NA,NA,NA,NA,NA,NA,2025-05-21
BFL,POAU,32,0,NA,NA,NA,NA,NA,NA,NA,2025-05-21
BFL,POAU,33,0,NA,NA,NA,NA,NA,NA,NA,2025-05-21
BFL,POAU,35,0,NA,NA,NA,NA,NA,NA,NA,2025-05-21
BFL,POAU,36,0,NA,NA,NA,NA,NA,NA,NA,2025-05-21
BFL,POAU,37,0,NA,NA,NA,NA,NA,NA,NA,2025-05-21
BFL,POAU,38,0,NA,NA,NA,NA,NA,NA,NA,2025-05-21
BFL,POAU,39,0,NA,NA,NA,NA,NA,NA,NA,2025-05-21
BFL,POAU,596,0,NA,NA,NA,NA,NA,NA,NA,2025-05-21
BFL,POAU,595,0,NA,NA,NA,NA,NA,NA,NA,2025-05-21
BFL,POAU,16,0,NA,NA,NA,NA,NA,NA,NA,2025-05-21
BFL,POAU,17,0,NA,NA,NA,NA,NA,NA,NA,2025-05-21
BFL,POAU,597,0,NA,NA,NA,NA,NA,NA,NA,2025-05-21
BFL,POAU,18,0,NA,NA,NA,NA,NA,NA,NA,2025-05-21
BFL,POAU,19,0,NA,NA,NA,NA,NA,NA,NA,2025-05-21
BFL,POAU,20,0,NA,NA,NA,NA,NA,NA,NA,2025-05-21
BFL,POAU,598,0,NA,NA,NA,NA,NA,NA,NA,2025-05-21
BFL,POAU,21,0,NA,NA,NA,NA,NA,NA,NA,2025-05-21
BFL,POAU,22,0,NA,NA,NA,NA,NA,NA,NA,2025-05-21
BFL,POAU,23,0,NA,NA,NA,NA,NA,NA,NA,2025-05-21
BFL,POAU,593,0,NA,NA,NA,NA,NA,NA,NA,2025-05-21
BFL,POAU,594,0,NA,NA,NA,NA,NA,NA,NA,2025-05-21
BFL,POAU,24,0,NA,NA,NA,NA,NA,NA,NA,2025-05-21
BFL,POAU,55,0,NA,NA,NA,NA,NA,NA,NA,2025-05-21
BFL,POAU,56,0,NA,NA,NA,NA,NA,NA,NA,2025-05-21
BFL,POAU,57,0,NA,NA,NA,NA,NA,NA,NA,2025-05-21
BFL,POAU,58,0,NA,NA,NA,NA,NA,NA,NA,2025-05-21
BFL,POAU,59,0,NA,NA,NA,NA,NA,NA,NA,2025-05-21
BFL,POAU,60,0,NA,NA,NA,NA,NA,NA,NA,2025-05-21
BFL,POAU,61,0,NA,NA,NA,NA,NA,NA,NA,2025-05-21
BFL,POAU,62,0,NA,NA,NA,NA,NA,NA,NA,2025-05-21
BFL,POAU,63,0,NA,NA,NA,NA,NA,NA,NA,2025-05-21
BFL,POAU,64,0,NA,NA,NA,NA,NA,NA,NA,2025-05-21
BFL,POAU,65,0,NA,NA,NA,NA,NA,NA,NA,2025-05-21
BFL,POAU,66,0,NA,NA,NA,NA,NA,NA,NA,2025-05-21
BFL,POAU,67,0,NA,NA,NA,NA,NA,NA,NA,2025-05-21
BFL,POAU,68,0,NA,NA,NA,NA,NA,NA,NA,2025-05-21
BFL,POAU,69,0,NA,NA,NA,NA,NA,NA,NA,2025-05-21
KER,AGHY,3001,0,NA,NA,NA,NA,NA,NA,0,2025-05-15
KER,AGHY,3002,0,NA,NA,NA,NA,NA,NA,0,2025-05-15
KER,AGHY,3003,0,NA,NA,NA,NA,NA,NA,0,2025-05-15
KER,AGHY,3004,0,NA,NA,NA,NA,NA,NA,0,2025-05-15
KER,AGHY,3005,0,NA,NA,NA,NA,NA,NA,0,2025-05-15
KER,AGHY,3006,0,NA,NA,NA,NA,NA,NA,0,2025-05-15
KER,AGHY,3007,0,NA,NA,NA,NA,NA,NA,0,2025-05-15
KER,AGHY,3008,0,NA,NA,NA,NA,NA,NA,0,2025-05-15
KER,AGHY,3009,0,NA,NA,NA,NA,NA,NA,0,2025-05-15
KER,AGHY,3010,0,NA,NA,NA,NA,NA,NA,0,2025-05-15
KER,AGHY,3011,0,NA,NA,NA,NA,NA,NA,0,2025-05-15
KER,AGHY,3012,0,NA,NA,NA,NA,NA,NA,0,2025-05-15
KER,AGHY,3013,0,NA,NA,NA,NA,NA,NA,0,2025-05-15
KER,AGHY,3014,0,NA,NA,NA,NA,NA,NA,0,2025-05-15
KER,AGHY,3019,0,NA,NA,NA,NA,NA,NA,0,2025-05-15
KER,AGHY,3020,0,NA,NA,NA,NA,NA,NA,0,2025-05-15
KER,AGHY,3021,0,NA,NA,NA,NA,NA,NA,0,2025-05-15
KER,AGHY,3017,0,NA,NA,NA,NA,NA,NA,0,2025-05-15
KER,AGHY,3018,0,NA,NA,NA,NA,NA,NA,0,2025-05-15
KER,AGHY,3016,0,NA,NA,NA,NA,NA,NA,0,2025-05-15
KER,AGHY,3015,0,NA,NA,NA,NA,NA,NA,0,2025-05-15
KER,AGHY,3022,0,NA,NA,NA,NA,NA,NA,0,2025-05-15
KER,AGHY,3023,0,NA,NA,NA,NA,NA,NA,0,2025-05-15
KER,AGHY,3024,0,NA,NA,NA,NA,NA,NA,0,2025-05-15
KER,AGHY,3025,0,NA,NA,NA,NA,NA,NA,0,2025-05-15
KER,AGHY,3026,0,NA,NA,NA,NA,NA,NA,0,2025-05-15
KER,AGHY,3028,0,NA,NA,NA,NA,NA,NA,0,2025-05-15
KER,AGHY,3029,0,NA,NA,NA,NA,NA,NA,0,2025-05-15
KER,AGHY,3032,0,NA,NA,NA,NA,NA,NA,0,2025-05-15
KER,AGHY,3030,0,NA,NA,NA,NA,NA,NA,0,2025-05-15
KER,AGHY,3031,0,NA,NA,NA,NA,NA,NA,0,2025-05-15
KER,AGHY,3027,0,NA,NA,NA,NA,NA,NA,0,2025-05-15
KER,AGHY,3033,0,NA,NA,NA,NA,NA,NA,0,2025-05-15
KER,AGHY,3034,0,NA,NA,NA,NA,NA,NA,0,2025-05-15
KER,AGHY,3036,0,NA,NA,NA,NA,NA,NA,0,2025-05-15
KER,AGHY,3037,0,NA,NA,NA,NA,NA,NA,0,2025-05-15
KER,AGHY,3038,0,NA,NA,NA,NA,NA,NA,0,2025-05-15
KER,AGHY,3039,0,NA,NA,NA,NA,NA,NA,0,2025-05-15
KER,AGHY,3040,0,NA,NA,NA,NA,NA,NA,0,2025-05-15
KER,AGHY,3041,0,NA,NA,NA,NA,NA,NA,0,2025-05-15
KER,AGHY,3042,0,NA,NA,NA,NA,NA,NA,0,2025-05-15
KER,AGHY,3043,0,NA,NA,NA,NA,NA,NA,0,2025-05-15
KER,AGHY,3044,0,NA,NA,NA,NA,NA,NA,0,2025-05-15
KER,AGHY,3045,0,NA,NA,NA,NA,NA,NA,0,2025-05-15
KER,AGHY,3046,0,NA,NA,NA,NA,NA,NA,0,2025-05-15
KER,AGHY,3047,0,NA,NA,NA,NA,NA,NA,0,2025-05-15
KER,AGHY,3048,0,NA,NA,NA,NA,NA,NA,0,2025-05-15
KER,AGHY,3049,0,NA,NA,NA,NA,NA,NA,0,2025-05-15
KER,AGHY,3050,0,NA,NA,NA,NA,NA,NA,0,2025-05-15
KER,AGHY,3051,0,NA,NA,NA,NA,NA,NA,0,2025-05-15
KER,AGHY,3052,0,NA,NA,NA,NA,NA,NA,0,2025-05-15
KER,AGHY,3053,0,NA,NA,NA,NA,NA,NA,0,2025-05-15
KER,AGHY,3090,0,NA,NA,NA,NA,NA,NA,0,2025-05-15
KER,AGHY,3091,0,NA,NA,NA,NA,NA,NA,0,2025-05-15
KER,AGHY,3098,0,NA,NA,NA,NA,NA,NA,0,2025-05-15
KER,AGHY,3099,0,NA,NA,NA,NA,NA,NA,0,2025-05-15
KER,AGHY,3092,0,NA,NA,NA,NA,NA,NA,0,2025-05-15
KER,AGHY,3093,0,NA,NA,NA,NA,NA,NA,0,2025-05-15
KER,AGHY,3101,0,NA,NA,NA,NA,NA,NA,0,2025-05-15
KER,AGHY,3100,0,NA,NA,NA,NA,NA,NA,0,2025-05-15
KER,AGHY,3094,0,NA,NA,NA,NA,NA,NA,0,2025-05-15
KER,AGHY,3095,0,NA,NA,NA,NA,NA,NA,0,2025-05-15
KER,AGHY,3102,0,NA,NA,NA,NA,NA,NA,0,2025-05-15
KER,AGHY,3103,5,4,NA,NA,NA,NA,3,0,2025-05-15
KER,AGHY,3096,0,NA,NA,NA,NA,NA,NA,0,2025-05-15
KER,AGHY,3097,0,NA,NA,NA,NA,NA,NA,0,2025-05-15
KER,AGHY,3104,11,2,NA,NA,NA,NA,0,0,2025-05-15
KER,AGHY,3121,0,NA,NA,NA,NA,NA,NA,0,2025-05-15
KER,AGHY,3115,0,NA,NA,NA,NA,NA,NA,0,2025-05-15
KER,AGHY,3118,0,NA,NA,NA,NA,NA,NA,0,2025-05-15
KER,AGHY,3107,0,NA,NA,NA,NA,NA,NA,0,2025-05-15
KER,AGHY,3116,0,NA,NA,NA,NA,NA,NA,0,2025-05-15
KER,AGHY,3119,0,NA,NA,NA,NA,NA,NA,0,2025-05-15
KER,AGHY,3105,0,NA,NA,NA,NA,NA,NA,0,2025-05-15
KER,AGHY,3106,0,NA,NA,NA,NA,NA,NA,0,2025-05-15
KER,AGHY,3120,0,NA,NA,NA,NA,NA,NA,0,2025-05-15
KER,AGHY,3117,0,NA,NA,NA,NA,NA,NA,0,2025-05-15
KER,AGHY,3114,0,NA,NA,NA,NA,NA,NA,0,2025-05-15
KER,AGHY,3054,0,NA,NA,NA,NA,NA,NA,0,2025-05-15
KER,AGHY,3055,0,NA,NA,NA,NA,NA,NA,0,2025-05-15
KER,AGHY,3056,0,NA,NA,NA,NA,NA,NA,0,2025-05-15
KER,AGHY,3057,0,NA,NA,NA,NA,NA,NA,0,2025-05-15
KER,AGHY,3035,0,NA,NA,NA,NA,NA,NA,0,2025-05-15
KER,AGHY,3058,0,NA,NA,NA,NA,NA,NA,0,2025-05-15
KER,AGHY,3059,0,NA,NA,NA,NA,NA,NA,0,2025-05-15
KER,AGHY,3122,0,NA,NA,NA,NA,NA,NA,0,2025-05-15
KER,AGHY,3123,0,NA,NA,NA,NA,NA,NA,0,2025-05-15
KER,AGHY,3124,0,NA,NA,NA,NA,NA,NA,0,2025-05-15
KER,AGHY,3125,0,NA,NA,NA,NA,NA,NA,0,2025-05-15
KER,AGHY,3126,0,NA,NA,NA,NA,NA,NA,0,2025-05-15
KER,AGHY,3127,0,NA,NA,NA,NA,NA,NA,0,2025-05-15
KER,AGHY,3128,0,NA,NA,NA,NA,NA,NA,0,2025-05-15
KER,POAU,3069,0,NA,NA,NA,NA,NA,NA,NA,2025-05-15
KER,POAU,3070,4,0,0,NA,NA,NA,0,NA,2025-05-15
KER,POAU,3071,0,NA,NA,NA,NA,NA,NA,NA,2025-05-15
KER,POAU,3072,0,NA,NA,NA,NA,NA,NA,NA,2025-05-15
KER,POAU,3073,0,NA,NA,NA,NA,NA,NA,NA,2025-05-15
KER,POAU,3074,4,0,0,NA,NA,NA,0,NA,2025-05-15
KER,POAU,3080,0,NA,NA,NA,NA,NA,NA,NA,2025-05-15
KER,POAU,3081,0,NA,NA,NA,NA,NA,NA,NA,2025-05-15
KER,POAU,3082,0,NA,NA,NA,NA,NA,NA,NA,2025-05-15
KER,POAU,3083,0,NA,NA,NA,NA,NA,NA,NA,2025-05-15
KER,POAU,3084,0,NA,NA,NA,NA,NA,NA,NA,2025-05-15
KER,POAU,3075,0,NA,NA,NA,NA,NA,NA,NA,2025-05-15
KER,POAU,3076,0,NA,NA,NA,NA,NA,NA,NA,2025-05-15
KER,POAU,3077,0,NA,NA,NA,NA,NA,NA,NA,2025-05-15
KER,POAU,3078,0,NA,NA,NA,NA,NA,NA,NA,2025-05-15
KER,POAU,3079,0,NA,NA,NA,NA,NA,NA,NA,2025-05-15
KER,POAU,3085,0,NA,NA,NA,NA,NA,NA,NA,2025-05-15
KER,POAU,3086,0,NA,NA,NA,NA,NA,NA,NA,2025-05-15
KER,POAU,3088,0,NA,NA,NA,NA,NA,NA,NA,2025-05-15
KER,POAU,3089,0,NA,NA,NA,NA,NA,NA,NA,2025-05-15
KER,POAU,3087,0,NA,NA,NA,NA,NA,NA,NA,2025-05-15
KER,POAU,3060,0,NA,NA,NA,NA,NA,NA,NA,2025-05-15
KER,POAU,3061,0,NA,NA,NA,NA,NA,NA,NA,2025-05-15
KER,POAU,3062,2,2,0,8,9,NA,1,NA,2025-05-15
KER,POAU,3063,6,5,0,9,11,12,0,NA,2025-05-15
KER,POAU,3064,0,NA,NA,NA,NA,NA,NA,NA,2025-05-15
KER,POAU,3065,0,NA,NA,NA,NA,NA,NA,NA,2025-05-15
KER,POAU,3066,2,0,0,NA,NA,NA,0,NA,2025-05-15
KER,POAU,3067,1,0,0,NA,NA,NA,0,NA,2025-05-15
KER,POAU,3068,0,NA,NA,NA,NA,NA,NA,NA,2025-05-15
COL,ELVI,2507,0,NA,NA,NA,NA,NA,NA,NA,2025-06-05
COL,ELVI,2508,1,0,0,NA,NA,NA,0,NA,2025-06-05
COL,ELVI,2509,0,NA,NA,NA,NA,NA,NA,NA,2025-06-05
COL,ELVI,2510,2,1,1,13,NA,NA,1,NA,2025-06-05
COL,ELVI,2513,2,0,0,NA,NA,NA,0,NA,2025-06-05
COL,ELVI,2516,0,NA,NA,NA,NA,NA,NA,NA,2025-06-05
COL,ELVI,2518,4,1,0,28,NA,NA,3,NA,2025-06-05
COL,ELVI,2520,7,7,0,17,19,29,6,NA,2025-06-05
COL,ELVI,2269,1,1,0,7,NA,NA,1,NA,2025-06-05
COL,ELVI,2274,8,3,1,21,21,29,2,NA,2025-06-05
COL,ELVI,2275,13,7,0,17,28,27,6,NA,2025-06-05
COL,ELVI,2276,5,4,0,27,23,25,3,NA,2025-06-05
COL,ELVI,2277,1,0,0,NA,NA,NA,0,NA,2025-06-05
COL,ELVI,2279,2,2,0,23,23,NA,1,NA,2025-06-05
COL,ELVI,2280,28,25,1,21,19,19,21,NA,2025-06-05
COL,ELVI,2281,0,NA,NA,NA,NA,NA,NA,NA,2025-06-05
COL,ELVI,2257,0,NA,NA,NA,NA,NA,NA,NA,2025-06-05
COL,ELVI,2262,0,NA,NA,NA,NA,NA,NA,NA,2025-06-05
COL,ELVI,2264,0,NA,NA,NA,NA,NA,NA,NA,2025-06-05
COL,ELVI,2265,0,NA,NA,NA,NA,NA,NA,NA,2025-06-05
COL,ELVI,2266,0,NA,NA,NA,NA,NA,NA,NA,2025-06-05
COL,ELVI,2240,0,NA,NA,NA,NA,NA,NA,NA,2025-06-05
COL,ELVI,2231,0,NA,NA,NA,NA,NA,NA,NA,2025-06-05
COL,ELVI,2176,4,3,1,19,20,18,3,NA,2025-06-05
COL,ELVI,2180,1,1,0,12,NA,NA,1,NA,2025-06-05
COL,ELVI,2182,0,NA,NA,NA,NA,NA,NA,NA,2025-06-05
COL,ELVI,2183,2,1,0,11,NA,NA,0,NA,2025-06-05
COL,ELVI,2187,0,NA,NA,NA,NA,NA,NA,NA,2025-06-05
COL,ELVI,2189,0,NA,NA,NA,NA,NA,NA,NA,2025-06-05
HUN,ELVI,2118,3,1,1,31,0,0,1,NA,2025-06-03
HUN,ELVI,2119,5,0,0,NA,NA,NA,2,NA,2025-06-03
HUN,ELVI,2121,4,0,0,NA,NA,NA,1,NA,2025-06-03
HUN,ELVI,2122,1,0,0,NA,NA,NA,1,NA,2025-06-03
HUN,ELVI,2123,4,0,0,NA,NA,NA,3,NA,2025-06-03
HUN,ELVI,2124,8,0,4,NA,NA,NA,4,NA,2025-06-03
HUN,ELVI,2125,1,0,0,NA,NA,NA,0,NA,2025-06-03
HUN,ELVI,2126,2,0,0,NA,NA,NA,0,NA,2025-06-03
HUN,ELVI,2127,3,0,0,NA,NA,NA,0,NA,2025-06-03
HUN,ELVI,2128,9,0,7,NA,NA,NA,7,NA,2025-06-03
HUN,ELVI,2129,11,0,8,NA,NA,NA,0,NA,2025-06-03
HUN,ELVI,2130,3,0,0,NA,NA,NA,0,NA,2025-06-03
HUN,ELVI,2131,5,0,3,NA,NA,NA,4,NA,2025-06-03
HUN,ELVI,2132,2,0,1,NA,NA,NA,1,NA,2025-06-03
HUN,ELVI,2133,2,0,0,NA,NA,NA,0,NA,2025-06-03
HUN,ELVI,2134,1,0,0,NA,NA,NA,1,NA,2025-06-03
HUN,ELVI,2135,7,0,0,NA,NA,NA,1,NA,2025-06-03
HUN,ELVI,2136,11,0,2,NA,NA,NA,3,NA,2025-06-03
HUN,ELVI,2137,0,NA,NA,NA,NA,NA,NA,NA,2025-06-03
HUN,ELVI,2138,8,0,1,NA,NA,NA,4,NA,2025-06-03
HUN,ELVI,2139,7,0,0,NA,NA,NA,3,NA,2025-06-03
HUN,ELVI,2140,21,0,4,NA,NA,NA,8,NA,2025-06-03
HUN,ELVI,2141,3,0,0,NA,NA,NA,0,NA,2025-06-03
HUN,ELVI,2142,5,0,4,NA,NA,NA,4,NA,2025-06-03
HUN,ELVI,2143,0,NA,NA,NA,NA,NA,NA,NA,2025-06-03
HUN,ELVI,2144,0,NA,NA,NA,NA,NA,NA,NA,2025-06-03
HUN,ELVI,2145,5,0,1,NA,NA,NA,1,NA,2025-06-03
HUN,ELVI,2146,5,0,3,NA,NA,NA,3,NA,2025-06-03
HUN,ELVI,2147,10,0,7,NA,NA,NA,7,NA,2025-06-03
HUN,ELVI,2148,5,0,1,NA,NA,NA,1,NA,2025-06-03
HUN,ELVI,2149,6,0,0,NA,NA,NA,1,NA,2025-06-03
HUN,ELVI,2150,22,0,11,NA,NA,NA,11,NA,2025-06-03
HUN,ELVI,2151,3,0,0,NA,NA,NA,0,NA,2025-06-03
HUN,ELVI,2152,0,NA,NA,NA,NA,NA,NA,NA,2025-06-03
HUN,ELVI,2153,3,0,1,NA,NA,NA,1,NA,2025-06-03
HUN,ELVI,2154,2,0,1,NA,NA,NA,1,NA,2025-06-03
HUN,ELVI,2155,3,0,0,NA,NA,NA,1,NA,2025-06-03
HUN,ELVI,2156,3,0,0,NA,NA,NA,0,NA,2025-06-03
HUN,ELVI,2157,5,0,0,NA,NA,NA,1,NA,2025-06-03
HUN,ELVI,2158,3,0,1,NA,NA,NA,0,NA,2025-06-03
HUN,ELVI,2159,6,0,0,NA,NA,NA,0,NA,2025-06-03
HUN,ELVI,2160,2,0,0,NA,NA,NA,0,NA,2025-06-03
HUN,ELVI,2209,14,0,2,NA,NA,NA,4,NA,2025-06-03
HUN,ELVI,2211,2,1,0,18,NA,NA,0,NA,2025-06-03
HUN,ELVI,2212,6,5,0,25,21,11,3,NA,2025-06-03
HUN,ELVI,2213,5,0,3,NA,NA,NA,3,NA,2025-06-03
HUN,ELVI,2214,2,0,2,NA,NA,NA,2,NA,2025-06-03
HUN,ELVI,2215,7,1,4,13,NA,NA,4,NA,2025-06-03
HUN,ELVI,2216,3,3,0,5,23,13,1,NA,2025-06-03
HUN,ELVI,2217,5,0,1,NA,NA,NA,4,NA,2025-06-03
HUN,ELVI,2218,1,0,1,NA,NA,NA,1,NA,2025-06-03
HUN,ELVI,2219,0,NA,NA,NA,NA,NA,NA,NA,2025-06-03
HUN,ELVI,2220,1,1,0,13,NA,NA,0,NA,2025-06-03
HUN,ELVI,2221,13,0,0,NA,NA,NA,5,NA,2025-06-03
HUN,ELVI,2222,2,0,0,NA,NA,NA,2,NA,2025-06-03
HUN,ELVI,2223,1,0,1,NA,NA,NA,1,NA,2025-06-03
HUN,ELVI,2994,8,0,1,NA,NA,NA,1,NA,2025-06-03
HUN,ELVI,2996,4,2,1,20,38,NA,3,NA,2025-06-03
HUN,ELVI,2997,2,0,0,NA,NA,NA,2,NA,2025-06-03
HUN,ELVI,2998,3,1,1,35,NA,NA,2,NA,2025-06-03
HUN,ELVI,2999,2,0,0,NA,NA,NA,2,NA,2025-06-03
HUN,ELVI,3000,5,2,1,27,33,NA,4,NA,2025-06-03
HUN,ELVI,2201,10,0,0,NA,NA,NA,4,NA,2025-06-03
HUN,ELVI,2202,3,2,0,13,15,NA,2,NA,2025-06-03
HUN,ELVI,2203,4,0,2,NA,NA,NA,2,NA,2025-06-03
HUN,ELVI,2206,3,0,1,NA,NA,NA,1,NA,2025-06-03
HUN,ELVI,2207,2,0,0,NA,NA,NA,0,NA,2025-06-03
HUN,ELVI,2979,6,0,3,NA,NA,NA,4,NA,2025-06-03
HUN,ELVI,2980,4,0,1,NA,NA,NA,1,NA,2025-06-03
HUN,ELVI,2981,0,NA,NA,NA,NA,NA,NA,NA,2025-06-03
HUN,ELVI,2982,1,0,0,NA,NA,NA,0,NA,2025-06-03
HUN,ELVI,2983,0,NA,NA,NA,NA,NA,NA,NA,2025-06-03
HUN,ELVI,2984,1,0,0,NA,NA,NA,0,NA,2025-06-03
HUN,ELVI,2985,3,0,0,NA,NA,NA,1,NA,2025-06-03
HUN,ELVI,2986,1,0,1,NA,NA,NA,1,NA,2025-06-03
HUN,ELVI,2987,3,0,0,NA,NA,NA,3,NA,2025-06-03
HUN,ELVI,2988,7,0,1,NA,NA,NA,1,NA,2025-06-03
HUN,ELVI,2989,2,0,1,NA,NA,NA,2,NA,2025-06-03
HUN,ELVI,2990,5,0,1,NA,NA,NA,4,NA,2025-06-03
HUN,ELVI,2992,1,0,0,NA,NA,NA,1,NA,2025-06-03
HUN,ELVI,2993,1,0,0,NA,NA,NA,0,NA,2025-06-03
HUN,ELVI,2964,1,0,1,NA,NA,NA,1,NA,2025-06-03
HUN,ELVI,2966,0,NA,NA,NA,NA,NA,NA,NA,2025-06-03
HUN,ELVI,2967,8,0,2,NA,NA,NA,2,NA,2025-06-03
HUN,ELVI,2968,0,NA,NA,NA,NA,NA,NA,NA,2025-06-03
HUN,ELVI,2969,0,NA,NA,NA,NA,NA,NA,NA,2025-06-03
HUN,ELVI,2970,0,NA,NA,NA,NA,NA,NA,NA,2025-06-03
HUN,ELVI,2971,4,0,0,NA,NA,NA,0,NA,2025-06-03
HUN,ELVI,2972,2,0,1,NA,NA,NA,1,NA,2025-06-03
HUN,ELVI,2974,3,0,3,NA,NA,NA,3,NA,2025-06-03
HUN,ELVI,2975,7,0,5,NA,NA,NA,6,NA,2025-06-03
HUN,ELVI,2976,1,0,0,NA,NA,NA,0,NA,2025-06-03
HUN,ELVI,2977,2,0,0,NA,NA,NA,0,NA,2025-06-03
HUN,ELVI,2978,3,0,0,NA,NA,NA,0,NA,2025-06-03
LAF,ELVI,2577,7,0,0,NA,NA,NA,0,NA,2025-06-17
LAF,ELVI,2578,7,7,0,12,18,9,0,NA,2025-06-17
LAF,ELVI,2579,0,NA,NA,NA,NA,NA,NA,NA,2025-06-17
LAF,ELVI,2580,1,0,0,NA,NA,NA,0,NA,2025-06-17
LAF,ELVI,2581,16,6,0,13,7,21,1,NA,2025-06-17
LAF,ELVI,2582,3,0,0,NA,NA,NA,1,NA,2025-06-17
LAF,ELVI,2583,13,6,0,6,12,17,NA,NA,2025-06-17
LAF,ELVI,2584,7,6,0,10,14,15,0,NA,2025-06-17
LAF,ELVI,2585,1,1,0,12,NA,NA,0,NA,2025-06-17
LAF,ELVI,2586,3,1,0,7,NA,NA,0,NA,2025-06-17
LAF,ELVI,2587,4,0,0,NA,NA,NA,0,NA,2025-06-17
LAF,ELVI,2588,6,2,0,5,8,NA,1,NA,2025-06-17
LAF,ELVI,2589,4,0,0,NA,NA,NA,1,NA,2025-06-17
LAF,ELVI,2590,4,0,0,NA,NA,NA,1,NA,2025-06-17
LAF,ELVI,2591,17,11,0,17,15,13,2,NA,2025-06-17
LAF,ELVI,2558,3,1,0,5,NA,NA,1,NA,2025-06-17
LAF,ELVI,2559,0,NA,NA,NA,NA,NA,NA,NA,2025-06-17
LAF,ELVI,2560,0,NA,NA,NA,NA,NA,NA,NA,2025-06-17
LAF,ELVI,2563,0,NA,NA,NA,NA,NA,NA,NA,2025-06-17
LAF,ELVI,2564,0,NA,NA,NA,NA,NA,NA,NA,2025-06-17
LAF,ELVI,2565,3,0,0,NA,NA,NA,3,NA,2025-06-17
LAF,ELVI,2566,2,1,0,5,NA,NA,0,NA,2025-06-17
LAF,ELVI,2567,1,0,0,NA,NA,NA,0,NA,2025-06-17
LAF,ELVI,2568,1,0,1,NA,NA,NA,1,NA,2025-06-17
LAF,ELVI,2569,0,NA,NA,NA,NA,NA,NA,NA,2025-06-17
LAF,ELVI,2570,0,NA,NA,NA,NA,NA,NA,NA,2025-06-17
LAF,ELVI,2571,1,1,0,9,NA,NA,0,NA,2025-06-17
LAF,ELVI,2544,9,3,3,14,7,3,3,NA,2025-06-17
LAF,ELVI,2545,8,7,0,23,17,9,0,NA,2025-06-17
LAF,ELVI,2546,10,7,1,21,12,13,0,NA,2025-06-17
LAF,ELVI,2547,2,0,0,NA,NA,NA,1,NA,2025-06-17
LAF,ELVI,2548,4,0,2,NA,NA,NA,2,NA,2025-06-17
LAF,ELVI,2549,5,0,0,NA,NA,NA,3,NA,2025-06-17
LAF,ELVI,2550,10,8,0,11,11,17,1,NA,2025-06-17
LAF,ELVI,2551,11,5,0,13,9,23,3,NA,2025-06-17
LAF,ELVI,2552,2,0,1,NA,NA,NA,1,NA,2025-06-17
LAF,ELVI,2554,14,8,1,10,13,15,4,NA,2025-06-17
LAF,ELVI,2555,3,2,1,10,6,NA,1,NA,2025-06-17
LAF,ELVI,2557,4,2,0,6,7,NA,NA,NA,2025-06-17
LAF,ELVI,2540,0,NA,NA,NA,NA,NA,NA,NA,2025-06-16
LAF,ELVI,2541,0,NA,NA,NA,NA,NA,NA,NA,2025-06-16
LAF,ELVI,2638,3,2,0,14,12,NA,3,NA,2025-06-16
LAF,ELVI,2640,0,NA,NA,NA,NA,NA,NA,NA,2025-06-16
LAF,ELVI,2645,0,NA,NA,NA,NA,NA,NA,NA,2025-06-16
LAF,ELVI,2646,3,1,0,NA,NA,NA,3,NA,2025-06-16
LAF,ELVI,2634,2,0,0,NA,NA,NA,2,NA,2025-06-16
LAF,ELVI,2615,10,7,0,22,21,23,4,NA,2025-06-16
LAF,ELVI,2616,12,8,0,11,13,9,2,NA,2025-06-16
LAF,ELVI,2617,5,4,0,12,17,3,1,NA,2025-06-16
LAF,ELVI,2618,4,1,1,NA,NA,NA,4,NA,2025-06-16
LAF,ELVI,2619,1,0,0,NA,NA,NA,1,NA,2025-06-16
LAF,ELVI,2620,3,3,0,8,20,NA,2,NA,2025-06-16
LAF,ELVI,2622,6,4,0,16,16,16,6,NA,2025-06-16
LAF,ELVI,2623,2,1,0,25,NA,NA,2,NA,2025-06-16
LAF,ELVI,2624,3,2,0,4,22,NA,3,NA,2025-06-16
LAF,ELVI,2625,8,8,0,23,16,24,6,NA,2025-06-16
LAF,ELVI,2626,11,5,2,13,14,19,5,NA,2025-06-16
LAF,ELVI,2627,9,5,0,12,18,7,6,NA,2025-06-16
LAF,ELVI,2628,4,2,1,16,15,NA,3,NA,2025-06-16
LAF,ELVI,2629,0,NA,NA,NA,NA,NA,NA,NA,2025-06-16
LAF,ELVI,2601,7,5,1,12,15,7,7,NA,2025-06-16
LAF,ELVI,2602,7,5,0,15,19,18,5,NA,2025-06-16
LAF,ELVI,2603,1,1,0,13,NA,NA,0,NA,2025-06-16
LAF,ELVI,2604,1,0,1,NA,NA,NA,1,NA,2025-06-16
LAF,ELVI,2605,5,1,1,19,NA,NA,NA,NA,2025-06-16
LAF,ELVI,2606,8,5,2,17,18,20,6,NA,2025-06-16
LAF,ELVI,2607,1,1,0,5,NA,NA,0,NA,2025-06-16
LAF,ELVI,2608,0,NA,NA,NA,NA,NA,NA,NA,2025-06-16
LAF,ELVI,2609,0,NA,NA,NA,NA,NA,NA,NA,2025-06-16
LAF,ELVI,2610,12,10,0,19,17,22,0,NA,2025-06-16
LAF,ELVI,2611,3,2,0,4,17,NA,0,NA,2025-06-16
LAF,ELVI,2613,9,3,5,11,13,23,5,NA,2025-06-16
LAF,ELVI,2614,4,1,0,NA,NA,NA,2,NA,2025-06-16
SON,ELVI,3224,0,NA,NA,NA,NA,NA,NA,NA,2025-06-12
SON,ELVI,3220,0,NA,NA,NA,NA,NA,NA,NA,2025-06-12
SON,ELVI,3221,0,NA,NA,NA,NA,NA,NA,NA,2025-06-12
SON,ELVI,3222,0,NA,NA,NA,NA,NA,NA,NA,2025-06-12
SON,ELVI,3223,0,NA,NA,NA,NA,NA,NA,NA,2025-06-12
SON,ELVI,3206,0,NA,NA,NA,NA,NA,NA,NA,2025-06-12
SON,ELVI,3207,0,NA,NA,NA,NA,NA,NA,NA,2025-06-12
SON,ELVI,3208,0,NA,NA,NA,NA,NA,NA,NA,2025-06-12
SON,ELVI,3209,0,NA,NA,NA,NA,NA,NA,NA,2025-06-12
SON,ELVI,3215,0,NA,NA,NA,NA,NA,NA,NA,2025-06-12
SON,ELVI,3210,0,NA,NA,NA,NA,NA,NA,NA,2025-06-12
SON,ELVI,3211,0,NA,NA,NA,NA,NA,NA,NA,2025-06-12
SON,ELVI,3212,2,0,0,NA,NA,NA,0,NA,2025-06-12
SON,ELVI,3213,3,0,0,NA,NA,NA,0,NA,2025-06-12
SON,ELVI,3225,0,NA,NA,NA,NA,NA,NA,NA,2025-06-12
SON,ELVI,3200,0,NA,NA,NA,NA,NA,NA,NA,2025-06-12
SON,ELVI,3201,3,0,0,NA,NA,NA,0,NA,2025-06-12
SON,ELVI,3202,1,0,0,NA,NA,NA,1,NA,2025-06-12
SON,ELVI,3204,0,NA,NA,NA,NA,NA,NA,NA,2025-06-12
SON,ELVI,3203,1,0,0,NA,NA,NA,0,NA,2025-06-12
SON,ELVI,2099,2,0,0,NA,NA,NA,0,NA,2025-06-12
SON,ELVI,3205,0,NA,NA,NA,NA,NA,NA,NA,2025-06-12
SON,ELVI,3214,0,NA,NA,NA,NA,NA,NA,NA,2025-06-12
SON,ELVI,3216,0,NA,NA,NA,NA,NA,NA,NA,2025-06-12
SON,ELVI,3218,0,NA,NA,NA,NA,NA,NA,NA,2025-06-12
SON,ELVI,3217,0,NA,NA,NA,NA,NA,NA,NA,2025-06-12
SON,ELVI,3219,0,NA,NA,NA,NA,NA,NA,NA,2025-06-12
KER,ELVI,3235,0,NA,NA,NA,NA,NA,NA,NA,2025-06-13
KER,ELVI,3236,0,NA,NA,NA,NA,NA,NA,NA,2025-06-13
KER,ELVI,3237,0,NA,NA,NA,NA,NA,NA,NA,2025-06-13
KER,ELVI,3238,0,NA,NA,NA,NA,NA,NA,NA,2025-06-13
KER,ELVI,3239,0,NA,NA,NA,NA,NA,NA,NA,2025-06-13
KER,ELVI,3247,0,NA,NA,NA,NA,NA,NA,NA,2025-06-13
KER,ELVI,3248,0,NA,NA,NA,NA,NA,NA,NA,2025-06-13
KER,ELVI,3249,0,NA,NA,NA,NA,NA,NA,NA,2025-06-13
KER,ELVI,3250,0,NA,NA,NA,NA,NA,NA,NA,2025-06-13
KER,ELVI,3251,0,NA,NA,NA,NA,NA,NA,NA,2025-06-13
KER,ELVI,3252,0,NA,NA,NA,NA,NA,NA,NA,2025-06-13
KER,ELVI,3253,1,0,0,NA,NA,NA,0,NA,2025-06-13
KER,ELVI,3256,0,NA,NA,NA,NA,NA,NA,NA,2025-06-13
KER,ELVI,3257,0,NA,NA,NA,NA,NA,NA,NA,2025-06-13
KER,ELVI,3258,0,NA,NA,NA,NA,NA,NA,NA,2025-06-13
KER,ELVI,3254,0,NA,NA,NA,NA,NA,NA,NA,2025-06-13
KER,ELVI,3228,0,NA,NA,NA,NA,NA,NA,NA,2025-06-13
KER,ELVI,3255,0,NA,NA,NA,NA,NA,NA,NA,2025-06-13
KER,ELVI,3240,0,NA,NA,NA,NA,NA,NA,NA,2025-06-13
KER,ELVI,3241,0,NA,NA,NA,NA,NA,NA,NA,2025-06-13
KER,ELVI,3242,0,NA,NA,NA,NA,NA,NA,NA,2025-06-13
KER,ELVI,3243,0,NA,NA,NA,NA,NA,NA,NA,2025-06-13
KER,ELVI,3244,0,NA,NA,NA,NA,NA,NA,NA,2025-06-13
KER,ELVI,3245,0,NA,NA,NA,NA,NA,NA,NA,2025-06-13
KER,ELVI,3246,0,NA,NA,NA,NA,NA,NA,NA,2025-06-13
KER,ELVI,3259,0,NA,NA,NA,NA,NA,NA,NA,2025-06-13
KER,ELVI,3260,0,NA,NA,NA,NA,NA,NA,NA,2025-06-13
KER,ELVI,3261,0,NA,NA,NA,NA,NA,NA,NA,2025-06-13
KER,ELVI,3227,2,0,0,NA,NA,NA,0,NA,2025-06-13
KER,ELVI,3229,0,NA,NA,NA,NA,NA,NA,NA,2025-06-13
KER,ELVI,3230,1,0,0,NA,NA,NA,1,NA,2025-06-13
KER,ELVI,3231,2,0,0,NA,NA,NA,1,NA,2025-06-13
KER,ELVI,3262,0,NA,NA,NA,NA,NA,NA,NA,2025-06-13
KER,ELVI,3263,0,NA,NA,NA,NA,NA,NA,NA,2025-06-13
KER,ELVI,3264,0,NA,NA,NA,NA,NA,NA,NA,2025-06-13
KER,ELVI,3271,0,NA,NA,NA,NA,NA,NA,NA,2025-06-13
KER,ELVI,3269,0,NA,NA,NA,NA,NA,NA,NA,2025-06-13
KER,ELVI,3270,0,NA,NA,NA,NA,NA,NA,NA,2025-06-13
KER,ELVI,3267,0,NA,NA,NA,NA,NA,NA,NA,2025-06-13
KER,ELVI,3266,0,NA,NA,NA,NA,NA,NA,NA,2025-06-13
KER,ELVI,3226,0,NA,NA,NA,NA,NA,NA,NA,2025-06-13
KER,ELVI,3265,1,0,0,NA,NA,NA,0,NA,2025-06-13
KER,ELVI,3268,0,NA,NA,NA,NA,NA,NA,NA,2025-06-13
BFL,ELVI,2663,0,NA,NA,NA,NA,NA,NA,NA,2025-06-10
BFL,ELVI,2671,0,NA,NA,NA,NA,NA,NA,NA,2025-06-10
BFL,ELVI,2690,0,NA,NA,NA,NA,NA,NA,NA,2025-06-10
BFL,ELVI,2458,2,1,0,14,NA,NA,0,NA,2025-06-10
BFL,ELVI,2432,5,0,0,NA,NA,NA,2,NA,2025-06-10
BFL,ELVI,2433,7,6,0,29,35,42,2,NA,2025-06-10
BFL,ELVI,2435,2,0,0,NA,NA,NA,0,NA,2025-06-10
BFL,ELVI,2436,3,1,0,12,NA,NA,0,NA,2025-06-10
BFL,ELVI,2437,18,8,0,21,21,23,0,NA,2025-06-10
BFL,ELVI,2438,,NA,NA,NA,NA,NA,NA,NA,2025-06-10
BFL,ELVI,2442,5,2,0,13,9,NA,0,NA,2025-06-10
BFL,ELVI,2444,1,0,0,NA,NA,NA,0,NA,2025-06-10
BFL,ELVI,2427,3,2,0,14,29,NA,0,NA,2025-06-10
BAS,ELVI,2026,3,0,0,NA,NA,NA,0,NA,2025-06-09
BAS,ELVI,2029,0,NA,NA,NA,NA,NA,NA,NA,2025-06-09
BAS,ELVI,2030,4,0,0,NA,NA,NA,0,NA,2025-06-09
BAS,ELVI,2327,2,0,0,NA,NA,NA,2,NA,2025-06-09
BAS,ELVI,2079,1,0,0,NA,NA,NA,0,NA,2025-06-09
BAS,ELVI,2082,1,0,0,NA,NA,NA,1,NA,2025-06-09
BAS,ELVI,2084,1,0,0,NA,NA,NA,0,NA,2025-06-09
BAS,ELVI,2085,0,NA,NA,NA,NA,NA,NA,NA,2025-06-09
BAS,ELVI,2088,0,NA,NA,NA,NA,NA,NA,NA,2025-06-09
BAS,ELVI,2089,0,NA,NA,NA,NA,NA,NA,NA,2025-06-09
BAS,ELVI,2090,3,0,0,NA,NA,NA,0,NA,2025-06-09
BAS,ELVI,2091,3,0,0,NA,NA,NA,0,NA,2025-06-09
BAS,ELVI,2092,1,0,0,NA,NA,NA,0,NA,2025-06-09
BAS,ELVI,2067,6,0,0,NA,NA,NA,0,NA,2025-06-09
BAS,ELVI,2068,3,0,0,NA,NA,NA,0,NA,2025-06-09
BAS,ELVI,2071,3,0,0,NA,NA,NA,1,NA,2025-06-09
BAS,ELVI,2072,0,NA,NA,NA,NA,NA,NA,NA,2025-06-09
BAS,ELVI,2073,1,0,0,NA,NA,NA,0,NA,2025-06-09
BAS,ELVI,2075,2,0,0,NA,NA,NA,0,NA,2025-06-09
BAS,ELVI,2077,1,0,0,NA,NA,NA,0,NA,2025-06-09
BAS,ELVI,2301,4,0,0,NA,NA,NA,1,NA,2025-06-09
BAS,ELVI,2302,7,4,0,17,10,10,0,NA,2025-06-09
BAS,ELVI,2303,16,0,0,NA,NA,NA,8,NA,2025-06-09
BAS,ELVI,2304,5,4,0,12,13,5,1,NA,2025-06-09
BAS,ELVI,2307,0,NA,NA,NA,NA,NA,NA,NA,2025-06-09
BAS,ELVI,2308,7,0,0,NA,NA,NA,5,NA,2025-06-09
BAS,ELVI,2309,4,4,0,9,13,7,4,NA,2025-06-09
BAS,ELVI,2310,2,0,0,NA,NA,NA,0,NA,2025-06-09
BAS,ELVI,2313,2,1,0,NA,NA,NA,1,NA,2025-06-09