Tag_ID,Tiller_24,attachedInf_24,brokenInf_24,Spikelet_A,Spikelet_B,Spikelet_C,tiller_herb_24,date_24,stroma
562,0,NA,NA,NA,NA,NA,NA,5/6/24,0
563,0,NA,NA,NA,NA,NA,NA,5/6/24,0
564,0,NA,NA,NA,NA,NA,NA,5/6/24,0
565,28,0,9,NA,NA,NA,0,5/6/24,0
566,0,NA,NA,NA,NA,NA,NA,5/6/24,0
567,0,NA,NA,NA,NA,NA,NA,5/6/24,0
568,0,NA,NA,NA,NA,NA,NA,5/6/24,0
569,8,0,3,NA,NA,NA,0,5/6/24,0
570,0,NA,NA,NA,NA,NA,NA,5/6/24,0
571,0,NA,NA,NA,NA,NA,NA,5/6/24,0
572,0,NA,NA,NA,NA,NA,NA,5/6/24,0
573,7,0,4,NA,NA,NA,1,5/6/24,0
574,0,NA,NA,NA,NA,NA,NA,5/6/24,0
575,0,NA,NA,NA,NA,NA,NA,5/6/24,0
576,4,0,4,NA,NA,NA,1,5/6/24,0
577,4,0,3,NA,NA,NA,0,5/6/24,1
578,0,NA,NA,NA,NA,NA,NA,5/6/24,0
579,0,NA,NA,NA,NA,NA,NA,5/6/24,0
580,0,NA,NA,NA,NA,NA,NA,5/6/24,0
581,2,0,0,NA,NA,NA,0,5/6/24,0
582,0,NA,NA,NA,NA,NA,NA,5/6/24,0
583,9,0,0,NA,NA,NA,0,5/6/24,0
584,0,NA,NA,NA,NA,NA,NA,5/6/24,0
585,0,NA,NA,NA,NA,NA,NA,5/6/24,0
586,0,NA,NA,NA,NA,NA,NA,5/6/24,0
587,0,NA,NA,NA,NA,NA,NA,5/6/24,0
588,4,0,0,NA,NA,NA,0,5/6/24,0
589,0,NA,NA,NA,NA,NA,NA,5/6/24,0
590,3,0,1,NA,NA,NA,0,5/6/24,0
591,0,NA,NA,NA,NA,NA,NA,5/6/24,0
701,0,NA,NA,NA,NA,NA,NA,5/6/24,0
702,8,1,6,NA,NA,NA,0,5/6/24,0
703,0,NA,NA,NA,NA,NA,NA,5/6/24,0
704,0,NA,NA,NA,NA,NA,NA,5/6/24,0
705,23,2,14,NA,NA,NA,0,5/6/24,0
706,27,1,26,NA,NA,NA,0,5/6/24,1
707,8,0,1,NA,NA,NA,1,5/6/24,0
708,0,NA,NA,NA,NA,NA,NA,5/6/24,0
709,31,0,24,NA,NA,NA,0,5/6/24,0
710,26,0,22,NA,NA,NA,0,5/6/24,0
711,32,0,19,NA,NA,NA,0,5/6/24,1
712,0,NA,NA,NA,NA,NA,NA,5/6/24,0
713,17,0,14,NA,NA,NA,0,5/6/24,0
714,17,1,15,NA,NA,NA,0,5/6/24,0
715,55,0,36,NA,NA,NA,0,5/6/24,1
716,0,NA,NA,NA,NA,NA,NA,5/6/24,0
717,0,NA,NA,NA,NA,NA,NA,5/6/24,0
718,0,NA,NA,NA,NA,NA,NA,5/6/24,0
719,0,NA,NA,NA,NA,NA,NA,5/6/24,0
720,30,4,22,NA,NA,NA,0,5/6/24,0
721,17,0,13,NA,NA,NA,0,5/6/24,0
722,1,1,0,NA,NA,NA,0,5/6/24,0
723,4,0,3,NA,NA,NA,0,5/6/24,0
724,6,1,4,NA,NA,NA,0,5/6/24,0
725,0,NA,NA,NA,NA,NA,NA,5/6/24,0
726,0,NA,NA,NA,NA,NA,NA,5/6/24,0
727,5,0,5,NA,NA,NA,0,5/6/24,0
728,13,2,8,NA,NA,NA,0,5/6/24,0
729,0,NA,NA,NA,NA,NA,NA,5/6/24,0
730,8,0,5,NA,NA,NA,0,5/6/24,0
690,18,1,15,NA,NA,NA,0,5/6/24,0
691,19,0,12,NA,NA,NA,0,5/6/24,0
692,2,0,1,NA,NA,NA,0,5/6/24,0
693,0,NA,NA,NA,NA,NA,NA,5/6/24,0
694,8,0,5,NA,NA,NA,0,5/6/24,0
695,22,2,15,NA,NA,NA,0,5/6/24,0
696,0,NA,NA,NA,NA,NA,NA,5/6/24,0
697,22,2,18,NA,NA,NA,0,5/6/24,0
698,14,2,10,NA,NA,NA,7,5/6/24,0
699,0,NA,NA,NA,NA,NA,NA,5/6/24,0
700,6,2,4,NA,NA,NA,0,5/6/24,0
512,0,NA,NA,NA,NA,NA,NA,5/6/24,0
592,15,3,5,NA,NA,NA,0,5/6/24,0
600,10,0,9,NA,NA,NA,0,5/6/24,0
599,0,NA,NA,NA,NA,NA,NA,5/6/24,0
675,2,0,1,NA,NA,NA,1,5/6/24,0
676,15,1,12,NA,NA,NA,0,5/6/24,0
677,0,NA,NA,NA,NA,NA,NA,5/6/24,0
678,0,NA,NA,NA,NA,NA,NA,5/6/24,0
679,0,NA,NA,NA,NA,NA,NA,5/6/24,0
680,5,1,1,NA,NA,NA,1,5/6/24,0
681,0,NA,NA,NA,NA,NA,NA,5/6/24,0
682,16,1,14,NA,NA,NA,1,5/6/24,0
683,20,0,14,NA,NA,NA,1,5/6/24,0
684,23,1,14,NA,NA,NA,1,5/6/24,0
685,11,1,10,NA,NA,NA,0,5/6/24,0
686,0,NA,NA,NA,NA,NA,NA,5/6/24,0
687,6,1,4,NA,NA,NA,0,5/6/24,0
688,39,0,37,NA,NA,NA,2,5/6/24,0
689,15,1,6,NA,NA,NA,0,5/6/24,0
660,49,0,28,NA,NA,NA,0,5/6/24,0
661,5,0,2,NA,NA,NA,0,5/6/24,0
662,8,0,8,NA,NA,NA,0,5/6/24,0
663,0,NA,NA,NA,NA,NA,NA,5/6/24,0
664,14,1,7,NA,NA,NA,0,5/6/24,0
665,0,NA,NA,NA,NA,NA,NA,5/6/24,0
666,25,0,18,NA,NA,NA,0,5/6/24,0
667,24,2,11,NA,NA,NA,0,5/6/24,0
668,3,0,0,NA,NA,NA,1,5/6/24,0
669,41,0,14,NA,NA,NA,0,5/6/24,0
670,23,0,14,NA,NA,NA,0,5/6/24,0
671,0,NA,NA,NA,NA,NA,NA,5/6/24,0
672,3,0,0,NA,NA,NA,0,5/6/24,0
673,24,11,1,NA,NA,NA,0,5/6/24,0
674,37,8,7,NA,NA,NA,0,5/6/24,0
645,7,1,3,NA,NA,NA,0,5/6/24,0
646,0,NA,NA,NA,NA,NA,NA,5/6/24,0
647,13,0,5,NA,NA,NA,0,5/6/24,0
648,5,0,3,NA,NA,NA,0,5/6/24,0
649,20,0,18,NA,NA,NA,0,5/6/24,0
650,5,0,0,NA,NA,NA,0,5/6/24,0
651,3,0,3,NA,NA,NA,0,5/6/24,0
652,11,1,4,NA,NA,NA,0,5/6/24,0
653,0,NA,NA,NA,NA,NA,NA,5/6/24,0
654,0,NA,NA,NA,NA,NA,NA,5/6/24,0
655,10,0,4,NA,NA,NA,0,5/6/24,0
656,8,0,4,NA,NA,NA,0,5/6/24,0
657,9,7,1,NA,NA,NA,0,5/6/24,1
658,25,1,15,NA,NA,NA,0,5/6/24,0
659,19,0,5,NA,NA,NA,0,5/6/24,0
501,0,NA,NA,NA,NA,NA,NA,4/30/24,0
502,9,1,0,10,NA,NA,5,4/30/24,0
503,0,NA,NA,NA,NA,NA,NA,4/30/24,0
504,1,0,0,NA,NA,NA,0,4/30/24,0
505,35,7,0,46,37,43,9,4/30/24,0
506,54,3,0,31,36,19,19,4/30/24,0
507,3,0,0,NA,NA,NA,1,4/30/24,0
508,47,6,0,22,19,15,21,4/30/24,0
509,2,0,0,NA,NA,NA,0,4/30/24,0
510,0,NA,NA,NA,NA,NA,NA,4/30/24,0
511,1,0,0,NA,NA,NA,0,4/30/24,0
513,3,1,0,19,NA,NA,3,4/30/24,0
514,3,0,0,NA,NA,NA,0,4/30/24,0
515,0,NA,NA,NA,NA,NA,NA,4/30/24,0
516,2,0,0,NA,NA,NA,1,4/30/24,0
601,1,0,0,NA,NA,NA,1,4/30/24,0
602,0,NA,NA,NA,NA,NA,NA,4/30/24,0
603,0,NA,NA,NA,NA,NA,NA,4/30/24,0
604,0,NA,NA,NA,NA,NA,NA,4/30/24,0
605,1,0,0,NA,NA,NA,0,4/30/24,0
606,0,NA,NA,NA,NA,NA,NA,4/30/24,0
607,3,0,0,NA,NA,NA,0,4/30/24,0
608,0,NA,NA,NA,NA,NA,NA,4/30/24,0
609,0,NA,NA,NA,NA,NA,NA,4/30/24,0
610,1,0,0,NA,NA,NA,1,4/30/24,0
611,18,7,0,21,27,36,15,4/30/24,0
612,0,NA,NA,NA,NA,NA,NA,4/30/24,0
613,0,NA,NA,NA,NA,NA,NA,4/30/24,0
614,0,NA,NA,NA,NA,NA,NA,4/30/24,0
615,31,8,2,30,34,18,8,4/30/24,0
616,23,2,0,15,18,NA,2,4/30/24,0
617,1,1,0,28,NA,NA,1,4/30/24,0
618,5,1,0,36,NA,NA,3,4/30/24,0
619,40,8,1,23,32,17,1,4/30/24,0
620,9,3,0,25,31,18,2,4/30/24,0
621,0,NA,NA,NA,NA,NA,NA,4/30/24,0
622,21,4,0,36,27,48,6,4/30/24,0
623,3,2,0,21,7,NA,2,4/30/24,0
624,16,3,1,23,15,47,7,4/30/24,0
625,5,0,0,NA,NA,NA,3,4/30/24,0
626,16,5,0,31,19,28,3,4/30/24,0
627,7,2,0,13,12,NA,2,4/30/24,0
628,8,3,0,38,33,24,4,4/30/24,0
629,50,21,0,55,37,53,8,4/30/24,0
517,0,NA,NA,NA,NA,NA,NA,4/30/24,0
518,0,NA,NA,NA,NA,NA,NA,4/30/24,0
519,5,0,0,NA,NA,NA,2,4/30/24,0
520,1,0,0,NA,NA,NA,1,4/30/24,0
521,0,NA,NA,NA,NA,NA,NA,4/30/24,0
522,0,NA,NA,NA,NA,NA,NA,4/30/24,0
523,1,0,0,NA,NA,NA,1,4/30/24,0
524,0,NA,NA,NA,NA,NA,NA,4/30/24,0
525,0,NA,NA,NA,NA,NA,NA,4/30/24,0
526,3,0,0,NA,NA,NA,1,4/30/24,0
527,0,NA,NA,NA,NA,NA,NA,4/30/24,0
528,8,0,0,NA,NA,NA,3,4/30/24,0
529,0,NA,NA,NA,NA,NA,NA,4/30/24,0
530,0,NA,NA,NA,NA,NA,NA,4/30/24,0
531,0,NA,NA,NA,NA,NA,NA,4/30/24,0
532,1,0,0,NA,NA,NA,1,4/30/24,0
533,1,0,0,NA,NA,NA,1,4/30/24,0
534,3,0,0,NA,NA,NA,1,4/30/24,0
535,1,0,0,NA,NA,NA,0,4/30/24,0
536,2,0,0,NA,NA,NA,2,4/30/24,0
537,0,NA,NA,NA,NA,NA,NA,4/30/24,0
538,3,0,0,NA,NA,NA,2,4/30/24,0
539,0,NA,NA,NA,NA,NA,NA,4/30/24,0
540,0,NA,NA,NA,NA,NA,NA,4/30/24,0
541,0,NA,NA,NA,NA,NA,NA,4/30/24,0
542,0,NA,NA,NA,NA,NA,NA,4/30/24,0
543,10,0,0,NA,NA,NA,7,4/30/24,0
544,4,0,0,NA,NA,NA,4,4/30/24,0
545,9,0,0,NA,NA,NA,5,4/30/24,0
546,0,NA,NA,NA,NA,NA,NA,4/30/24,0
547,0,NA,NA,NA,NA,NA,NA,4/30/24,0
548,0,NA,NA,NA,NA,NA,NA,4/30/24,0
549,1,0,0,NA,NA,NA,1,4/30/24,0
550,0,NA,NA,NA,NA,NA,NA,4/30/24,0
551,0,NA,NA,NA,NA,NA,NA,4/30/24,0
552,0,NA,NA,NA,NA,NA,NA,4/30/24,0
553,0,NA,NA,NA,NA,NA,NA,4/30/24,0
554,0,NA,NA,NA,NA,NA,NA,4/30/24,0
555,0,NA,NA,NA,NA,NA,NA,4/30/24,0
556,0,NA,NA,NA,NA,NA,NA,4/30/24,0
557,0,NA,NA,NA,NA,NA,NA,4/30/24,0
558,1,0,0,NA,NA,NA,1,4/30/24,0
559,0,NA,NA,NA,NA,NA,NA,4/30/24,0
560,0,NA,NA,NA,NA,NA,NA,4/30/24,0
561,0,NA,NA,NA,NA,NA,NA,4/30/24,0
630,4,0,0,NA,NA,NA,2,4/30/24,0
631,1,0,0,NA,NA,NA,1,4/30/24,0
632,0,NA,NA,NA,NA,NA,NA,4/30/24,0
633,0,NA,NA,NA,NA,NA,NA,4/30/24,0
634,0,NA,NA,NA,NA,NA,NA,4/30/24,0
635,10,NA,NA,NA,NA,NA,7,4/30/24,0
636,0,NA,NA,NA,NA,NA,NA,4/30/24,0
637,0,NA,NA,NA,NA,NA,NA,4/30/24,0
638,0,NA,NA,NA,NA,NA,NA,4/30/24,0
639,0,NA,NA,NA,NA,NA,NA,4/30/24,0
640,1,0,0,NA,NA,NA,0,4/30/24,0
641,0,NA,NA,NA,NA,NA,NA,4/30/24,0
642,0,NA,NA,NA,NA,NA,NA,4/30/24,0
643,1,0,0,NA,NA,NA,1,4/30/24,0
644,0,NA,NA,NA,NA,NA,NA,4/30/24,0
2284,10,0,0,NA,NA,NA,1,4/30/24,0
2285,14,0,0,NA,NA,NA,0,4/30/24,0
2286,8,2,0,25,37,NA,2,4/30/24,0
2287,10,0,0,NA,NA,NA,3,4/30/24,0
2288,10,0,0,NA,NA,NA,0,4/30/24,0
2289,14,0,0,NA,NA,NA,1,4/30/24,0
2290,16,0,0,NA,NA,NA,0,4/30/24,0
2291,8,0,0,NA,NA,NA,0,4/30/24,0
2292,17,0,0,NA,NA,NA,0,4/30/24,0
2293,8,0,0,NA,NA,NA,2,4/30/24,0
2294,10,0,0,NA,NA,NA,1,4/30/24,0
2295,4,0,0,NA,NA,NA,0,4/30/24,0
2296,18,0,0,NA,NA,NA,3,4/30/24,0
2297,23,0,0,NA,NA,NA,0,4/30/24,0
2298,7,0,0,NA,NA,NA,0,4/30/24,0
2101,0,NA,NA,NA,NA,NA,NA,6/4/24,0
2102,0,NA,NA,NA,NA,NA,NA,6/4/24,0
2103,0,NA,NA,NA,NA,NA,NA,6/4/24,0
2104,0,NA,NA,NA,NA,NA,NA,6/4/24,0
2105,0,NA,NA,NA,NA,NA,NA,6/4/24,0
2106,0,NA,NA,NA,NA,NA,NA,6/4/24,0
2107,0,NA,NA,NA,NA,NA,NA,6/4/24,0
2108,0,NA,NA,NA,NA,NA,NA,6/4/24,0
2109,0,NA,NA,NA,NA,NA,NA,6/4/24,0
2110,0,NA,NA,NA,NA,NA,NA,6/4/24,0
2111,0,NA,NA,NA,NA,NA,NA,6/4/24,0
2112,0,NA,NA,NA,NA,NA,NA,6/4/24,0
2113,0,NA,NA,NA,NA,NA,NA,6/4/24,0
2114,0,NA,NA,NA,NA,NA,NA,6/4/24,0
2115,0,NA,NA,NA,NA,NA,NA,6/4/24,0
2116,0,NA,NA,NA,NA,NA,NA,6/4/24,0
2117,0,NA,NA,NA,NA,NA,NA,6/4/24,0
2118,1,1,0,64,NA,NA,0,6/4/24,0
2119,3,2,0,35,29,NA,1,6/4/24,0
2120,0,NA,NA,NA,NA,NA,NA,6/4/24,0
2121,1,1,0,31,NA,NA,0,6/4/24,0
2122,2,0,0,NA,NA,NA,0,6/4/24,0
2123,4,0,0,NA,NA,NA,0,6/4/24,0
2124,3,2,0,71,49,NA,2,6/4/24,0
2125,1,0,0,NA,NA,NA,0,6/4/24,0
2126,7,5,0,16,11,12,0,6/4/24,0
2127,1,1,30,NA,NA,NA,1,6/4/24,0
2128,4,4,0,39,26,15,1,6/4/24,0
2129,4,4,0,27,28,15,1,6/4/24,0
2130,8,6,0,12,11,15,0,6/4/24,0
2131,7,6,0,11,5,15,6,6/4/24,0
2132,3,0,3,NA,NA,NA,3,6/4/24,0
2133,5,2,0,17,17,NA,4,6/4/24,0
2134,3,0,2,NA,NA,NA,2,6/4/24,0
2135,8,1,5,9,NA,NA,5,6/4/24,0
2136,15,0,1,NA,NA,NA,4,6/4/24,0
2137,5,0,5,NA,NA,NA,3,6/4/24,0
2138,2,1,0,67,NA,NA,2,6/4/24,0
2139,2,1,1,37,NA,NA,1,6/4/24,0
2140,9,5,0,27,23,29,0,6/4/24,0
2141,4,0,1,NA,NA,NA,1,6/4/24,0
2142,3,3,0,24,25,29,2,6/4/24,0
2143,1,1,0,29,NA,NA,0,6/4/24,0
2144,1,1,0,17,NA,NA,0,6/4/24,0
2145,3,3,0,21,21,29,0,6/4/24,0
2146,5,3,0,17,13,13,0,6/4/24,0
2147,5,0,5,NA,NA,NA,5,6/4/24,0
2148,4,3,1,14,13,25,1,6/4/24,0
2149,2,0,0,NA,NA,NA,0,6/4/24,0
2150,8,7,1,46,33,45,3,6/4/24,0
2151,3,2,1,33,21,NA,2,6/4/24,0
2152,3,0,1,NA,NA,NA,0,6/4/24,0
2153,4,1,0,23,NA,NA,1,6/4/24,0
2154,3,2,0,21,NA,NA,0,6/4/24,0
2155,3,1,2,60,NA,NA,2,6/4/24,0
2156,5,1,2,23,NA,NA,2,6/4/24,0
2157,3,3,0,27,21,23,2,6/4/24,0
2158,3,2,0,7,11,NA,0,6/4/24,0
2159,7,0,4,NA,NA,NA,4,6/4/24,0
2160,4,2,2,21,23,NA,0,6/4/24,0
2209,4,4,0,17,18,14,1,6/4/24,0
2210,0,NA,NA,NA,NA,NA,NA,6/4/24,0
2211,7,2,0,15,19,NA,4,6/4/24,0
2212,4,2,0,19,23,NA,2,6/4/24,0
2213,3,2,0,17,13,NA,2,6/4/24,0
2214,2,2,0,15,19,NA,1,6/4/24,0
2215,7,3,0,45,38,22,2,6/4/24,0
2216,2,2,0,19,19,NA,2,6/4/24,0
2217,6,4,0,19,27,NA,2,6/4/24,0
2218,2,2,0,47,49,NA,1,6/4/24,0
2219,1,0,0,NA,NA,NA,0,6/4/24,0
2220,2,2,0,27,28,NA,2,6/4/24,0
2221,5,5,0,35,25,21,1,6/4/24,0
2222,2,2,0,23,13,NA,0,6/4/24,0
2223,3,2,1,17,30,NA,2,6/4/24,0
2994,4,2,0,11,21,NA,0,6/4/24,0
2995,0,NA,NA,NA,NA,NA,NA,6/4/24,0
2996,7,6,0,56,53,10,0,6/4/24,0
2997,4,0,1,NA,NA,NA,NA,6/4/24,0
2998,4,1,0,13,NA,NA,0,6/4/24,0
2999,2,0,0,NA,NA,NA,0,6/4/24,0
3000,3,3,0,47,61,59,0,6/4/24,0
2201,6,5,0,17,27,12,0,6/4/24,0
2202,2,1,1,22,NA,NA,1,6/4/24,0
2203,4,1,0,17,NA,NA,0,6/4/24,0
2204,0,NA,NA,NA,NA,NA,NA,6/4/24,0
2205,0,NA,NA,NA,NA,NA,NA,6/4/24,0
2206,3,0,1,NA,NA,NA,1,6/4/24,0
2207,4,2,1,29,13,NA,1,6/4/24,0
2208,0,NA,NA,NA,NA,NA,NA,6/4/24,0
2979,2,2,0,31,23,NA,0,6/4/24,0
2980,4,4,0,23,19,13,0,6/4/24,0
2981,1,1,0,27,NA,NA,0,6/4/24,0
2982,2,0,0,NA,NA,NA,1,6/4/24,0
2983,8,0,0,NA,NA,NA,0,6/4/24,0
2984,3,1,0,17,NA,NA,1,6/4/24,0
2985,1,1,0,29,NA,NA,0,6/4/24,0
2986,2,2,0,51,42,NA,0,6/4/24,0
2987,6,2,1,15,13,NA,2,6/4/24,0
2988,5,0,0,NA,NA,NA,3,6/4/24,0
2989,2,1,0,53,NA,NA,1,6/4/24,0
2990,4,1,0,15,NA,NA,1,6/4/24,0
2991,0,NA,NA,NA,NA,NA,NA,6/4/24,0
2992,1,1,0,15,NA,NA,1,6/4/24,0
2993,13,0,0,NA,NA,NA,3,6/4/24,0
2964,2,2,0,37,42,NA,0,6/4/24,0
2965,0,NA,NA,NA,NA,NA,NA,6/4/24,0
2966,4,3,0,16,15,12,0,6/4/24,0
2967,13,4,5,29,30,16,5,6/4/24,0
2968,2,0,0,NA,NA,NA,0,6/4/24,0
2969,4,0,0,NA,NA,NA,1,6/4/24,0
2970,9,1,0,5,NA,NA,0,6/4/24,0
2971,8,6,0,11,15,21,0,6/4/24,0
2972,1,1,0,21,NA,NA,0,6/4/24,0
2973,0,NA,NA,NA,NA,NA,NA,6/4/24,0
2974,2,2,0,32,23,NA,0,6/4/24,0
2975,5,4,0,25,29,30,0,6/4/24,0
2976,1,1,0,8,NA,NA,0,6/4/24,0
2977,1,1,0,21,NA,NA,0,6/4/24,0
2978,4,2,0,19,21,NA,1,6/4/24,0
316,0,NA,NA,NA,NA,NA,NA,5/10/24,0
317,0,NA,NA,NA,NA,NA,NA,5/10/24,0
318,0,NA,NA,NA,NA,NA,NA,5/10/24,0
319,0,NA,NA,NA,NA,NA,NA,5/10/24,0
320,0,NA,NA,NA,NA,NA,NA,5/10/24,0
321,3,0,1,NA,NA,NA,0,5/10/24,0
322,0,NA,NA,NA,NA,NA,NA,5/10/24,0
323,8,0,6,NA,NA,NA,0,5/10/24,1
324,0,NA,NA,NA,NA,NA,NA,5/10/24,0
325,0,NA,NA,NA,NA,NA,NA,5/10/24,0
326,0,NA,NA,NA,NA,NA,NA,5/10/24,0
327,3,0,3,NA,NA,NA,0,5/10/24,0
328,0,NA,NA,NA,NA,NA,NA,5/10/24,0
329,0,NA,NA,NA,NA,NA,NA,5/10/24,0
330,0,NA,NA,NA,NA,NA,NA,5/10/24,0
234,0,NA,NA,NA,NA,NA,NA,5/10/24,0
235,0,NA,NA,NA,NA,NA,NA,5/10/24,0
236,8,1,0,NA,NA,NA,0,5/10/24,0
237,7,0,0,NA,NA,NA,0,5/10/24,0
238,0,NA,NA,NA,NA,NA,NA,5/10/24,0
239,3,0,0,NA,NA,NA,0,5/10/24,0
240,5,0,0,NA,NA,NA,0,5/10/24,0
241,8,1,0,NA,NA,NA,0,5/10/24,0
242,3,0,0,NA,NA,NA,0,5/10/24,0
243,12,1,1,NA,NA,NA,0,5/10/24,0
244,2,0,0,NA,NA,NA,0,5/10/24,0
245,9,0,2,NA,NA,NA,0,5/10/24,0
246,20,0,4,NA,NA,NA,0,5/10/24,0
247,13,3,2,NA,NA,NA,0,5/10/24,0
248,11,3,0,NA,NA,NA,0,5/10/24,0
249,0,NA,NA,NA,NA,NA,NA,5/10/24,0
250,0,NA,NA,NA,NA,NA,NA,5/10/24,0
251,0,NA,NA,NA,NA,NA,NA,5/10/24,0
252,0,NA,NA,NA,NA,NA,NA,5/10/24,0
253,0,NA,NA,NA,NA,NA,NA,5/10/24,0
254,0,NA,NA,NA,NA,NA,NA,5/10/24,0
255,0,NA,NA,NA,NA,NA,NA,5/10/24,0
256,0,NA,NA,NA,NA,NA,NA,5/10/24,0
257,0,NA,NA,NA,NA,NA,NA,5/10/24,0
258,0,NA,NA,NA,NA,NA,NA,5/10/24,0
259,1,0,1,NA,NA,NA,0,5/10/24,0
260,0,NA,NA,NA,NA,NA,NA,5/10/24,0
261,0,NA,NA,NA,NA,NA,NA,5/10/24,0
262,0,NA,NA,NA,NA,NA,NA,5/10/24,0
263,0,NA,NA,NA,NA,NA,NA,5/10/24,0
301,0,NA,NA,NA,NA,NA,NA,5/10/24,0
302,0,NA,NA,NA,NA,NA,NA,5/10/24,0
303,0,NA,NA,NA,NA,NA,NA,5/10/24,0
304,0,NA,NA,NA,NA,NA,NA,5/10/24,0
305,0,NA,NA,NA,NA,NA,NA,5/10/24,0
306,0,NA,NA,NA,NA,NA,NA,5/10/24,0
307,0,NA,NA,NA,NA,NA,NA,5/10/24,0
308,0,NA,NA,NA,NA,NA,NA,5/10/24,0
309,0,NA,NA,NA,NA,NA,NA,5/10/24,0
310,0,NA,NA,NA,NA,NA,NA,5/10/24,0
311,0,NA,NA,NA,NA,NA,NA,5/10/24,0
312,0,NA,NA,NA,NA,NA,NA,5/10/24,0
313,0,NA,NA,NA,NA,NA,NA,5/10/24,0
314,0,NA,NA,NA,NA,NA,NA,5/10/24,0
315,0,NA,NA,NA,NA,NA,NA,5/10/24,0
404,0,NA,NA,NA,NA,NA,NA,5/10/24,0
405,0,NA,NA,NA,NA,NA,NA,5/10/24,0
406,0,NA,NA,NA,NA,NA,NA,5/10/24,0
407,0,NA,NA,NA,NA,NA,NA,5/10/24,0
408,5,0,2,NA,NA,NA,0,5/10/24,0
409,8,0,3,NA,NA,NA,0,5/10/24,0
410,4,0,0,NA,NA,NA,0,5/10/24,0
411,0,NA,NA,NA,NA,NA,NA,5/10/24,0
412,7,0,5,NA,NA,NA,0,5/10/24,0
413,0,NA,NA,NA,NA,NA,NA,5/10/24,0
414,0,NA,NA,NA,NA,NA,NA,5/10/24,0
415,0,NA,NA,NA,NA,NA,NA,5/10/24,0
416,0,NA,NA,NA,NA,NA,NA,5/10/24,0
417,5,0,3,NA,NA,NA,0,5/10/24,0
418,0,NA,NA,NA,NA,NA,NA,5/10/24,0
374,1,0,0,NA,NA,NA,0,5/10/24,0
375,0,NA,NA,NA,NA,NA,NA,5/10/24,0
376,6,2,1,NA,NA,NA,0,5/10/24,0
377,0,NA,NA,NA,NA,NA,NA,5/10/24,0
378,4,0,0,NA,NA,NA,0,5/10/24,0
379,0,NA,NA,NA,NA,NA,NA,5/10/24,0
380,0,NA,NA,NA,NA,NA,NA,5/10/24,0
381,0,NA,NA,NA,NA,NA,NA,5/10/24,0
382,0,NA,NA,NA,NA,NA,NA,5/10/24,0
383,5,0,1,NA,NA,NA,0,5/10/24,0
384,0,NA,NA,NA,NA,NA,NA,5/10/24,0
385,0,NA,NA,NA,NA,NA,NA,5/10/24,0
386,0,NA,NA,NA,NA,NA,NA,5/10/24,0
387,0,NA,NA,NA,NA,NA,NA,5/10/24,0
388,0,NA,NA,NA,NA,NA,NA,5/10/24,0
331,0,NA,NA,NA,NA,NA,NA,5/10/24,0
332,0,NA,NA,NA,NA,NA,NA,5/10/24,0
333,0,NA,NA,NA,NA,NA,NA,5/10/24,0
334,11,0,5,NA,NA,NA,3,5/10/24,0
335,0,NA,NA,NA,NA,NA,NA,5/10/24,0
336,0,NA,NA,NA,NA,NA,NA,5/10/24,0
337,0,NA,NA,NA,NA,NA,NA,5/10/24,0
338,0,NA,NA,NA,NA,NA,NA,5/10/24,0
339,0,NA,NA,NA,NA,NA,NA,5/10/24,0
340,0,NA,NA,NA,NA,NA,NA,5/10/24,0
341,0,NA,NA,NA,NA,NA,NA,5/10/24,0
342,0,NA,NA,NA,NA,NA,NA,5/10/24,0
343,0,NA,NA,NA,NA,NA,NA,5/10/24,0
359,0,NA,NA,NA,NA,NA,NA,5/10/24,0
360,0,NA,NA,NA,NA,NA,NA,5/10/24,0
361,0,NA,NA,NA,NA,NA,NA,5/10/24,0
362,0,NA,NA,NA,NA,NA,NA,5/10/24,0
363,0,NA,NA,NA,NA,NA,NA,5/10/24,0
364,5,1,0,NA,NA,NA,0,5/10/24,0
365,0,NA,NA,NA,NA,NA,NA,5/10/24,0
366,0,NA,NA,NA,NA,NA,NA,5/10/24,0
367,12,0,1,NA,NA,NA,0,5/10/24,0
368,0,NA,NA,NA,NA,NA,NA,5/10/24,0
369,0,NA,NA,NA,NA,NA,NA,5/10/24,0
370,0,NA,NA,NA,NA,NA,NA,5/10/24,0
371,0,NA,NA,NA,NA,NA,NA,5/10/24,0
372,0,NA,NA,NA,NA,NA,NA,5/10/24,0
373,0,NA,NA,NA,NA,NA,NA,5/10/24,0
264,0,NA,NA,NA,NA,NA,NA,5/20/24,0
265,0,NA,NA,NA,NA,NA,NA,5/20/24,0
266,0,NA,NA,NA,NA,NA,NA,5/20/24,0
267,0,NA,NA,NA,NA,NA,NA,5/20/24,0
268,0,NA,NA,NA,NA,NA,NA,5/20/24,0
269,0,NA,NA,NA,NA,NA,NA,5/20/24,0
270,0,NA,NA,NA,NA,NA,NA,5/20/24,0
271,0,NA,NA,NA,NA,NA,NA,5/20/24,0
272,0,NA,NA,NA,NA,NA,NA,5/20/24,0
273,0,NA,NA,NA,NA,NA,NA,5/20/24,0
274,0,NA,NA,NA,NA,NA,NA,5/20/24,0
275,0,NA,NA,NA,NA,NA,NA,5/20/24,0
276,0,NA,NA,NA,NA,NA,NA,5/20/24,0
277,0,NA,NA,NA,NA,NA,NA,5/20/24,0
278,0,NA,NA,NA,NA,NA,NA,5/20/24,0
279,0,NA,NA,NA,NA,NA,NA,5/20/24,0
280,2,0,0,NA,NA,NA,0,5/20/24,0
281,0,NA,NA,NA,NA,NA,NA,5/20/24,0
282,0,NA,NA,NA,NA,NA,NA,5/20/24,0
283,5,0,0,NA,NA,NA,0,5/20/24,0
284,3,0,0,NA,NA,NA,0,5/20/24,0
285,0,NA,NA,NA,NA,NA,NA,5/20/24,0
286,1,0,0,NA,NA,NA,0,5/20/24,0
287,2,0,0,NA,NA,NA,0,5/20/24,0
288,1,0,0,NA,NA,NA,0,5/20/24,0
289,1,0,0,NA,NA,NA,0,5/20/24,0
290,1,0,0,NA,NA,NA,0,5/20/24,0
291,2,0,0,NA,NA,NA,0,5/20/24,0
292,0,NA,NA,NA,NA,NA,NA,5/20/24,0
293,1,0,0,NA,NA,NA,0,5/20/24,0
463,0,NA,NA,NA,NA,NA,NA,5/20/24,0
464,0,NA,NA,NA,NA,NA,NA,5/20/24,0
465,0,NA,NA,NA,NA,NA,NA,5/20/24,0
466,0,NA,NA,NA,NA,NA,NA,5/20/24,0
467,0,NA,NA,NA,NA,NA,NA,5/20/24,0
468,0,NA,NA,NA,NA,NA,NA,5/20/24,0
469,3,0,0,NA,NA,NA,0,5/20/24,0
470,0,NA,NA,NA,NA,NA,NA,5/20/24,0
471,1,0,0,NA,NA,NA,0,5/20/24,0
472,0,NA,NA,NA,NA,NA,NA,5/20/24,0
473,0,NA,NA,NA,NA,NA,NA,5/20/24,0
474,0,NA,NA,NA,NA,NA,NA,5/20/24,0
475,4,0,0,NA,NA,NA,0,5/20/24,0
476,0,NA,NA,NA,NA,NA,NA,5/20/24,0
477,0,NA,NA,NA,NA,NA,NA,5/20/24,0
389,0,NA,NA,NA,NA,NA,NA,5/20/24,0
390,0,NA,NA,NA,NA,NA,NA,5/20/24,0
391,0,NA,NA,NA,NA,NA,NA,5/20/24,0
392,0,NA,NA,NA,NA,NA,NA,5/20/24,0
393,0,NA,NA,NA,NA,NA,NA,5/20/24,0
394,0,NA,NA,NA,NA,NA,NA,5/20/24,0
395,0,NA,NA,NA,NA,NA,NA,5/20/24,0
396,0,NA,NA,NA,NA,NA,NA,5/20/24,0
397,1,0,0,NA,NA,NA,0,5/20/24,0
398,0,NA,NA,NA,NA,NA,NA,5/20/24,0
399,0,NA,NA,NA,NA,NA,NA,5/20/24,0
400,0,NA,NA,NA,NA,NA,NA,5/20/24,0
401,0,NA,NA,NA,NA,NA,NA,5/20/24,0
402,0,NA,NA,NA,NA,NA,NA,5/20/24,0
403,0,NA,NA,NA,NA,NA,NA,5/20/24,0
344,1,0,0,NA,NA,NA,0,5/20/24,0
345,0,NA,NA,NA,NA,NA,NA,5/20/24,0
346,0,NA,NA,NA,NA,NA,NA,5/20/24,0
347,0,NA,NA,NA,NA,NA,NA,5/20/24,0
348,0,NA,NA,NA,NA,NA,NA,5/20/24,0
349,0,NA,NA,NA,NA,NA,NA,5/20/24,0
350,1,0,0,NA,NA,NA,0,5/20/24,0
351,0,NA,NA,NA,NA,NA,NA,5/20/24,0
352,0,NA,NA,NA,NA,NA,NA,5/20/24,0
353,0,NA,NA,NA,NA,NA,NA,5/20/24,0
354,0,NA,NA,NA,NA,NA,NA,5/20/24,0
355,0,NA,NA,NA,NA,NA,NA,5/20/24,0
356,0,NA,NA,NA,NA,NA,NA,5/20/24,0
357,0,NA,NA,NA,NA,NA,NA,5/20/24,0
358,0,NA,NA,NA,NA,NA,NA,5/20/24,0
419,0,NA,NA,NA,NA,NA,NA,5/20/24,0
810,0,NA,NA,NA,NA,NA,NA,5/20/24,0
420,0,NA,NA,NA,NA,NA,NA,5/20/24,0
421,0,NA,NA,NA,NA,NA,NA,5/20/24,0
422,1,0,0,NA,NA,NA,0,5/20/24,0
423,0,NA,NA,NA,NA,NA,NA,5/20/24,0
424,1,0,0,NA,NA,NA,0,5/20/24,0
425,1,0,0,NA,NA,NA,0,5/20/24,0
426,5,0,0,NA,NA,NA,0,5/20/24,0
427,0,NA,NA,NA,NA,NA,NA,5/20/24,0
428,0,NA,NA,NA,NA,NA,NA,5/20/24,0
429,2,0,0,NA,NA,NA,0,5/20/24,0
430,1,0,0,NA,NA,NA,0,5/20/24,0
431,0,NA,NA,NA,NA,NA,NA,5/20/24,0
432,0,NA,NA,NA,NA,NA,NA,5/20/24,0
433,2,0,0,NA,NA,NA,0,5/20/24,0
434,7,0,0,NA,NA,NA,0,5/20/24,0
435,4,0,0,NA,NA,NA,0,5/20/24,0
436,0,NA,NA,NA,NA,NA,NA,5/20/24,0
437,1,0,0,NA,NA,NA,0,5/20/24,0
438,14,0,0,NA,NA,NA,0,5/20/24,0
439,15,0,0,NA,NA,NA,2,5/20/24,0
440,6,0,0,NA,NA,NA,1,5/20/24,0
441,0,NA,NA,NA,NA,NA,NA,5/20/24,0
442,4,0,0,NA,NA,NA,0,5/20/24,0
443,2,0,0,NA,NA,NA,0,5/20/24,0
444,0,NA,NA,NA,NA,NA,NA,5/20/24,0
445,1,0,0,NA,NA,NA,0,5/20/24,0
446,0,NA,NA,NA,NA,NA,NA,5/20/24,0
447,1,0,0,NA,NA,NA,0,5/20/24,0
448,1,0,0,NA,NA,NA,0,5/20/24,0
449,2,0,0,NA,NA,NA,0,5/20/24,0
450,0,NA,NA,NA,NA,NA,NA,5/20/24,0
451,1,0,0,NA,NA,NA,0,5/20/24,0
452,3,0,0,NA,NA,NA,0,5/20/24,0
453,8,0,0,NA,NA,NA,0,5/20/24,0
454,6,0,0,NA,NA,NA,0,5/20/24,0
455,0,NA,NA,NA,NA,NA,NA,5/20/24,0
456,0,NA,NA,NA,NA,NA,NA,5/20/24,0
457,0,NA,NA,NA,NA,NA,NA,5/20/24,0
458,4,0,0,NA,NA,NA,0,5/20/24,0
459,6,0,0,NA,NA,NA,0,5/20/24,0
460,0,NA,NA,NA,NA,NA,NA,5/20/24,0
461,0,NA,NA,NA,NA,NA,NA,5/20/24,0
462,0,NA,NA,NA,NA,NA,NA,5/20/24,0
2176,4,3,0,5,13,17,1,6/10/24,0
2177,0,NA,NA,NA,NA,NA,NA,6/10/24,0
2178,0,NA,NA,NA,NA,NA,NA,6/10/24,0
2179,0,NA,NA,NA,NA,NA,NA,6/10/24,0
2180,2,0,1,NA,NA,NA,1,6/10/24,0
2181,0,NA,NA,NA,NA,NA,NA,6/10/24,0
2182,2,0,0,NA,NA,NA,1,6/10/24,0
2183,3,0,0,NA,NA,NA,2,6/10/24,0
2184,0,NA,NA,NA,NA,NA,NA,6/10/24,0
2185,0,NA,NA,NA,NA,NA,NA,6/10/24,0
2186,0,NA,NA,NA,NA,NA,NA,6/10/24,0
2187,2,0,0,NA,NA,NA,0,6/10/24,0
2188,0,NA,NA,NA,NA,NA,NA,6/10/24,0
2189,2,2,0,29,35,NA,1,6/10/24,0
2190,0,NA,NA,NA,NA,NA,NA,6/10/24,0
2224,0,NA,NA,NA,NA,NA,NA,6/10/24,0
2225,0,NA,NA,NA,NA,NA,NA,6/10/24,0
2226,0,NA,NA,NA,NA,NA,NA,6/10/24,0
2227,0,NA,NA,NA,NA,NA,NA,6/10/24,0
2228,0,NA,NA,NA,NA,NA,NA,6/10/24,0
2229,0,NA,NA,NA,NA,NA,NA,6/10/24,0
2230,0,NA,NA,NA,NA,NA,NA,6/10/24,0
2231,1,0,0,NA,NA,NA,0,6/10/24,0
2232,0,NA,NA,NA,NA,NA,NA,6/10/24,0
2233,0,NA,NA,NA,NA,NA,NA,6/10/24,0
2234,0,NA,NA,NA,NA,NA,NA,6/10/24,0
2235,0,NA,NA,NA,NA,NA,NA,6/10/24,0
2236,0,NA,NA,NA,NA,NA,NA,6/10/24,0
2237,0,NA,NA,NA,NA,NA,NA,6/10/24,0
2238,0,NA,NA,NA,NA,NA,NA,6/10/24,0
2239,0,NA,NA,NA,NA,NA,NA,6/10/24,0
2240,2,0,0,NA,NA,NA,2,6/10/24,0
2241,0,NA,NA,NA,NA,NA,NA,6/10/24,0
2242,0,NA,NA,NA,NA,NA,NA,6/10/24,0
2243,0,NA,NA,NA,NA,NA,NA,6/10/24,0
2244,0,NA,NA,NA,NA,NA,NA,6/10/24,0
2245,0,NA,NA,NA,NA,NA,NA,6/10/24,0
2246,0,NA,NA,NA,NA,NA,NA,6/10/24,0
2247,0,NA,NA,NA,NA,NA,NA,6/10/24,0
2248,0,NA,NA,NA,NA,NA,NA,6/10/24,0
2249,0,NA,NA,NA,NA,NA,NA,6/10/24,0
2250,0,NA,NA,NA,NA,NA,NA,6/10/24,0
2251,0,NA,NA,NA,NA,NA,NA,6/10/24,0
2252,0,NA,NA,NA,NA,NA,NA,6/10/24,0
2253,0,NA,NA,NA,NA,NA,NA,6/10/24,0
2254,0,NA,NA,NA,NA,NA,NA,6/10/24,0
2255,0,NA,NA,NA,NA,NA,NA,6/10/24,0
2256,0,NA,NA,NA,NA,NA,NA,6/10/24,0
2257,2,2,0,31,17,NA,0,6/10/24,0
2259,0,NA,NA,NA,NA,NA,NA,6/10/24,0
2260,0,NA,NA,NA,NA,NA,NA,6/10/24,0
2261,0,NA,NA,NA,NA,NA,NA,6/10/24,0
2262,1,1,0,7,NA,NA,0,6/10/24,0
2263,0,NA,NA,NA,NA,NA,NA,6/10/24,0
2264,1,0,0,NA,NA,NA,0,6/10/24,0
2265,,NA,NA,NA,NA,NA,NA,6/10/24,0
2266,1,1,0,NA,NA,NA,0,6/10/24,0
2267,0,NA,NA,NA,NA,NA,NA,6/10/24,0
2268,0,NA,NA,NA,NA,NA,NA,6/10/24,0
2258,0,NA,NA,NA,NA,NA,NA,6/10/24,0
2269,1,1,0,17,NA,NA,0,6/10/24,0
2270,0,NA,NA,NA,NA,NA,NA,6/10/24,0
2271,0,NA,NA,NA,NA,NA,NA,6/10/24,0
2272,0,NA,NA,NA,NA,NA,NA,6/10/24,0
2273,0,NA,NA,NA,NA,NA,NA,6/10/24,0
2274,1,1,0,11,NA,NA,1,6/10/24,0
2275,4,1,0,15,NA,NA,0,6/10/24,0
2276,,NA,NA,NA,NA,NA,NA,6/10/24,0
2277,1,0,0,NA,NA,NA,0,6/10/24,0
2278,0,NA,NA,NA,NA,NA,NA,6/10/24,0
2279,2,1,0,7,NA,NA,0,6/10/24,0
2280,15,14,0,26,23,27,0,6/10/24,0
2281,3,2,0,12,45,NA,0,6/10/24,0
2282,0,NA,NA,NA,NA,NA,NA,6/10/24,0
2283,0,NA,NA,NA,NA,NA,NA,6/10/24,0
2521,0,NA,NA,NA,NA,NA,NA,6/25/24,0
2522,0,NA,NA,NA,NA,NA,NA,6/25/24,0
2523,0,NA,NA,NA,NA,NA,NA,6/25/24,0
2524,0,NA,NA,NA,NA,NA,NA,6/25/24,0
2525,0,NA,NA,NA,NA,NA,NA,6/25/24,0
2526,0,NA,NA,NA,NA,NA,NA,6/25/24,0
2527,0,NA,NA,NA,NA,NA,NA,6/25/24,0
2528,0,NA,NA,NA,NA,NA,NA,6/25/24,0
2529,0,NA,NA,NA,NA,NA,NA,6/25/24,0
2530,0,NA,NA,NA,NA,NA,NA,6/25/24,0
2531,0,NA,NA,NA,NA,NA,NA,6/25/24,0
2532,0,NA,NA,NA,NA,NA,NA,6/25/24,0
2533,0,NA,NA,NA,NA,NA,NA,6/25/24,0
2534,0,NA,NA,NA,NA,NA,NA,6/25/24,0
2535,0,NA,NA,NA,NA,NA,NA,6/25/24,0
2191,0,NA,NA,NA,NA,NA,NA,6/25/24,0
2192,0,NA,NA,NA,NA,NA,NA,6/25/24,0
2193,0,NA,NA,NA,NA,NA,NA,6/25/24,0
2194,0,NA,NA,NA,NA,NA,NA,6/25/24,0
2195,0,NA,NA,NA,NA,NA,NA,6/25/24,0
2196,0,NA,NA,NA,NA,NA,NA,6/25/24,0
2197,0,NA,NA,NA,NA,NA,NA,6/25/24,0
2198,0,NA,NA,NA,NA,NA,NA,6/25/24,0
2199,0,NA,NA,NA,NA,NA,NA,6/25/24,0
2200,0,NA,NA,NA,NA,NA,NA,6/25/24,0
2501,0,NA,NA,NA,NA,NA,NA,6/25/24,0
2502,0,NA,NA,NA,NA,NA,NA,6/25/24,0
2503,0,NA,NA,NA,NA,NA,NA,6/25/24,0
2504,0,NA,NA,NA,NA,NA,NA,6/25/24,0
2505,0,NA,NA,NA,NA,NA,NA,6/25/24,0
2506,0,NA,NA,NA,NA,NA,NA,6/25/24,0
2507,1,0,0,NA,NA,NA,0,6/25/24,0
2508,2,1,0,6,NA,NA,0,6/25/24,0
2509,1,0,0,NA,NA,NA,0,6/25/24,0
2510,3,3,0,23,18,26,0,6/25/24,0
2511,0,NA,NA,NA,NA,NA,NA,6/25/24,0
2512,0,NA,NA,NA,NA,NA,NA,6/25/24,0
2513,1,0,0,NA,NA,NA,0,6/25/24,0
2514,0,NA,NA,NA,NA,NA,NA,6/25/24,0
2515,0,NA,NA,NA,NA,NA,NA,6/25/24,0
2516,5,3,NA,44,47,57,0,6/25/24,0
2517,0,NA,NA,NA,NA,NA,NA,6/25/24,0
2518,3,2,0,9,17,NA,0,6/25/24,0
2519,0,NA,NA,NA,NA,NA,NA,6/25/24,0
2520,3,3,0,24,27,29,0,6/25/24,0
2021,0,NA,NA,NA,NA,NA,NA,6/13/24,0
2022,0,NA,NA,NA,NA,NA,NA,6/13/24,0
2023,0,NA,NA,NA,NA,NA,NA,6/13/24,0
2024,0,NA,NA,NA,NA,NA,NA,6/13/24,0
2025,0,NA,NA,NA,NA,NA,NA,6/13/24,0
2026,2,0,0,NA,NA,NA,0,6/13/24,0
2027,0,NA,NA,NA,NA,NA,NA,6/13/24,0
2028,0,NA,NA,NA,NA,NA,NA,6/13/24,0
2029,1,0,0,NA,NA,NA,1,6/13/24,0
2030,3,0,0,NA,NA,NA,1,6/13/24,0
2031,0,NA,NA,NA,NA,NA,NA,6/13/24,0
2032,0,NA,NA,NA,NA,NA,NA,6/13/24,0
2033,0,NA,NA,NA,NA,NA,NA,6/13/24,0
2034,0,NA,NA,NA,NA,NA,NA,6/13/24,0
2035,0,NA,NA,NA,NA,NA,NA,6/13/24,0
2036,0,NA,NA,NA,NA,NA,NA,6/13/24,0
2037,0,NA,NA,NA,NA,NA,NA,6/13/24,0
2038,0,NA,NA,NA,NA,NA,NA,6/13/24,0
2039,0,NA,NA,NA,NA,NA,NA,6/13/24,0
2040,0,NA,NA,NA,NA,NA,NA,6/13/24,0
2041,0,NA,NA,NA,NA,NA,NA,6/13/24,0
2042,0,NA,NA,NA,NA,NA,NA,6/13/24,0
2043,0,NA,NA,NA,NA,NA,NA,6/13/24,0
2044,0,NA,NA,NA,NA,NA,NA,6/13/24,0
2045,0,NA,NA,NA,NA,NA,NA,6/13/24,0
2046,0,NA,NA,NA,NA,NA,NA,6/13/24,0
2047,0,NA,NA,NA,NA,NA,NA,6/13/24,0
2048,0,NA,NA,NA,NA,NA,NA,6/13/24,0
2328,0,NA,NA,NA,NA,NA,NA,6/13/24,0
2329,0,NA,NA,NA,NA,NA,NA,6/13/24,0
2330,0,NA,NA,NA,NA,NA,NA,6/13/24,0
2331,0,NA,NA,NA,NA,NA,NA,6/13/24,0
2332,0,NA,NA,NA,NA,NA,NA,6/13/24,0
2333,0,NA,NA,NA,NA,NA,NA,6/13/24,0
2334,0,NA,NA,NA,NA,NA,NA,6/13/24,0
2335,0,NA,NA,NA,NA,NA,NA,6/13/24,0
2336,0,NA,NA,NA,NA,NA,NA,6/13/24,0
2337,0,NA,NA,NA,NA,NA,NA,6/13/24,0
2338,0,NA,NA,NA,NA,NA,NA,6/13/24,0
2339,0,NA,NA,NA,NA,NA,NA,6/13/24,0
2340,0,NA,NA,NA,NA,NA,NA,6/13/24,0
2341,0,NA,NA,NA,NA,NA,NA,6/13/24,0
2342,0,NA,NA,NA,NA,NA,NA,6/13/24,0
2316,0,NA,NA,NA,NA,NA,NA,6/13/24,0
2317,0,NA,NA,NA,NA,NA,NA,6/13/24,0
2318,0,NA,NA,NA,NA,NA,NA,6/13/24,0
2319,0,NA,NA,NA,NA,NA,NA,6/13/24,0
2320,0,NA,NA,NA,NA,NA,NA,6/13/24,0
2321,0,NA,NA,NA,NA,NA,NA,6/13/24,0
2322,0,NA,NA,NA,NA,NA,NA,6/13/24,0
2323,0,NA,NA,NA,NA,NA,NA,6/13/24,0
2324,0,NA,NA,NA,NA,NA,NA,6/13/24,0
2325,0,NA,NA,NA,NA,NA,NA,6/13/24,0
2326,0,NA,NA,NA,NA,NA,NA,6/13/24,0
2327,2,0,0,NA,NA,NA,0,6/13/24,0
2079,1,1,0,25,NA,NA,0,6/13/24,0
2080,0,NA,NA,NA,NA,NA,NA,6/13/24,0
2081,0,NA,NA,NA,NA,NA,NA,6/13/24,0
2082,3,0,0,NA,NA,NA,0,6/13/24,0
2083,0,NA,NA,NA,NA,NA,NA,6/13/24,0
2100,0,NA,NA,NA,NA,NA,NA,6/13/24,0
2084,2,1,0,9,NA,NA,1,6/13/24,0
2085,1,1,0,45,NA,NA,0,6/13/24,0
2086,0,NA,NA,NA,NA,NA,NA,6/13/24,0
2087,0,NA,NA,NA,NA,NA,NA,6/13/24,0
2088,2,1,0,13,NA,NA,NA,6/13/24,0
2089,3,3,0,42,46,50,0,6/13/24,0
2090,5,4,0,15,33,17,0,6/13/24,0
2091,3,3,0,28,20,23,0,6/13/24,0
2092,3,3,0,22,35,23,0,6/13/24,0
2064,0,NA,NA,NA,NA,NA,NA,6/13/24,0
2065,0,NA,NA,NA,NA,NA,NA,6/13/24,0
2066,0,NA,NA,NA,NA,NA,NA,6/13/24,0
2067,5,2,0,21,27,NA,NA,6/13/24,0
2068,2,0,0,NA,NA,NA,0,6/13/24,0
2069,0,NA,NA,NA,NA,NA,NA,6/13/24,0
2070,0,NA,NA,NA,NA,NA,NA,6/13/24,0
2071,2,0,0,NA,NA,NA,0,6/13/24,0
2072,1,1,0,35,NA,NA,0,6/13/24,0
2073,2,0,0,0,NA,NA,1,6/13/24,0
2074,0,NA,NA,NA,NA,NA,NA,6/13/24,0
2075,1,0,0,NA,NA,NA,0,6/13/24,0
2076,0,NA,NA,NA,NA,NA,NA,6/13/24,0
2077,1,1,0,15,NA,NA,0,6/13/24,0
2078,0,NA,NA,NA,NA,NA,NA,6/13/24,0
2049,0,NA,NA,NA,NA,NA,NA,6/13/24,0
2050,0,NA,NA,NA,NA,NA,NA,6/13/24,0
2051,0,NA,NA,NA,NA,NA,NA,6/13/24,0
2052,0,NA,NA,NA,NA,NA,NA,6/13/24,0
2053,0,NA,NA,NA,NA,NA,NA,6/13/24,0
2054,0,NA,NA,NA,NA,NA,NA,6/13/24,0
2055,0,NA,NA,NA,NA,NA,NA,6/13/24,0
2056,0,NA,NA,NA,NA,NA,NA,6/13/24,0
2057,0,NA,NA,NA,NA,NA,NA,6/13/24,0
2058,0,NA,NA,NA,NA,NA,NA,6/13/24,0
2062,0,NA,NA,NA,NA,NA,NA,6/13/24,0
2059,0,NA,NA,NA,NA,NA,NA,6/13/24,0
2060,0,NA,NA,NA,NA,NA,NA,6/13/24,0
2061,0,NA,NA,NA,NA,NA,NA,6/13/24,0
2063,0,NA,NA,NA,NA,NA,NA,6/13/24,0
2301,1,1,0,7,NA,NA,1,6/13/24,0
2302,4,3,1,23,17,31,2,6/13/24,0
2303,13,0,2,NA,NA,NA,5,6/13/24,0
2304,7,4,0,23,21,17,2,6/13/24,0
2305,0,NA,NA,NA,NA,NA,NA,6/13/24,0
2306,0,NA,NA,NA,NA,NA,NA,6/13/24,0
2307,2,0,0,NA,NA,NA,1,6/13/24,0
2308,10,7,0,23,23,23,4,6/13/24,0
2309,4,3,0,11,23,31,3,6/13/24,0
2310,2,0,0,NA,NA,NA,0,6/13/24,0
2311,0,NA,NA,NA,NA,NA,NA,6/13/24,0
2312,0,NA,NA,NA,NA,NA,NA,6/13/24,0
2313,6,2,0,59,47,NA,0,6/13/24,0
2314,0,NA,NA,NA,NA,NA,NA,6/13/24,0
2315,0,NA,NA,NA,NA,NA,NA,6/13/24,0
811,0,NA,NA,NA,NA,NA,NA,5/7/24,0
812,0,NA,NA,NA,NA,NA,NA,5/7/24,0
813,5,2,0,NA,NA,NA,0,5/7/24,0
814,10,4,0,NA,NA,NA,1,5/7/24,0
815,0,NA,NA,NA,NA,NA,NA,5/7/24,0
816,17,9,0,NA,NA,NA,0,5/7/24,0
817,0,NA,NA,NA,NA,NA,NA,5/7/24,0
818,0,NA,NA,NA,NA,NA,NA,5/7/24,0
819,8,2,2,NA,NA,NA,2,5/7/24,0
820,0,NA,NA,NA,NA,NA,NA,5/7/24,0
821,0,NA,NA,NA,NA,NA,NA,5/7/24,0
822,0,NA,NA,NA,NA,NA,NA,5/7/24,0
823,0,NA,NA,NA,NA,NA,NA,5/7/24,0
824,0,NA,NA,NA,NA,NA,NA,5/7/24,0
825,0,NA,NA,NA,NA,NA,NA,5/7/24,0
901,2,1,0,NA,NA,NA,0,5/7/24,0
902,0,NA,NA,NA,NA,NA,NA,5/7/24,0
903,14,3,1,NA,NA,NA,0,5/7/24,0
904,0,NA,NA,NA,NA,NA,NA,5/7/24,0
905,0,NA,NA,NA,NA,NA,NA,5/7/24,0
906,0,NA,NA,NA,NA,NA,NA,5/7/24,0
907,0,NA,NA,NA,NA,NA,NA,5/7/24,0
908,9,1,2,NA,NA,NA,0,5/7/24,0
909,0,NA,NA,NA,NA,NA,NA,5/7/24,0
911,3,1,0,NA,NA,NA,0,5/7/24,0
910,3,0,1,NA,NA,NA,0,5/7/24,0
912,6,3,0,NA,NA,NA,0,5/7/24,0
913,2,0,1,NA,NA,NA,0,5/7/24,0
914,0,NA,NA,NA,NA,NA,NA,5/7/24,0
915,0,NA,NA,NA,NA,NA,NA,5/7/24,0
826,5,3,0,NA,NA,NA,0,5/8/24,0
827,0,NA,NA,NA,NA,NA,NA,5/8/24,0
828,0,NA,NA,NA,NA,NA,NA,5/8/24,0
829,0,NA,NA,NA,NA,NA,NA,5/8/24,0
830,3,0,0,NA,NA,NA,0,5/8/24,0
831,2,0,0,NA,NA,NA,0,5/8/24,0
832,0,NA,NA,NA,NA,NA,NA,5/8/24,0
833,0,NA,NA,NA,NA,NA,NA,5/8/24,0
834,0,NA,NA,NA,NA,NA,NA,5/8/24,0
835,0,NA,NA,NA,NA,NA,NA,5/8/24,0
836,0,NA,NA,NA,NA,NA,NA,5/8/24,0
837,0,NA,NA,NA,NA,NA,NA,5/8/24,0
838,0,NA,NA,NA,NA,NA,NA,5/8/24,0
839,1,1,0,NA,NA,NA,0,5/8/24,0
840,0,NA,NA,NA,NA,NA,NA,5/8/24,0
931,4,1,1,NA,NA,NA,0,5/8/24,0
932,3,0,0,NA,NA,NA,0,5/8/24,0
933,3,0,2,NA,NA,NA,0,5/8/24,0
934,21,1,6,NA,NA,NA,0,5/8/24,0
935,3,1,0,NA,NA,NA,0,5/8/24,0
936,0,NA,NA,NA,NA,NA,NA,5/8/24,0
937,0,NA,NA,NA,NA,NA,NA,5/8/24,0
938,3,0,1,NA,NA,NA,0,5/8/24,0
939,4,1,0,NA,NA,NA,0,5/8/24,0
940,4,3,0,NA,NA,NA,0,5/8/24,0
941,0,NA,NA,NA,NA,NA,NA,5/8/24,0
942,1,0,1,NA,NA,NA,0,5/8/24,0
943,3,0,0,NA,NA,NA,0,5/8/24,0
944,3,0,2,NA,NA,NA,0,5/8/24,0
945,1,0,0,NA,NA,NA,0,5/8/24,0
916,0,NA,NA,NA,NA,NA,NA,5/8/24,0
917,0,NA,NA,NA,NA,NA,NA,5/8/24,0
918,0,NA,NA,NA,NA,NA,NA,5/8/24,0
919,0,NA,NA,NA,NA,NA,NA,5/8/24,0
920,0,NA,NA,NA,NA,NA,NA,5/8/24,0
921,0,NA,NA,NA,NA,NA,NA,5/8/24,0
922,0,NA,NA,NA,NA,NA,NA,5/8/24,0
923,0,NA,NA,NA,NA,NA,NA,5/8/24,0
924,0,NA,NA,NA,NA,NA,NA,5/8/24,0
925,3,0,0,NA,NA,NA,0,5/8/24,0
926,5,1,3,NA,NA,NA,1,5/8/24,0
927,5,0,2,NA,NA,NA,2,5/8/24,0
928,0,NA,NA,NA,NA,NA,NA,5/8/24,0
929,0,NA,NA,NA,NA,NA,NA,5/8/24,0
930,3,1,1,NA,NA,NA,0,5/8/24,0
841,0,NA,NA,NA,NA,NA,NA,5/8/24,0
842,4,0,3,NA,NA,NA,0,5/8/24,0
843,0,NA,NA,NA,NA,NA,NA,5/8/24,0
844,0,NA,NA,NA,NA,NA,NA,5/8/24,0
845,0,NA,NA,NA,NA,NA,NA,5/8/24,0
846,0,NA,NA,NA,NA,NA,NA,5/8/24,0
847,0,NA,NA,NA,NA,NA,NA,5/8/24,0
848,0,NA,NA,NA,NA,NA,NA,5/8/24,0
849,0,NA,NA,NA,NA,NA,NA,5/8/24,0
850,0,NA,NA,NA,NA,NA,NA,5/8/24,0
851,0,NA,NA,NA,NA,NA,NA,5/8/24,0
852,0,NA,NA,NA,NA,NA,NA,5/8/24,0
853,3,2,1,NA,NA,NA,0,5/8/24,0
854,0,NA,NA,NA,NA,NA,NA,5/8/24,0
855,5,2,1,NA,NA,NA,0,5/8/24,0
856,0,NA,NA,NA,NA,NA,NA,5/8/24,0
857,4,0,1,NA,NA,NA,0,5/8/24,0
858,10,3,0,NA,NA,NA,0,5/8/24,0
859,0,NA,NA,NA,NA,NA,NA,5/8/24,0
860,0,NA,NA,NA,NA,NA,NA,5/8/24,0
861,2,0,1,NA,NA,NA,0,5/8/24,0
862,0,NA,NA,NA,NA,NA,NA,5/8/24,0
863,3,1,1,NA,NA,NA,1,5/8/24,0
864,0,NA,NA,NA,NA,NA,NA,5/8/24,0
865,11,4,1,NA,NA,NA,0,5/8/24,0
866,7,2,3,NA,NA,NA,0,5/8/24,0
867,0,NA,NA,NA,NA,NA,NA,5/8/24,0
868,0,NA,NA,NA,NA,NA,NA,5/8/24,0
869,0,NA,NA,NA,NA,NA,NA,5/8/24,0
870,3,1,0,NA,NA,NA,1,5/8/24,0
946,0,NA,NA,NA,NA,NA,NA,5/8/24,0
947,0,NA,NA,NA,NA,NA,NA,5/8/24,0
948,1,1,0,NA,NA,NA,0,5/8/24,0
949,0,NA,NA,NA,NA,NA,NA,5/8/24,0
950,0,NA,NA,NA,NA,NA,NA,5/8/24,0
951,0,NA,NA,NA,NA,NA,NA,5/8/24,0
952,1,0,0,NA,NA,NA,0,5/8/24,0
953,0,NA,NA,NA,NA,NA,NA,5/8/24,0
954,0,NA,NA,NA,NA,NA,NA,5/8/24,0
955,0,NA,NA,NA,NA,NA,NA,5/8/24,0
956,0,NA,NA,NA,NA,NA,NA,5/8/24,0
957,0,NA,NA,NA,NA,NA,NA,5/8/24,0
958,0,NA,NA,NA,NA,NA,NA,5/8/24,0
959,1,0,0,NA,NA,NA,0,5/8/24,0
960,1,1,0,NA,NA,NA,0,5/8/24,0
961,0,NA,NA,NA,NA,NA,NA,5/7/24,0
962,0,NA,NA,NA,NA,NA,NA,5/7/24,0
963,0,NA,NA,NA,NA,NA,NA,5/7/24,0
964,0,NA,NA,NA,NA,NA,NA,5/7/24,0
965,0,NA,NA,NA,NA,NA,NA,5/7/24,0
966,0,NA,NA,NA,NA,NA,NA,5/7/24,0
967,0,NA,NA,NA,NA,NA,NA,5/7/24,0
968,0,NA,NA,NA,NA,NA,NA,5/7/24,0
969,0,NA,NA,NA,NA,NA,NA,5/7/24,0
970,0,NA,NA,NA,NA,NA,NA,5/7/24,0
971,0,NA,NA,NA,NA,NA,NA,5/7/24,0
972,0,NA,NA,NA,NA,NA,NA,5/7/24,0
973,0,NA,NA,NA,NA,NA,NA,5/7/24,0
974,0,NA,NA,NA,NA,NA,NA,5/7/24,0
975,0,NA,NA,NA,NA,NA,NA,5/7/24,0
871,0,NA,NA,NA,NA,NA,NA,5/7/24,0
872,0,NA,NA,NA,NA,NA,NA,5/7/24,0
873,1,0,0,NA,NA,NA,1,5/7/24,0
874,0,NA,NA,NA,NA,NA,NA,5/7/24,0
875,0,NA,NA,NA,NA,NA,NA,5/7/24,0
876,0,NA,NA,NA,NA,NA,NA,5/7/24,0
877,0,NA,NA,NA,NA,NA,NA,5/7/24,0
878,0,NA,NA,NA,NA,NA,NA,5/7/24,0
879,0,NA,NA,NA,NA,NA,NA,5/7/24,0
880,0,NA,NA,NA,NA,NA,NA,5/7/24,0
881,0,NA,NA,NA,NA,NA,NA,5/7/24,0
882,0,NA,NA,NA,NA,NA,NA,5/7/24,0
883,0,NA,NA,NA,NA,NA,NA,5/7/24,0
884,0,NA,NA,NA,NA,NA,NA,5/7/24,0
885,0,NA,NA,NA,NA,NA,NA,5/7/24,0
886,0,NA,NA,NA,NA,NA,NA,5/7/24,0
887,0,NA,NA,NA,NA,NA,NA,5/7/24,0
888,0,NA,NA,NA,NA,NA,NA,5/7/24,0
889,0,NA,NA,NA,NA,NA,NA,5/7/24,0
890,0,NA,NA,NA,NA,NA,NA,5/7/24,0
891,0,NA,NA,NA,NA,NA,NA,5/7/24,0
892,0,NA,NA,NA,NA,NA,NA,5/7/24,0
893,0,NA,NA,NA,NA,NA,NA,5/7/24,0
894,0,NA,NA,NA,NA,NA,NA,5/7/24,0
895,0,NA,NA,NA,NA,NA,NA,5/7/24,0
896,0,NA,NA,NA,NA,NA,NA,5/7/24,0
897,0,NA,NA,NA,NA,NA,NA,5/7/24,0
898,0,NA,NA,NA,NA,NA,NA,5/7/24,0
899,0,NA,NA,NA,NA,NA,NA,5/7/24,0
900,0,NA,NA,NA,NA,NA,NA,5/7/24,0
2701,0,NA,NA,NA,NA,NA,NA,5/7/24,0
2702,0,NA,NA,NA,NA,NA,NA,5/7/24,0
2703,0,NA,NA,NA,NA,NA,NA,5/7/24,0
2704,0,NA,NA,NA,NA,NA,NA,5/7/24,0
2705,0,NA,NA,NA,NA,NA,NA,5/7/24,0
2706,0,NA,NA,NA,NA,NA,NA,5/7/24,0
2707,0,NA,NA,NA,NA,NA,NA,5/7/24,0
2708,0,NA,NA,NA,NA,NA,NA,5/7/24,0
2709,0,NA,NA,NA,NA,NA,NA,5/7/24,0
2710,0,NA,NA,NA,NA,NA,NA,5/7/24,0
2711,0,NA,NA,NA,NA,NA,NA,5/7/24,0
2712,0,NA,NA,NA,NA,NA,NA,5/7/24,0
2713,0,NA,NA,NA,NA,NA,NA,5/7/24,0
2714,0,NA,NA,NA,NA,NA,NA,5/7/24,0
2715,0,NA,NA,NA,NA,NA,NA,5/7/24,0
976,0,NA,NA,NA,NA,NA,NA,5/7/24,0
977,0,NA,NA,NA,NA,NA,NA,5/7/24,0
978,0,NA,NA,NA,NA,NA,NA,5/7/24,0
979,0,NA,NA,NA,NA,NA,NA,5/7/24,0
980,0,NA,NA,NA,NA,NA,NA,5/7/24,0
981,0,NA,NA,NA,NA,NA,NA,5/7/24,0
982,0,NA,NA,NA,NA,NA,NA,5/7/24,0
983,0,NA,NA,NA,NA,NA,NA,5/7/24,0
984,0,NA,NA,NA,NA,NA,NA,5/7/24,0
985,0,NA,NA,NA,NA,NA,NA,5/7/24,0
986,0,NA,NA,NA,NA,NA,NA,5/7/24,0
987,0,NA,NA,NA,NA,NA,NA,5/7/24,0
988,0,NA,NA,NA,NA,NA,NA,5/7/24,0
989,0,NA,NA,NA,NA,NA,NA,5/7/24,0
990,0,NA,NA,NA,NA,NA,NA,5/7/24,0
2716,0,NA,NA,NA,NA,NA,NA,5/7/24,0
2717,0,NA,NA,NA,NA,NA,NA,5/7/24,0
2718,0,NA,NA,NA,NA,NA,NA,5/7/24,0
2719,0,NA,NA,NA,NA,NA,NA,5/7/24,0
2720,0,NA,NA,NA,NA,NA,NA,5/7/24,0
2721,0,NA,NA,NA,NA,NA,NA,5/7/24,0
2722,0,NA,NA,NA,NA,NA,NA,5/7/24,0
2723,0,NA,NA,NA,NA,NA,NA,5/7/24,0
2724,0,NA,NA,NA,NA,NA,NA,5/7/24,0
2725,0,NA,NA,NA,NA,NA,NA,5/7/24,0
2726,0,NA,NA,NA,NA,NA,NA,5/7/24,0
2727,0,NA,NA,NA,NA,NA,NA,5/7/24,0
2728,0,NA,NA,NA,NA,NA,NA,5/7/24,0
2729,0,NA,NA,NA,NA,NA,NA,5/7/24,0
2730,0,NA,NA,NA,NA,NA,NA,5/7/24,0
2006,0,NA,NA,NA,NA,NA,NA,5/7/24,0
2007,0,NA,NA,NA,NA,NA,NA,5/7/24,0
2008,0,NA,NA,NA,NA,NA,NA,5/7/24,0
2009,0,NA,NA,NA,NA,NA,NA,5/7/24,0
2010,0,NA,NA,NA,NA,NA,NA,5/7/24,0
2011,0,NA,NA,NA,NA,NA,NA,5/7/24,0
2012,0,NA,NA,NA,NA,NA,NA,5/7/24,0
2013,0,NA,NA,NA,NA,NA,NA,5/7/24,0
2014,0,NA,NA,NA,NA,NA,NA,5/7/24,0
2015,0,NA,NA,NA,NA,NA,NA,5/7/24,0
2016,0,NA,NA,NA,NA,NA,NA,5/7/24,0
2017,0,NA,NA,NA,NA,NA,NA,5/7/24,0
2018,0,NA,NA,NA,NA,NA,NA,5/7/24,0
2019,0,NA,NA,NA,NA,NA,NA,5/7/24,0
2020,0,NA,NA,NA,NA,NA,NA,5/7/24,0
991,0,NA,NA,NA,NA,NA,NA,5/7/24,0
992,0,NA,NA,NA,NA,NA,NA,5/7/24,0
993,0,NA,NA,NA,NA,NA,NA,5/7/24,0
994,0,NA,NA,NA,NA,NA,NA,5/7/24,0
995,0,NA,NA,NA,NA,NA,NA,5/7/24,0
996,0,NA,NA,NA,NA,NA,NA,5/7/24,0
997,0,NA,NA,NA,NA,NA,NA,5/7/24,0
998,0,NA,NA,NA,NA,NA,NA,5/7/24,0
999,0,NA,NA,NA,NA,NA,NA,5/7/24,0
2001,0,NA,NA,NA,NA,NA,NA,5/7/24,0
2002,0,NA,NA,NA,NA,NA,NA,5/7/24,0
2003,0,NA,NA,NA,NA,NA,NA,5/7/24,0
2004,0,NA,NA,NA,NA,NA,NA,5/7/24,0
2005,0,NA,NA,NA,NA,NA,NA,5/7/24,0
70,,NA,NA,NA,NA,NA,NA,5/22/24,0
71,22,4,7,NA,NA,NA,3,5/22/24,0
72,19,0,11,NA,NA,NA,5,5/22/24,0
73,6,2,1,NA,NA,NA,0,5/22/24,0
74,12,3,4,NA,NA,NA,1,5/22/24,0
75,35,7,3,NA,NA,NA,2,5/22/24,0
76,14,0,4,NA,NA,NA,1,5/22/24,0
77,5,0,2,NA,NA,NA,0,5/22/24,0
78,6,1,3,NA,NA,NA,0,5/22/24,0
79,77,8,21,NA,NA,NA,1,5/22/24,0
80,25,1,8,NA,NA,NA,2,5/22/24,0
81,29,4,15,NA,NA,NA,0,5/22/24,0
82,9,2,2,NA,NA,NA,0,5/22/24,0
83,12,1,7,NA,NA,NA,0,5/22/24,0
84,5,1,2,NA,NA,NA,0,5/22/24,0
85,38,0,0,NA,NA,NA,9,5/22/24,0
86,19,0,2,NA,NA,NA,1,5/22/24,0
87,20,0,8,NA,NA,NA,0,5/22/24,0
88,33,0,14,NA,NA,NA,0,5/22/24,0
89,6,0,0,NA,NA,NA,2,5/22/24,0
90,24,0,4,NA,NA,NA,2,5/22/24,0
91,5,0,2,NA,NA,NA,1,5/22/24,0
92,14,0,5,NA,NA,NA,0,5/22/24,0
93,26,2,12,NA,NA,NA,1,5/22/24,0
94,12,3,0,NA,NA,NA,0,5/22/24,0
95,18,0,8,NA,NA,NA,0,5/22/24,0
96,7,0,4,NA,NA,NA,0,5/22/24,0
97,23,4,9,NA,NA,NA,0,5/22/24,0
98,33,2,12,NA,NA,NA,0,5/22/24,0
99,38,0,5,NA,NA,NA,0,5/22/24,0
160,6,0,2,NA,NA,NA,0,5/22/24,0
161,10,1,6,NA,NA,NA,0,5/22/24,0
162,26,0,15,NA,NA,NA,0,5/22/24,0
163,32,2,5,NA,NA,NA,0,5/22/24,0
164,11,0,7,NA,NA,NA,0,5/22/24,0
165,15,0,5,NA,NA,NA,0,5/22/24,0
166,26,0,12,NA,NA,NA,0,5/22/24,0
167,39,0,16,NA,NA,NA,0,5/22/24,0
168,16,0,5,NA,NA,NA,0,5/22/24,0
169,17,0,10,NA,NA,NA,0,5/22/24,0
170,53,0,22,NA,NA,NA,0,5/22/24,0
171,65,0,25,NA,NA,NA,0,5/22/24,0
172,32,1,15,NA,NA,NA,0,5/22/24,0
173,11,0,3,NA,NA,NA,0,5/22/24,0
174,2,0,1,NA,NA,NA,0,5/22/24,0
190,5,1,0,NA,NA,NA,1,5/22/24,0
191,8,0,0,NA,NA,NA,0,5/22/24,0
192,0,NA,NA,NA,NA,NA,NA,5/22/24,0
193,0,NA,NA,NA,NA,NA,NA,5/22/24,0
194,5,0,3,NA,NA,NA,0,5/22/24,0
195,2,1,1,NA,NA,NA,0,5/22/24,0
196,0,NA,NA,NA,NA,NA,NA,5/22/24,0
197,0,NA,NA,NA,NA,NA,NA,5/22/24,0
198,0,NA,NA,NA,NA,NA,NA,5/22/24,0
199,2,0,0,NA,NA,NA,0,5/22/24,0
200,2,0,0,NA,NA,NA,0,5/22/24,0
201,0,NA,NA,NA,NA,NA,NA,5/22/24,0
202,0,NA,NA,NA,NA,NA,NA,5/22/24,0
203,3,1,0,NA,NA,NA,1,5/22/24,0
204,2,0,0,NA,NA,NA,0,5/22/24,0
205,9,0,0,NA,NA,NA,1,5/22/24,0
206,8,6,3,NA,NA,NA,1,5/22/24,0
207,18,4,3,NA,NA,NA,0,5/22/24,0
208,6,0,2,NA,NA,NA,3,5/22/24,0
209,17,2,2,NA,NA,NA,3,5/22/24,0
210,5,0,2,NA,NA,NA,1,5/22/24,0
211,5,0,0,NA,NA,NA,0,5/22/24,0
212,3,0,0,NA,NA,NA,0,5/22/24,0
213,5,0,1,NA,NA,NA,1,5/22/24,0
214,1,1,0,NA,NA,NA,0,5/22/24,0
215,0,NA,NA,NA,NA,NA,NA,5/22/24,0
216,0,NA,NA,NA,NA,NA,NA,5/22/24,0
217,4,0,0,NA,NA,NA,0,5/22/24,0
218,1,0,0,NA,NA,NA,0,5/22/24,0
219,1,0,0,NA,NA,NA,0,5/22/24,0
115,0,NA,NA,NA,NA,NA,NA,5/22/24,0
116,0,NA,NA,NA,NA,NA,NA,5/22/24,0
117,0,NA,NA,NA,NA,NA,NA,5/22/24,0
118,0,NA,NA,NA,NA,NA,NA,5/22/24,0
119,21,1,13,NA,NA,NA,3,5/22/24,0
120,14,0,4,NA,NA,NA,0,5/22/24,0
121,0,NA,NA,NA,NA,NA,NA,5/22/24,0
122,0,NA,NA,NA,NA,NA,NA,5/22/24,0
123,0,NA,NA,NA,NA,NA,NA,5/22/24,0
124,6,0,2,NA,NA,NA,3,5/22/24,0
125,19,NA,NA,NA,NA,NA,19,5/22/24,0
126,24,1,13,NA,NA,NA,4,5/22/24,0
127,4,0,1,NA,NA,NA,1,5/22/24,0
128,13,NA,NA,NA,NA,NA,13,5/22/24,0
129,0,NA,NA,NA,NA,NA,NA,5/22/24,0
221,,NA,NA,NA,NA,NA,NA,5/22/24,0
222,3,0,0,NA,NA,NA,0,5/22/24,0
223,0,NA,NA,NA,NA,NA,NA,5/22/24,0
224,0,NA,NA,NA,NA,NA,NA,5/22/24,0
225,11,0,3,NA,NA,NA,0,5/22/24,0
226,0,NA,NA,NA,NA,NA,NA,5/22/24,0
227,0,NA,NA,NA,NA,NA,NA,5/22/24,0
228,0,NA,NA,NA,NA,NA,NA,5/22/24,0
229,11,0,2,NA,NA,NA,NA,5/22/24,0
230,0,NA,NA,NA,NA,NA,NA,5/22/24,0
231,4,0,1,NA,NA,NA,0,5/22/24,0
232,26,0,11,NA,NA,NA,3,5/22/24,0
233,18,0,9,NA,NA,NA,0,5/22/24,0
220,2,1,0,NA,NA,NA,0,5/22/24,0
130,1,0,0,NA,NA,NA,0,5/22/24,0
131,8,2,1,NA,NA,NA,1,5/22/24,0
132,1,0,0,NA,NA,NA,0,5/22/24,0
133,7,0,0,NA,NA,NA,2,5/22/24,0
134,4,0,2,NA,NA,NA,0,5/22/24,0
135,3,0,0,NA,NA,NA,0,5/22/24,0
136,4,0,0,NA,NA,NA,0,5/22/24,0
137,6,0,0,NA,NA,NA,1,5/22/24,0
138,4,0,1,NA,NA,NA,0,5/22/24,0
139,4,0,3,NA,NA,NA,0,5/22/24,0
140,1,0,0,NA,NA,NA,0,5/22/24,0
141,0,NA,NA,NA,NA,NA,NA,5/22/24,0
142,0,NA,NA,NA,NA,NA,NA,5/22/24,0
143,0,NA,NA,NA,NA,NA,NA,5/22/24,0
144,0,NA,NA,NA,NA,NA,NA,5/22/24,0
175,1,0,0,NA,NA,NA,0,5/21/24,0
176,0,NA,NA,NA,NA,NA,NA,5/21/24,0
177,0,NA,NA,NA,NA,NA,NA,5/21/24,0
178,3,0,0,NA,NA,NA,0,5/21/24,0
179,1,0,0,NA,NA,NA,0,5/21/24,0
180,4,0,0,NA,NA,NA,0,5/21/24,0
181,0,NA,NA,NA,NA,NA,NA,5/21/24,0
182,0,NA,NA,NA,NA,NA,NA,5/21/24,0
183,0,NA,NA,NA,NA,NA,NA,5/21/24,0
184,0,NA,NA,NA,NA,NA,NA,5/21/24,0
185,0,NA,NA,NA,NA,NA,NA,5/21/24,0
186,4,0,0,NA,NA,NA,1,5/21/24,0
187,0,NA,NA,NA,NA,NA,NA,5/21/24,0
188,0,NA,NA,NA,NA,NA,NA,5/21/24,0
189,0,NA,NA,NA,NA,NA,NA,5/21/24,0
100,3,0,0,NA,NA,NA,0,5/21/24,0
101,2,0,0,NA,NA,NA,0,5/21/24,0
102,0,NA,NA,NA,NA,NA,NA,5/21/24,0
103,0,NA,NA,NA,NA,NA,NA,5/21/24,0
104,1,0,0,NA,NA,NA,0,5/21/24,0
105,2,0,0,NA,NA,NA,0,5/21/24,0
106,5,0,0,NA,NA,NA,0,5/21/24,0
107,0,NA,NA,NA,NA,NA,NA,5/21/24,0
108,5,0,0,NA,NA,NA,0,5/21/24,0
109,3,0,0,NA,NA,NA,0,5/21/24,0
110,4,0,0,NA,NA,NA,0,5/21/24,0
111,0,NA,NA,NA,NA,NA,NA,5/21/24,0
112,2,0,0,NA,NA,NA,0,5/21/24,0
113,1,0,0,NA,NA,NA,0,5/21/24,0
114,2,0,0,NA,NA,NA,0,5/21/24,0
40,0,NA,NA,NA,NA,NA,NA,5/21/24,0
41,0,NA,NA,NA,NA,NA,NA,5/21/24,0
42,0,NA,NA,NA,NA,NA,NA,5/21/24,0
43,0,NA,NA,NA,NA,NA,NA,5/21/24,0
44,0,NA,NA,NA,NA,NA,NA,5/21/24,0
45,0,NA,NA,NA,NA,NA,NA,5/21/24,0
46,0,NA,NA,NA,NA,NA,NA,5/21/24,0
47,0,NA,NA,NA,NA,NA,NA,5/21/24,0
48,1,0,0,NA,NA,NA,0,5/21/24,0
49,3,0,0,NA,NA,NA,0,5/21/24,0
50,0,NA,NA,NA,NA,NA,NA,5/21/24,0
51,2,0,0,NA,NA,NA,0,5/21/24,0
52,0,NA,NA,NA,NA,NA,NA,5/21/24,0
53,0,NA,NA,NA,NA,NA,NA,5/21/24,0
54,0,NA,NA,NA,NA,NA,NA,5/21/24,0
145,2,0,0,NA,NA,NA,0,5/21/24,0
146,2,0,0,NA,NA,NA,0,5/21/24,0
147,0,NA,NA,NA,NA,NA,NA,5/21/24,0
148,1,0,0,NA,NA,NA,0,5/21/24,0
149,2,0,0,NA,NA,NA,0,5/21/24,0
150,9,0,0,NA,NA,NA,0,5/21/24,0
151,2,0,0,NA,NA,NA,0,5/21/24,0
152,0,NA,NA,NA,NA,NA,NA,5/21/24,0
153,4,0,0,NA,NA,NA,0,5/21/24,0
154,5,0,0,NA,NA,NA,0,5/21/24,0
155,14,5,0,26,11,21,0,5/21/24,0
156,0,NA,NA,NA,NA,NA,NA,5/21/24,0
157,6,0,0,NA,NA,NA,0,5/21/24,0
158,0,NA,NA,NA,NA,NA,NA,5/21/24,0
159,0,NA,NA,NA,NA,NA,NA,5/21/24,0
1,1,0,0,NA,NA,NA,0,5/21/24,0
2,0,NA,NA,NA,NA,NA,NA,5/21/24,0
3,2,0,0,NA,NA,NA,0,5/21/24,0
4,2,0,0,NA,NA,NA,0,5/21/24,0
5,0,NA,NA,NA,NA,NA,NA,5/21/24,0
6,0,NA,NA,NA,NA,NA,NA,5/21/24,0
7,2,0,0,NA,NA,NA,0,5/21/24,0
8,6,0,0,NA,NA,NA,0,5/21/24,0
9,0,NA,NA,NA,NA,NA,NA,5/21/24,0
10,0,NA,NA,NA,NA,NA,NA,5/21/24,0
11,1,0,0,NA,NA,NA,0,5/21/24,0
12,2,0,0,NA,NA,NA,0,5/21/24,0
13,0,NA,NA,NA,NA,NA,NA,5/21/24,0
14,0,NA,NA,NA,NA,NA,NA,5/21/24,0
15,0,NA,NA,NA,NA,NA,NA,5/21/24,0
25,0,NA,NA,NA,NA,NA,NA,5/21/24,0
26,2,0,0,NA,NA,NA,0,5/21/24,0
27,1,0,0,NA,NA,NA,0,5/21/24,0
28,3,1,0,10,NA,NA,0,5/21/24,0
29,2,0,0,NA,NA,NA,0,5/21/24,0
30,9,0,0,NA,NA,NA,0,5/21/24,0
31,2,0,0,NA,NA,NA,0,5/21/24,0
32,0,NA,NA,NA,NA,NA,NA,5/21/24,0
33,16,0,0,NA,NA,NA,0,5/21/24,0
34,0,NA,NA,NA,NA,NA,NA,5/21/24,0
35,20,0,0,NA,NA,NA,0,5/21/24,0
36,12,0,0,NA,NA,NA,0,5/21/24,0
37,4,0,0,NA,NA,NA,0,5/21/24,0
38,2,0,0,NA,NA,NA,0,5/21/24,0
39,4,0,0,NA,NA,NA,0,5/21/24,0
596,2,0,0,NA,NA,NA,0,5/21/24,0
595,0,NA,NA,NA,NA,NA,NA,5/21/24,0
16,0,NA,NA,NA,NA,NA,NA,5/21/24,0
17,0,NA,NA,NA,NA,NA,NA,5/21/24,0
597,0,NA,NA,NA,NA,NA,NA,5/21/24,0
18,0,NA,NA,NA,NA,NA,NA,5/21/24,0
19,0,NA,NA,NA,NA,NA,NA,5/21/24,0
20,0,NA,NA,NA,NA,NA,NA,5/21/24,0
598,0,NA,NA,NA,NA,NA,NA,5/21/24,0
21,0,NA,NA,NA,NA,NA,NA,5/21/24,0
22,0,NA,NA,NA,NA,NA,NA,5/21/24,0
593,0,NA,NA,NA,NA,NA,NA,5/21/24,0
594,0,NA,NA,NA,NA,NA,NA,5/21/24,0
24,0,NA,NA,NA,NA,NA,NA,5/21/24,0
55,1,0,0,NA,NA,NA,0,5/21/24,0
56,1,0,0,NA,NA,NA,1,5/21/24,0
57,0,NA,NA,NA,NA,NA,NA,5/21/24,0
58,0,NA,NA,NA,NA,NA,NA,5/21/24,0
59,0,NA,NA,NA,NA,NA,NA,5/21/24,0
60,3,0,0,NA,NA,NA,0,5/21/24,0
61,0,NA,NA,NA,NA,NA,NA,5/21/24,0
62,0,NA,NA,NA,NA,NA,NA,5/21/24,0
63,3,0,0,NA,NA,NA,0,5/21/24,0
64,3,0,0,NA,NA,NA,0,5/21/24,0
65,5,0,0,NA,NA,NA,0,5/21/24,0
66,0,NA,NA,NA,NA,NA,NA,5/21/24,0
67,0,NA,NA,NA,NA,NA,NA,5/21/24,0
68,0,NA,NA,NA,NA,NA,NA,5/21/24,0
69,0,NA,NA,NA,NA,NA,NA,5/21/24,0
2647,0,NA,NA,NA,NA,NA,NA,6/14/24,0
2648,0,NA,NA,NA,NA,NA,NA,6/14/24,0
2649,0,NA,NA,NA,NA,NA,NA,6/14/24,0
2650,0,NA,NA,NA,NA,NA,NA,6/14/24,0
2651,0,NA,NA,NA,NA,NA,NA,6/14/24,0
2652,0,NA,NA,NA,NA,NA,NA,6/14/24,0
2653,0,NA,NA,NA,NA,NA,NA,6/14/24,0
2654,0,NA,NA,NA,NA,NA,NA,6/14/24,0
2655,0,NA,NA,NA,NA,NA,NA,6/14/24,0
2656,0,NA,NA,NA,NA,NA,NA,6/14/24,0
2657,0,NA,NA,NA,NA,NA,NA,6/14/24,0
2658,0,NA,NA,NA,NA,NA,NA,6/14/24,0
2659,0,NA,NA,NA,NA,NA,NA,6/14/24,0
2660,0,NA,NA,NA,NA,NA,NA,6/14/24,0
2661,0,NA,NA,NA,NA,NA,NA,6/14/24,0
2662,0,NA,NA,NA,NA,NA,NA,6/14/24,0
2663,5,0,0,NA,NA,NA,2,6/14/24,0
2664,0,NA,NA,NA,NA,NA,NA,6/14/24,0
2665,0,NA,NA,NA,NA,NA,NA,6/14/24,0
2666,0,NA,NA,NA,NA,NA,NA,6/14/24,0
2667,0,NA,NA,NA,NA,NA,NA,6/14/24,0
2668,0,NA,NA,NA,NA,NA,NA,6/14/24,0
2669,0,NA,NA,NA,NA,NA,NA,6/14/24,0
2670,0,NA,NA,NA,NA,NA,NA,6/14/24,0
2671,1,1,0,13,NA,NA,0,6/14/24,0
2672,0,NA,NA,NA,NA,NA,NA,6/14/24,0
2673,0,NA,NA,NA,NA,NA,NA,6/14/24,0
2674,0,NA,NA,NA,NA,NA,NA,6/14/24,0
2675,0,NA,NA,NA,NA,NA,NA,6/14/24,0
2676,0,NA,NA,NA,NA,NA,NA,6/14/24,0
2677,0,NA,NA,NA,NA,NA,NA,6/14/24,0
2678,0,NA,NA,NA,NA,NA,NA,6/14/24,0
2679,0,NA,NA,NA,NA,NA,NA,6/14/24,0
2680,0,NA,NA,NA,NA,NA,NA,6/14/24,0
2681,0,NA,NA,NA,NA,NA,NA,6/14/24,0
2682,0,NA,NA,NA,NA,NA,NA,6/14/24,0
2683,0,NA,NA,NA,NA,NA,NA,6/14/24,0
2684,0,NA,NA,NA,NA,NA,NA,6/14/24,0
2685,0,NA,NA,NA,NA,NA,NA,6/14/24,0
2686,0,NA,NA,NA,NA,NA,NA,6/14/24,0
2687,0,NA,NA,NA,NA,NA,NA,6/14/24,0
2688,0,NA,NA,NA,NA,NA,NA,6/14/24,0
2689,0,NA,NA,NA,NA,NA,NA,6/14/24,0
2093,0,NA,NA,NA,NA,NA,NA,6/14/24,0
2094,0,NA,NA,NA,NA,NA,NA,6/14/24,0
2095,0,NA,NA,NA,NA,NA,NA,6/14/24,0
2096,0,NA,NA,NA,NA,NA,NA,6/14/24,0
2690,1,0,0,NA,NA,NA,0,6/14/24,0
2691,0,NA,NA,NA,NA,NA,NA,6/14/24,0
2692,0,NA,NA,NA,NA,NA,NA,6/14/24,0
2693,0,NA,NA,NA,NA,NA,NA,6/14/24,0
2694,0,NA,NA,NA,NA,NA,NA,6/14/24,0
2695,0,NA,NA,NA,NA,NA,NA,6/14/24,0
2696,0,NA,NA,NA,NA,NA,NA,6/14/24,0
2697,0,NA,NA,NA,NA,NA,NA,6/14/24,0
2698,0,NA,NA,NA,NA,NA,NA,6/14/24,0
2699,0,NA,NA,NA,NA,NA,NA,6/14/24,0
2700,0,NA,NA,NA,NA,NA,NA,6/14/24,0
2445,0,NA,NA,NA,NA,NA,NA,6/14/24,0
2446,0,NA,NA,NA,NA,NA,NA,6/14/24,0
2447,0,NA,NA,NA,NA,NA,NA,6/14/24,0
2448,0,NA,NA,NA,NA,NA,NA,6/14/24,0
2449,0,NA,NA,NA,NA,NA,NA,6/14/24,0
2450,0,NA,NA,NA,NA,NA,NA,6/14/24,0
2451,0,NA,NA,NA,NA,NA,NA,6/14/24,0
2452,0,NA,NA,NA,NA,NA,NA,6/14/24,0
2453,0,NA,NA,NA,NA,NA,NA,6/14/24,0
2454,0,NA,NA,NA,NA,NA,NA,6/14/24,0
2455,0,NA,NA,NA,NA,NA,NA,6/14/24,0
2456,0,NA,NA,NA,NA,NA,NA,6/14/24,0
2457,0,NA,NA,NA,NA,NA,NA,6/14/24,0
2458,2,0,0,NA,NA,NA,0,6/14/24,0
2459,0,NA,NA,NA,NA,NA,NA,6/14/24,0
2430,0,NA,NA,NA,NA,NA,NA,6/14/24,0
2431,0,NA,NA,NA,NA,NA,NA,6/14/24,0
2432,3,3,0,11,11,6,0,6/14/24,0
2433,4,4,0,37,49,52,1,6/14/24,0
2434,0,NA,NA,NA,NA,NA,NA,6/14/24,0
2435,2,0,0,NA,NA,NA,0,6/14/24,0
2436,1,1,0,33,NA,NA,0,6/14/24,0
2437,9,9,0,43,35,39,2,6/14/24,0
2438,1,1,0,17,NA,NA,0,6/14/24,0
2439,0,NA,NA,NA,NA,NA,NA,6/14/24,0
2440,0,NA,NA,NA,NA,NA,NA,6/14/24,0
2441,0,NA,NA,NA,NA,NA,NA,6/14/24,0
2442,5,5,0,29,21,16,0,6/14/24,0
2443,0,NA,NA,NA,NA,NA,NA,6/14/24,0
2444,1,1,0,24,NA,NA,0,6/14/24,0
2415,0,NA,NA,NA,NA,NA,NA,6/14/24,0
2416,0,NA,NA,NA,NA,NA,NA,6/14/24,0
2417,0,NA,NA,NA,NA,NA,NA,6/14/24,0
2418,0,NA,NA,NA,NA,NA,NA,6/14/24,0
2419,0,NA,NA,NA,NA,NA,NA,6/14/24,0
2420,0,NA,NA,NA,NA,NA,NA,6/14/24,0
2421,0,NA,NA,NA,NA,NA,NA,6/14/24,0
2422,0,NA,NA,NA,NA,NA,NA,6/14/24,0
2423,0,NA,NA,NA,NA,NA,NA,6/14/24,0
2424,0,NA,NA,NA,NA,NA,NA,6/14/24,0
2425,0,NA,NA,NA,NA,NA,NA,6/14/24,0
2426,0,NA,NA,NA,NA,NA,NA,6/14/24,0
2427,2,2,0,19,19,NA,0,6/14/24,0
2428,0,NA,NA,NA,NA,NA,NA,6/14/24,0
2429,0,NA,NA,NA,NA,NA,NA,6/14/24,0
2401,0,NA,NA,NA,NA,NA,NA,6/14/24,0
2402,0,NA,NA,NA,NA,NA,NA,6/14/24,0
2403,0,NA,NA,NA,NA,NA,NA,6/14/24,0
2404,0,NA,NA,NA,NA,NA,NA,6/14/24,0
2405,0,NA,NA,NA,NA,NA,NA,6/14/24,0
2406,0,NA,NA,NA,NA,NA,NA,6/14/24,0
2407,0,NA,NA,NA,NA,NA,NA,6/14/24,0
2408,0,NA,NA,NA,NA,NA,NA,6/14/24,0
2409,0,NA,NA,NA,NA,NA,NA,6/14/24,0
2410,0,NA,NA,NA,NA,NA,NA,6/14/24,0
2411,0,NA,NA,NA,NA,NA,NA,6/14/24,0
2412,0,NA,NA,NA,NA,NA,NA,6/14/24,0
2413,0,NA,NA,NA,NA,NA,NA,6/14/24,0
2414,0,NA,NA,NA,NA,NA,NA,6/14/24,0
2577,7,3,0,NA,NA,NA,2,6/6/24,0
2578,5,5,0,13,17,25,0,6/6/24,0
2579,4,3,1,13,17,25,0,6/6/24,0
2580,3,0,0,NA,NA,NA,0,6/6/24,0
2581,7,6,0,23,25,27,0,6/6/24,0
2582,5,3,0,7,14,19,0,6/6/24,0
2583,7,7,0,18,19,7,0,6/6/24,0
2584,5,5,0,19,19,11,3,6/6/24,0
2585,1,1,0,30,NA,NA,0,6/6/24,0
2586,3,2,0,10,18,NA,0,6/6/24,0
2587,1,1,0,42,NA,NA,0,6/6/24,0
2588,5,5,0,17,19,25,0,6/6/24,0
2589,3,3,0,43,43,29,0,6/6/24,0
2590,5,3,2,NA,NA,NA,2,6/6/24,0
2591,10,10,0,23,28,29,0,6/6/24,0
2558,1,0,0,NA,NA,NA,1,6/6/24,0
2559,1,0,0,NA,NA,NA,0,6/6/24,0
E2-1,1,0,0,NA,NA,NA,1,6/6/24,0
2560,1,0,1,NA,NA,NA,1,6/6/24,0
2561,0,NA,NA,NA,NA,NA,NA,6/6/24,0
2562,0,NA,NA,NA,NA,NA,NA,6/6/24,0
2563,2,0,0,NA,NA,NA,0,6/6/24,0
2564,3,0,0,NA,NA,NA,0,6/6/24,0
2565,2,0,0,NA,NA,NA,1,6/6/24,0
2566,3,1,0,3,NA,NA,3,6/6/24,0
2567,2,0,0,NA,NA,NA,2,6/6/24,0
2568,1,0,0,NA,NA,NA,0,6/6/24,0
2569,2,0,0,NA,NA,NA,1,6/6/24,0
2570,1,0,0,NA,NA,NA,1,6/6/24,0
2571,2,0,0,NA,NA,NA,0,6/6/24,0
2544,2,2,0,29,25,NA,2,6/6/24,0
2545,6,6,0,25,27,17,1,6/6/24,0
2546,6,6,0,29,23,27,1,6/6/24,0
2547,9,0,1,NA,NA,NA,5,6/6/24,0
2548,3,3,0,43,43,37,3,6/6/24,0
2549,6,0,1,NA,NA,NA,4,6/6/24,0
2550,6,5,0,15,19,9,3,6/6/24,0
2551,5,5,0,25,31,22,2,6/6/24,0
2552,3,3,0,43,37,52,3,6/6/24,0
2553,0,NA,NA,NA,NA,NA,NA,6/6/24,0
2554,4,3,1,20,19,11,3,6/6/24,0
2555,3,3,0,31,15,26,2,6/6/24,0
2556,0,NA,NA,NA,NA,NA,NA,6/6/24,0
2557,3,3,0,21,17,9,1,6/6/24,0
2543,0,NA,NA,NA,NA,NA,NA,6/5/24,0
2536,0,NA,NA,NA,NA,NA,NA,6/5/24,0
2537,0,NA,NA,NA,NA,NA,NA,6/5/24,0
2538,0,NA,NA,NA,NA,NA,NA,6/5/24,0
2542,0,NA,NA,NA,NA,NA,NA,6/5/24,0
2539,0,NA,NA,NA,NA,NA,NA,6/5/24,0
2540,1,0,0,NA,NA,NA,1,6/5/24,0
2541,1,0,0,NA,NA,NA,1,6/5/24,0
2638,2,0,0,NA,NA,NA,0,6/5/24,0
2639,0,NA,NA,NA,NA,NA,NA,6/5/24,0
2640,1,0,0,NA,NA,NA,1,6/5/24,0
2641,0,NA,NA,NA,NA,NA,NA,6/5/24,0
2642,0,NA,NA,NA,NA,NA,NA,6/5/24,0
2643,0,NA,NA,NA,NA,NA,NA,6/5/24,0
2644,0,NA,NA,NA,NA,NA,NA,6/5/24,0
2645,2,0,0,NA,NA,NA,1,6/5/24,0
2646,1,0,0,NA,NA,NA,1,6/5/24,0
2630,0,NA,NA,NA,NA,NA,NA,6/5/24,0
2631,0,NA,NA,NA,NA,NA,NA,6/5/24,0
2632,0,NA,NA,NA,NA,NA,NA,6/5/24,0
2633,0,NA,NA,NA,NA,NA,NA,6/5/24,0
2634,1,0,0,NA,NA,NA,1,6/5/24,0
2635,0,NA,NA,NA,NA,NA,NA,6/5/24,0
2636,0,NA,NA,NA,NA,NA,NA,6/5/24,0
2637,0,NA,NA,NA,NA,NA,NA,6/5/24,0
2615,4,3,1,17,17,13,1,6/5/24,0
2616,3,3,0,23,19,9,1,6/5/24,0
2617,3,3,0,21,22,5,1,6/5/24,0
2618,2,2,0,9,17,NA,1,6/5/24,0
2619,6,0,0,NA,NA,NA,2,6/5/24,0
2620,3,2,0,11,21,NA,1,6/5/24,0
2621,0,NA,NA,NA,NA,NA,NA,6/5/24,0
2622,4,4,0,15,19,23,2,6/5/24,0
2623,1,1,0,27,NA,NA,1,6/5/24,0
2624,2,1,1,27,NA,NA,2,6/5/24,0
2625,4,4,0,19,23,27,0,6/5/24,0
2626,5,5,0,25,19,16,1,6/5/24,0
2627,4,3,0,28,29,24,2,6/5/24,0
2628,3,3,0,23,25,9,1,6/5/24,0
2629,4,0,2,NA,NA,NA,1,6/5/24,0
2601,6,6,0,23,23,29,0,6/5/24,0
2602,5,4,1,25,25,26,1,6/5/24,0
2603,1,1,0,23,NA,NA,0,6/5/24,0
2604,5,2,3,17,56,NA,3,6/5/24,0
2605,5,3,1,23,37,26,1,6/5/24,0
2606,7,5,1,21,16,25,3,6/5/24,0
2607,5,4,1,9,12,13,3,6/5/24,0
2608,2,1,1,33,NA,NA,1,6/5/24,0
2609,3,3,0,47,48,19,1,6/5/24,0
2610,7,7,0,29,21,13,3,6/5/24,0
2611,3,3,0,16,20,25,2,6/5/24,0
2612,0,NA,NA,NA,NA,NA,NA,6/5/24,0
2613,7,6,0,27,30,35,0,6/5/24,0
2614,3,1,0,39,NA,NA,1,6/5/24,0
2731,0,NA,NA,NA,NA,NA,NA,5/15/24,0
2732,0,NA,NA,NA,NA,NA,NA,5/15/24,0
2733,0,NA,NA,NA,NA,NA,NA,5/15/24,0
2734,5,3,2,NA,NA,NA,1,5/15/24,0
2735,0,NA,NA,NA,NA,NA,NA,5/15/24,0
2736,0,NA,NA,NA,NA,NA,NA,5/15/24,0
2737,0,NA,NA,NA,NA,NA,NA,5/15/24,0
2738,7,0,5,NA,NA,NA,0,5/15/24,0
2739,1,0,0,NA,NA,NA,1,5/15/24,0
2740,0,NA,NA,NA,NA,NA,NA,5/15/24,0
2741,0,NA,NA,NA,NA,NA,NA,5/15/24,0
2742,0,NA,NA,NA,NA,NA,NA,5/15/24,0
2743,0,NA,NA,NA,NA,NA,NA,5/15/24,0
2744,0,NA,NA,NA,NA,NA,NA,5/15/24,0
2745,0,NA,NA,NA,NA,NA,NA,5/15/24,0
2746,2,1,0,NA,NA,NA,0,5/15/24,0
2747,0,NA,NA,NA,NA,NA,NA,5/15/24,0
2748,0,NA,NA,NA,NA,NA,NA,5/15/24,0
2749,0,NA,NA,NA,NA,NA,NA,5/15/24,0
2750,5,2,1,NA,NA,NA,1,5/15/24,0
2751,3,1,1,NA,NA,NA,0,5/15/24,0
2752,0,NA,NA,NA,NA,NA,NA,5/15/24,0
2753,7,2,1,NA,NA,NA,0,5/15/24,0
2754,0,NA,NA,NA,NA,NA,NA,5/15/24,0
2755,15,4,5,NA,NA,NA,0,5/15/24,0
2756,0,NA,NA,NA,NA,NA,NA,5/15/24,0
2757,0,NA,NA,NA,NA,NA,NA,5/15/24,0
2758,0,NA,NA,NA,NA,NA,NA,5/15/24,0
2774,0,NA,NA,NA,NA,NA,NA,5/15/24,0
2775,0,NA,NA,NA,NA,NA,NA,5/15/24,0
2776,0,NA,NA,NA,NA,NA,NA,5/15/24,0
2777,0,NA,NA,NA,NA,NA,NA,5/15/24,0
2778,0,NA,NA,NA,NA,NA,NA,5/15/24,0
2779,0,NA,NA,NA,NA,NA,NA,5/15/24,0
2780,0,NA,NA,NA,NA,NA,NA,5/15/24,0
2781,0,NA,NA,NA,NA,NA,NA,5/15/24,0
2782,0,NA,NA,NA,NA,NA,NA,5/15/24,0
2783,0,NA,NA,NA,NA,NA,NA,5/15/24,0
2784,0,NA,NA,NA,NA,NA,NA,5/15/24,0
2785,0,NA,NA,NA,NA,NA,NA,5/15/24,0
2786,0,NA,NA,NA,NA,NA,NA,5/15/24,0
2787,0,NA,NA,NA,NA,NA,NA,5/15/24,0
2817,6,3,3,NA,NA,NA,0,5/15/24,0
2818,15,6,4,NA,NA,NA,0,5/15/24,0
2819,6,3,2,NA,NA,NA,3,5/15/24,0
2820,0,NA,NA,NA,NA,NA,NA,5/15/24,0
2821,21,14,2,NA,NA,NA,0,5/15/24,0
2822,4,2,1,NA,NA,NA,0,5/15/24,0
2823,0,NA,NA,NA,NA,NA,NA,5/15/24,0
2824,0,NA,NA,NA,NA,NA,NA,5/15/24,0
2825,9,7,0,NA,NA,NA,0,5/15/24,0
2826,0,NA,NA,NA,NA,NA,NA,5/15/24,0
2827,0,NA,NA,NA,NA,NA,NA,5/15/24,0
2828,13,3,3,NA,NA,NA,0,5/15/24,0
2829,0,NA,NA,NA,NA,NA,NA,5/15/24,0
2830,4,0,1,NA,NA,NA,1,5/15/24,0
2759,0,NA,NA,NA,NA,NA,NA,5/15/24,0
2760,0,NA,NA,NA,NA,NA,NA,5/15/24,0
2761,0,NA,NA,NA,NA,NA,NA,5/15/24,0
2762,0,NA,NA,NA,NA,NA,NA,5/15/24,0
2763,0,NA,NA,NA,NA,NA,NA,5/15/24,0
2764,0,NA,NA,NA,NA,NA,NA,5/15/24,0
2765,0,NA,NA,NA,NA,NA,NA,5/15/24,0
2766,0,NA,NA,NA,NA,NA,NA,5/15/24,0
2767,0,NA,NA,NA,NA,NA,NA,5/15/24,0
2768,0,NA,NA,NA,NA,NA,NA,5/15/24,0
2769,0,NA,NA,NA,NA,NA,NA,5/15/24,0
2770,0,NA,NA,NA,NA,NA,NA,5/15/24,0
2771,0,NA,NA,NA,NA,NA,NA,5/15/24,0
2772,0,NA,NA,NA,NA,NA,NA,5/15/24,0
2773,0,NA,NA,NA,NA,NA,NA,5/15/24,0
2831,0,NA,NA,NA,NA,NA,NA,5/15/24,0
2832,0,NA,NA,NA,NA,NA,NA,5/15/24,0
2833,0,NA,NA,NA,NA,NA,NA,5/15/24,0
2834,0,NA,NA,NA,NA,NA,NA,5/15/24,0
2835,0,NA,NA,NA,NA,NA,NA,5/15/24,0
2836,0,NA,NA,NA,NA,NA,NA,5/15/24,0
2837,0,NA,NA,NA,NA,NA,NA,5/15/24,0
2838,0,NA,NA,NA,NA,NA,NA,5/15/24,0
2839,0,NA,NA,NA,NA,NA,NA,5/15/24,0
2840,0,NA,NA,NA,NA,NA,NA,5/15/24,0
2841,0,NA,NA,NA,NA,NA,NA,5/15/24,0
2842,0,NA,NA,NA,NA,NA,NA,5/15/24,0
2843,0,NA,NA,NA,NA,NA,NA,5/15/24,0
2803,11,4,2,NA,NA,NA,1,5/15/24,0
2804,0,NA,NA,NA,NA,NA,NA,5/15/24,0
2805,26,16,2,NA,NA,NA,0,5/15/24,1
2806,4,3,1,NA,NA,NA,0,5/15/24,0
2807,2,1,0,NA,NA,NA,0,5/15/24,0
2808,7,3,1,NA,NA,NA,0,5/15/24,1
2809,18,14,4,NA,NA,NA,0,5/15/24,0
2810,0,NA,NA,NA,NA,NA,NA,5/15/24,0
2811,0,NA,NA,NA,NA,NA,NA,5/15/24,0
2812,5,2,0,NA,NA,NA,1,5/15/24,0
2813,0,NA,NA,NA,NA,NA,NA,5/15/24,0
2814,0,NA,NA,NA,NA,NA,NA,5/15/24,0
2815,0,NA,NA,NA,NA,NA,NA,5/15/24,0
2816,0,NA,NA,NA,NA,NA,NA,5/15/24,0
2788,12,3,2,NA,NA,NA,2,5/15/24,0
2789,0,NA,NA,NA,NA,NA,NA,5/15/24,0
2790,10,1,3,NA,NA,NA,0,5/15/24,0
2791,0,NA,NA,NA,NA,NA,NA,5/15/24,0
2792,0,NA,NA,NA,NA,NA,NA,5/15/24,0
2793,2,0,2,NA,NA,NA,2,5/15/24,0
2794,0,NA,NA,NA,NA,NA,NA,5/15/24,0
2795,0,NA,NA,NA,NA,NA,NA,5/15/24,0
2796,0,NA,NA,NA,NA,NA,NA,5/15/24,0
2797,0,NA,NA,NA,NA,NA,NA,5/15/24,0
2798,0,NA,NA,NA,NA,NA,NA,5/15/24,0
2799,0,NA,NA,NA,NA,NA,NA,5/15/24,0
2800,0,NA,NA,NA,NA,NA,NA,5/15/24,0
2801,2,0,2,NA,NA,NA,0,5/15/24,0
2802,0,NA,NA,NA,NA,NA,NA,5/15/24,0
2874,54,27,0,22,26,14,0,5/14/24,0
2875,103,37,2,58,4,19,0,5/14/24,0
2876,83,14,4,16,19,17,1,5/14/24,0
2877,35,20,9,25,14,11,3,5/14/24,0
2878,55,3,6,7,11,9,11,5/14/24,0
2879,32,6,8,31,28,15,10,5/14/24,0
2880,93,39,9,16,13,17,1,5/14/24,0
2881,46,6,2,13,19,17,1,5/14/24,0
2882,66,16,8,21,19,15,10,5/14/24,0
2883,74,5,1,9,13,NA,3,5/14/24,0
2884,0,NA,NA,NA,NA,NA,NA,5/14/24,0
2885,28,18,1,29,24,21,5,5/14/24,0
2886,12,2,4,34,17,NA,0,5/14/24,0
2887,55,11,7,33,22,47,7,5/14/24,0
2888,97,31,3,21,22,17,2,5/14/24,0
2889,46,14,0,26,32,25,3,5/14/24,0
2890,27,14,0,20,36,12,0,5/14/24,0
2891,133,29,1,16,16,17,0,5/14/24,0
2892,79,29,2,29,32,30,0,5/14/24,0
2893,84,37,3,46,37,28,0,5/14/24,0
2894,39,13,1,10,8,26,0,5/14/24,0
2895,55,28,0,22,21,24,0,5/14/24,0
2896,46,19,3,28,22,30,2,5/14/24,0
2897,0,NA,NA,NA,NA,NA,NA,5/14/24,0
2898,56,29,0,28,22,30,2,5/14/24,0
2899,31,15,0,22,24,22,1,5/14/24,0
2900,81,37,0,42,30,29,0,5/14/24,0
2901,59,26,2,59,45,79,9,5/14/24,0
2902,65,32,5,30,26,19,7,5/14/24,0
2903,6,2,0,15,35,NA,0,5/14/24,0
2859,38,17,0,27,17,26,1,5/14/24,0
2860,12,2,2,29,35,NA,0,5/14/24,0
2861,98,23,0,16,17,16,9,5/14/24,0
2862,37,19,0,34,36,29,1,5/14/24,0
2863,30,21,0,25,31,28,1,5/14/24,0
2864,23,8,0,30,24,22,0,5/14/24,0
2865,47,22,0,24,29,20,1,5/14/24,0
2866,111,27,0,11,17,9,0,5/14/24,0
2867,0,NA,NA,NA,NA,NA,NA,5/14/24,0
2868,63,13,2,16,17,18,0,5/14/24,0
2869,29,20,0,23,22,26,2,5/14/24,0
2870,57,24,1,41,11,27,3,5/14/24,0
2871,62,31,4,37,37,34,2,5/14/24,0
2872,36,12,6,41,30,39,2,5/14/24,0
2873,53,16,0,41,25,7,0,5/14/24,0
2844,28,11,1,59,37,41,1,5/14/24,0
2845,28,20,1,53,21,34,0,5/14/24,0
2846,102,24,1,44,23,35,5,5/14/24,0
2847,29,7,0,50,47,31,3,5/14/24,0
2848,36,20,1,31,29,43,1,5/14/24,0
2849,53,19,3,50,41,40,0,5/14/24,0
2850,22,7,1,55,24,40,0,5/14/24,0
2851,63,29,1,24,31,25,2,5/14/24,0
2852,24,19,1,47,24,34,0,5/14/24,0
2853,47,22,1,31,39,31,0,5/14/24,0
2854,8,5,0,29,28,24,0,5/14/24,0
2855,90,28,0,33,50,24,2,5/14/24,0
2856,56,32,0,28,30,28,0,5/14/24,0
2857,50,15,0,26,27,34,1,5/14/24,0
2858,27,11,0,58,30,45,1,5/14/24,0
2904,29,6,1,7,19,15,0,5/14/24,0
2905,31,1,0,7,NA,NA,2,5/14/24,0
2906,0,NA,NA,NA,NA,NA,NA,5/14/24,0
2907,18,4,0,22,15,19,4,5/14/24,0
2908,21,2,2,26,5,NA,0,5/14/24,0
2909,27,16,0,17,18,12,2,5/14/24,0
2910,26,2,0,12,17,NA,1,5/14/24,0
2911,32,11,0,15,8,19,9,5/14/24,0
2912,50,27,1,58,25,25,7,5/14/24,0
2913,12,3,0,13,17,14,4,5/14/24,0
2914,16,2,0,23,9,NA,2,5/14/24,0
2915,35,5,0,14,12,7,11,5/14/24,0
2916,24,5,1,12,30,21,2,5/14/24,0
2917,37,22,1,10,13,22,9,5/14/24,0
2918,14,6,2,25,36,44,1,5/14/24,0
2919,32,11,1,22,24,7,1,5/14/24,0
2920,49,21,0,17,19,18,7,5/14/24,0
2921,15,4,0,39,43,27,1,5/14/24,0
2922,0,NA,NA,NA,NA,NA,NA,5/14/24,0
2923,20,8,0,24,29,31,5,5/14/24,0
2924,22,7,0,21,17,21,3,5/14/24,0
2925,5,0,0,NA,NA,NA,0,5/14/24,0
2926,28,7,2,14,17,9,5,5/14/24,0
2927,35,25,1,24,25,21,1,5/14/24,0
2928,36,2,4,24,NA,NA,6,5/14/24,0
2929,33,8,1,23,19,27,2,5/14/24,0
2930,0,NA,NA,NA,NA,NA,NA,5/14/24,0
2931,4,2,0,20,22,21,0,5/14/24,0
2932,21,4,0,20,22,31,0,5/14/24,0
2933,26,7,4,27,31,21,1,5/14/24,0
2934,60,11,3,25,27,19,2,5/14/24,0
2935,30,5,0,42,9,16,0,5/14/24,0
2936,20,2,2,26,22,NA,0,5/14/24,0
2937,46,4,1,23,17,21,3,5/14/24,0
2938,11,4,0,27,12,42,1,5/14/24,0
2939,83,4,2,28,22,23,3,5/14/24,0
2940,27,8,1,45,7,38,2,5/14/24,0
2941,62,15,2,21,13,21,1,5/14/24,0
2942,60,16,1,38,23,14,3,5/14/24,0
2943,68,10,1,35,25,20,2,5/14/24,0
2944,22,7,2,10,13,27,3,5/14/24,0
2945,57,26,2,24,33,25,2,5/14/24,0
2946,52,18,4,23,24,24,1,5/14/24,0
2947,0,NA,NA,NA,NA,NA,NA,5/14/24,0
2948,73,24,2,26,21,19,NA,5/14/24,0
2949,122,29,0,24,32,27,0,5/14/24,0
2950,24,14,0,41,25,27,3,5/14/24,0
2951,102,31,16,49,32,57,7,5/14/24,0
2952,46,20,0,37,27,35,0,5/14/24,0
2953,92,20,2,43,50,36,3,5/14/24,0
2954,93,38,1,38,39,47,1,5/14/24,0
2955,17,6,1,26,21,29,3,5/14/24,0
2956,86,67,0,29,19,23,0,5/14/24,0
2957,96,24,1,31,27,31,1,5/14/24,0
2958,26,12,0,44,32,51,0,5/14/24,0
2959,117,34,4,34,29,34,2,5/14/24,0
2960,10,3,3,30,25,34,3,5/14/24,0
2961,35,14,0,41,28,42,1,5/14/24,0
2962,64,24,6,24,23,25,0,5/14/24,0
2963,45,17,2,20,27,28,1,5/14/24,0
3214,3,0,0,NA,NA,NA,0,6/25/24,0
3216,1,0,0,NA,NA,NA,0,6/25/24,0
3218,2,0,0,NA,NA,NA,0,6/25/24,0
3217,3,0,0,NA,NA,NA,0,6/25/24,0
3219,2,0,0,NA,NA,NA,1,6/25/24,0
D2_SE8_6,0,NA,NA,NA,NA,NA,NA,6/25/24,0
D2_SE8_7,0,NA,NA,NA,NA,NA,NA,6/25/24,0
D2_SE8_8,0,NA,NA,NA,NA,NA,NA,6/25/24,0
D2_SE8_10,0,NA,NA,NA,NA,NA,NA,6/25/24,0
D2_SE7_1,0,NA,NA,NA,NA,NA,NA,6/25/24,0
3205,2,0,0,NA,NA,NA,0,6/25/24,0
D2_SE7_3,0,NA,NA,NA,NA,NA,NA,6/25/24,0
D2_SE7_4,0,NA,NA,NA,NA,NA,NA,6/25/24,0
D2_SE7_5,0,NA,NA,NA,NA,NA,NA,6/25/24,0
D2_SE7_6,0,NA,NA,NA,NA,NA,NA,6/25/24,0
D2_SE7_7,0,NA,NA,NA,NA,NA,NA,6/25/24,0
D2_SE7_8,0,NA,NA,NA,NA,NA,NA,6/25/24,0
D2_SE7_9,0,NA,NA,NA,NA,NA,NA,6/25/24,0
D2_SE7_10,0,NA,NA,NA,NA,NA,NA,6/25/24,0
D2_SE6_1,0,NA,NA,NA,NA,NA,NA,6/25/24,0
D2_SE6_2,0,NA,NA,NA,NA,NA,NA,6/25/24,0
D2_SE6_3,0,NA,NA,NA,NA,NA,NA,6/25/24,0
D2_SE6_4,0,NA,NA,NA,NA,NA,NA,6/25/24,0
D2_SE6_5,0,NA,NA,NA,NA,NA,NA,6/25/24,0
D2_SE6_6,0,NA,NA,NA,NA,NA,NA,6/25/24,0
D2_SE6_7,0,NA,NA,NA,NA,NA,NA,6/25/24,0
D2_SE6_8,0,NA,NA,NA,NA,NA,NA,6/25/24,0
D2_SE6_9,0,NA,NA,NA,NA,NA,NA,6/25/24,0
D2_SE6_10,0,NA,NA,NA,NA,NA,NA,6/25/24,0
D2_SE5_1,0,NA,NA,NA,NA,NA,NA,6/25/24,0
3200,3,2,0,9,1,NA,0,6/25/24,0
3201,2,1,0,7,NA,NA,0,6/25/24,0
D2_SE5_4,0,NA,NA,NA,NA,NA,NA,6/25/24,0
2097,2,0,1,NA,NA,NA,1,6/25/24,0
3203,2,0,0,NA,NA,NA,2,6/25/24,0
D2_SE5_7,0,NA,NA,NA,NA,NA,NA,6/25/24,0
3204,3,0,0,NA,NA,NA,2,6/25/24,0
2098,0,NA,NA,NA,NA,NA,NA,6/25/24,0
2099,2,1,0,2,NA,NA,0,6/25/24,0
D2_SE4_1,0,NA,NA,NA,NA,NA,NA,6/25/24,0
D2_SE4_2,0,NA,NA,NA,NA,NA,NA,6/25/24,0
D2_SE4_3,0,NA,NA,NA,NA,NA,NA,6/25/24,0
3225,2,0,0,NA,NA,NA,0,6/25/24,0
D2_SE4_5,0,NA,NA,NA,NA,NA,NA,6/25/24,0
D2_SE4_6,0,NA,NA,NA,NA,NA,NA,6/25/24,0
D2_SE4_7,0,NA,NA,NA,NA,NA,NA,6/25/24,0
D2_SE4_8,0,NA,NA,NA,NA,NA,NA,6/25/24,0
D2_SE4_9,0,NA,NA,NA,NA,NA,NA,6/25/24,0
D2_SE4_10,0,NA,NA,NA,NA,NA,NA,6/25/24,0
3206,1,0,0,NA,NA,NA,0,6/25/24,0
3207,1,0,0,NA,NA,NA,0,6/25/24,0
3208,3,1,0,14,NA,NA,0,6/25/24,0
3209,1,0,0,NA,NA,NA,0,6/25/24,0
D2_SE3_5,0,NA,NA,NA,NA,NA,NA,6/25/24,0
3215,5,0,0,NA,NA,NA,2,6/25/24,0
3210,4,0,0,NA,NA,NA,0,6/25/24,0
3211,2,0,0,NA,NA,NA,1,6/25/24,0
3212,2,1,0,8,NA,NA,0,6/25/24,0
3213,2,0,0,NA,NA,NA,0,6/25/24,0
D2_SE2_1,0,NA,NA,NA,NA,NA,NA,6/25/24,0
D2_SE2_2,0,NA,NA,NA,NA,NA,NA,6/25/24,0
3220,1,0,0,NA,NA,NA,0,6/25/24,0
D2_SE2_4,0,NA,NA,NA,NA,NA,NA,6/25/24,0
D2_SE2_5,0,NA,NA,NA,NA,NA,NA,6/25/24,0
D2_SE2_6,0,NA,NA,NA,NA,NA,NA,6/25/24,0
3221,6,0,0,NA,NA,NA,0,6/25/24,0
D2_SE2_8,0,NA,NA,NA,NA,NA,NA,6/25/24,0
3222,2,0,0,NA,NA,NA,0,6/25/24,0
3223,1,0,0,NA,NA,NA,0,6/25/24,0
3224,1,0,0,NA,NA,NA,1,6/25/24,0
D2_SE1_2,0,NA,NA,NA,NA,NA,NA,6/25/24,0
D2_SE1_3,0,NA,NA,NA,NA,NA,NA,6/25/24,0
D2_SE1_4,0,NA,NA,NA,NA,NA,NA,6/25/24,0
D2_SE1_5,0,NA,NA,NA,NA,NA,NA,6/25/24,0
D2_SE1_6,0,NA,NA,NA,NA,NA,NA,6/25/24,0
D2_SE1_7,0,NA,NA,NA,NA,NA,NA,6/25/24,0
D2_SE1_8,0,NA,NA,NA,NA,NA,NA,6/25/24,0
D2_SE1_9,0,NA,NA,NA,NA,NA,NA,6/25/24,0
D2_SE1_10,0,NA,NA,NA,NA,NA,NA,6/25/24,0
D2_KP1_1,0,NA,NA,NA,NA,NA,NA,5/23/24,0
D2_KP1_2,0,NA,NA,NA,NA,NA,NA,5/23/24,0
D2_KP1_3,0,NA,NA,NA,NA,NA,NA,5/23/24,0
D2_KP1_4,0,NA,NA,NA,NA,NA,NA,5/23/24,0
3069,4,0,0,NA,NA,NA,0,5/23/24,0
3070,5,0,0,NA,NA,NA,0,5/23/24,0
3071,6,0,0,NA,NA,NA,0,5/23/24,0
3072,3,0,0,NA,NA,NA,0,5/23/24,0
3073,5,0,0,NA,NA,NA,0,5/23/24,0
3074,3,0,0,NA,NA,NA,0,5/23/24,0
D2_KP3_1,0,NA,NA,NA,NA,NA,NA,5/23/24,0
D2_KP3_2,0,NA,NA,NA,NA,NA,NA,5/23/24,0
D2_KP3_3,0,NA,NA,NA,NA,NA,NA,5/23/24,0
D2_KP3_4,0,NA,NA,NA,NA,NA,NA,5/23/24,0
D2_KP3_5,0,NA,NA,NA,NA,NA,NA,5/23/24,0
3080,5,0,0,NA,NA,NA,0,5/23/24,0
3081,4,0,0,NA,NA,NA,0,5/23/24,0
3082,4,0,0,NA,NA,NA,0,5/23/24,0
3083,1,0,0,NA,NA,NA,0,5/23/24,0
3084,4,0,0,NA,NA,NA,0,5/23/24,0
3075,2,0,0,NA,NA,NA,0,5/23/24,0
3076,3,0,0,NA,NA,NA,0,5/23/24,0
3077,4,0,0,NA,NA,NA,0,5/23/24,0
3078,5,0,0,NA,NA,NA,0,5/23/24,0
3079,6,0,0,NA,NA,NA,2,5/23/24,0
3085,7,0,0,NA,NA,NA,0,5/23/24,0
3086,4,0,0,NA,NA,NA,0,5/23/24,0
3088,4,0,0,NA,NA,NA,0,5/23/24,0
3089,10,0,0,NA,NA,NA,0,5/23/24,0
3087,2,0,0,NA,NA,NA,0,5/23/24,0
3060,7,0,0,NA,NA,NA,0,5/23/24,0
3061,3,0,0,NA,NA,NA,0,5/23/24,0
3062,4,0,0,NA,NA,NA,0,5/23/24,0
3063,4,0,0,NA,NA,NA,0,5/23/24,0
D2_KP7_5,0,NA,NA,NA,NA,NA,NA,5/23/24,0
3064,9,0,0,NA,NA,NA,0,5/23/24,0
3065,5,0,0,NA,NA,NA,0,5/23/24,0
3066,4,0,0,NA,NA,NA,0,5/23/24,0
3067,4,0,0,NA,NA,NA,0,5/23/24,0
3068,6,0,0,NA,NA,NA,0,5/23/24,0
D2_KE1_1,0,NA,NA,NA,NA,NA,NA,6/26/24,0
D2_KE1_2,0,NA,NA,NA,NA,NA,NA,6/26/24,0
3235,1,0,0,NA,NA,NA,0,6/26/24,0
3236,2,0,0,NA,NA,NA,2,6/26/24,0
D2_KE1_5,0,NA,NA,NA,NA,NA,NA,6/26/24,0
D2_KE1_6,0,NA,NA,NA,NA,NA,NA,6/26/24,0
3237,4,0,0,NA,NA,NA,4,6/26/24,0
D2_KE1_8,0,NA,NA,NA,NA,NA,NA,6/26/24,0
D2_KE1_9,0,NA,NA,NA,NA,NA,NA,6/26/24,0
3238,3,0,0,NA,NA,NA,2,6/26/24,0
D2_KE1_11,0,NA,NA,NA,NA,NA,NA,6/26/24,0
D2_KE1_12,0,NA,NA,NA,NA,NA,NA,6/24/26,0
3239,3,0,0,NA,NA,NA,2,6/24/26,0
D2_KE1_14,0,NA,NA,NA,NA,NA,NA,6/24/26,0
D2_KE1_15,0,NA,NA,NA,NA,NA,NA,6/26/24,0
D2_KE2_1,0,NA,NA,NA,NA,NA,NA,6/26/24,0
D2_KE2_2,0,NA,NA,NA,NA,NA,NA,6/26/24,0
D2_KE2_3,0,NA,NA,NA,NA,NA,NA,6/26/24,0
D2_KE2_4,0,NA,NA,NA,NA,NA,NA,6/26/24,0
D2_KE2_5,0,NA,NA,NA,NA,NA,NA,6/26/24,0
D2_KE2_6,0,NA,NA,NA,NA,NA,NA,6/26/24,0
D2_KE2_7,0,NA,NA,NA,NA,NA,NA,6/26/24,0
D2_KE2_8,0,NA,NA,NA,NA,NA,NA,6/26/24,0
D2_KE2_9,0,NA,NA,NA,NA,NA,NA,6/26/24,0
D2_KE2_10,0,NA,NA,NA,NA,NA,NA,6/26/24,0
D2_KE2_11,0,NA,NA,NA,NA,NA,NA,6/26/24,0
D2_KE2_12,0,NA,NA,NA,NA,NA,NA,6/26/24,0
D2_KE2_13,0,NA,NA,NA,NA,NA,NA,6/26/24,0
D2_KE2_14,0,NA,NA,NA,NA,NA,NA,6/26/24,0
D2_KE2_15,0,NA,NA,NA,NA,NA,NA,6/26/24,0
D2_KE3_1,0,NA,NA,NA,NA,NA,NA,6/26/24,0
D2_KE3_2,0,NA,NA,NA,NA,NA,NA,6/26/24,0
D2_KE3_3,0,NA,NA,NA,NA,NA,NA,6/26/24,0
D2_KE3_4,0,NA,NA,NA,NA,NA,NA,6/26/24,0
D2_KE3_5,0,NA,NA,NA,NA,NA,NA,6/26/24,0
D2_KE3_6,0,NA,NA,NA,NA,NA,NA,6/26/24,0
D2_KE3_7,0,NA,NA,NA,NA,NA,NA,6/26/24,0
D2_KE3_8,0,NA,NA,NA,NA,NA,NA,6/26/24,0
D2_KE3_9,0,NA,NA,NA,NA,NA,NA,6/26/24,0
D2_KE3_10,0,NA,NA,NA,NA,NA,NA,6/26/24,0
D2_KE3_11,0,NA,NA,NA,NA,NA,NA,6/26/24,0
D2_KE3_12,0,NA,NA,NA,NA,NA,NA,6/26/24,0
D2_KE3_13,0,NA,NA,NA,NA,NA,NA,6/26/24,0
D2_KE3_14,0,NA,NA,NA,NA,NA,NA,6/26/24,0
D2_KE3_15,0,NA,NA,NA,NA,NA,NA,6/26/24,0
3247,4,1,0,8,NA,NA,0,6/26/24,0
3248,5,2,0,13,19,NA,0,6/26/24,0
3249,2,1,0,24,NA,NA,0,6/26/24,0
3250,3,0,0,NA,NA,NA,0,6/26/24,0
3251,1,0,0,NA,NA,NA,0,6/26/24,0
3252,4,0,0,NA,NA,NA,0,6/26/24,0
D2_KE4_7,0,NA,NA,NA,NA,NA,NA,6/26/24,0
3253,4,2,0,12,6,NA,0,6/26/24,0
D2_KE4_9,0,NA,NA,NA,NA,NA,NA,6/26/24,0
D2_KE4_10,0,NA,NA,NA,NA,NA,NA,6/26/24,0
3256,4,3,0,14,6,4,0,6/26/24,0
3257,3,3,0,22,7,12,0,6/26/24,0
D2_KE4_13,0,NA,NA,NA,NA,NA,NA,6/26/24,0
D2_KE4_14,0,NA,NA,NA,NA,NA,NA,6/26/24,0
3258,3,1,0,20,NA,NA,0,6/26/24,0
D2_KE5_1,0,NA,NA,NA,NA,NA,NA,6/26/24,0
D2_KE5_2,0,NA,NA,NA,NA,NA,NA,6/26/24,0
D2_KE5_3,0,NA,NA,NA,NA,NA,NA,6/26/24,0
D2_KE5_4,0,NA,NA,NA,NA,NA,NA,6/26/24,0
D2_KE5_5,0,NA,NA,NA,NA,NA,NA,6/26/24,0
D2_KE5_6,0,NA,NA,NA,NA,NA,NA,6/26/24,0
D2_KE5_7,0,NA,NA,NA,NA,NA,NA,6/26/24,0
3254,2,1,0,15,NA,NA,0,6/26/24,0
D2_KE5_9,0,NA,NA,NA,NA,NA,NA,6/26/24,0
D2_KE5_10,0,NA,NA,NA,NA,NA,NA,6/26/24,0
D2_KE5_11,0,NA,NA,NA,NA,NA,NA,6/26/24,0
D2_KE5_12,0,NA,NA,NA,NA,NA,NA,6/26/24,0
3228,2,1,0,4,NA,NA,0,6/26/24,0
D2_KE5_14,,NA,NA,NA,NA,NA,NA,6/26/24,0
3255,3,1,0,10,NA,NA,0,6/26/24,0
3240,2,0,0,NA,NA,NA,0,6/26/24,0
3241,3,3,0,10,12,12,0,6/26/24,0
3242,6,3,0,10,12,15,0,6/26/24,0
D2_KE6_4,0,NA,NA,NA,NA,NA,NA,6/26/24,0
3243,1,1,0,32,NA,NA,0,6/26/24,0
3244,3,1,0,20,NA,NA,0,6/26/24,0
3245,4,1,0,9,NA,NA,0,6/26/24,0
3246,5,2,0,8,9,NA,0,6/26/24,0
3259,2,1,0,10,NA,NA,0,6/26/24,0
3260,2,1,0,14,NA,NA,0,6/26/24,0
D2_KE6_11,0,NA,NA,NA,NA,NA,NA,6/26/24,0
3261,4,4,0,5,6,15,0,6/26/24,0
D2_KE6_13,0,NA,NA,NA,NA,NA,NA,6/26/24,0
D2_KE6_14,0,NA,NA,NA,NA,NA,NA,6/26/24,0
D2_KE6_15,0,NA,NA,NA,NA,NA,NA,6/26/24,0
D2_KE7_1,0,NA,NA,NA,NA,NA,NA,6/26/24,0
D2_KE7_2,0,NA,NA,NA,NA,NA,NA,6/26/24,0
D2_KE7_3,0,NA,NA,NA,NA,NA,NA,6/26/24,0
D2_KE7_4,0,NA,NA,NA,NA,NA,NA,6/26/24,0
D2_KE7_5,0,NA,NA,NA,NA,NA,NA,6/26/24,0
D2_KE7_6,0,NA,NA,NA,NA,NA,NA,6/26/24,0
D2_KE7_7,0,NA,NA,NA,NA,NA,NA,6/26/24,0
D2_KE7_8,0,NA,NA,NA,NA,NA,NA,6/26/24,0
D2_KE7_9,0,NA,NA,NA,NA,NA,NA,6/26/24,0
D2_KE7_10,0,NA,NA,NA,NA,NA,NA,6/26/24,0
D2_KE7_11,0,NA,NA,NA,NA,NA,NA,6/26/24,0
D2_KE7_12,0,NA,NA,NA,NA,NA,NA,6/26/24,0
D2_KE7_13,0,NA,NA,NA,NA,NA,NA,6/26/24,0
D2_KE7_14,0,NA,NA,NA,NA,NA,NA,6/26/24,0
D2_KE7_15,0,NA,NA,NA,NA,NA,NA,6/26/24,0
3227,2,1,0,20,NA,NA,0,6/26/24,0
3229,3,1,0,14,NA,NA,0,6/26/24,0
3230,5,0,0,NA,NA,NA,0,6/26/24,0
3231,3,1,0,10,NA,NA,0,6/26/24,0
3262,2,0,0,NA,NA,NA,0,6/26/24,0
3263,1,1,0,16,NA,NA,0,6/26/24,0
3264,2,1,0,14,NA,NA,0,6/26/24,0
3271,2,0,0,NA,NA,NA,0,6/26/24,0
3269,1,0,0,NA,NA,NA,0,6/26/24,0
3270,2,1,0,11,NA,NA,0,6/26/24,0
3267,4,1,0,17,NA,NA,0,6/26/24,0
3266,1,1,0,12,NA,NA,0,6/26/24,0
3226,3,0,0,NA,NA,NA,0,6/26/24,0
3265,2,2,0,26,30,NA,0,6/26/24,0
3268,1,0,0,NA,NA,NA,0,6/26/24,0
3001,33,1,0,NA,NA,NA,24,5/23/24,0
3002,23,0,0,NA,NA,NA,23,5/23/24,0
3004,8,0,0,NA,NA,NA,8,5/23/24,0
D2_KA1_5,0,NA,NA,NA,NA,NA,NA,5/23/24,0
3005,18,0,0,NA,NA,NA,18,5/23/24,0
3006,13,0,0,NA,NA,NA,13,5/23/24,0
3007,8,0,0,NA,NA,NA,7,5/23/24,0
3008,8,0,0,NA,NA,NA,0,5/23/24,0
3009,16,1,0,NA,NA,NA,10,5/23/24,0
3010,29,6,0,NA,NA,NA,20,5/23/24,0
3011,23,0,0,NA,NA,NA,21,5/23/24,0
3012,24,1,1,NA,NA,NA,12,5/23/24,0
3013,11,0,0,NA,NA,NA,11,5/23/24,0
3014,9,2,0,NA,NA,NA,6,5/23/24,0
3019,5,3,1,NA,NA,NA,1,5/23/24,0
3020,4,0,0,NA,NA,NA,0,5/23/24,0
D2_KA2_3,0,NA,NA,NA,NA,NA,NA,5/23/24,0
3021,14,2,0,NA,NA,NA,7,5/23/24,0
3017,2,0,1,NA,NA,NA,1,5/23/24,0
3018,13,0,1,NA,NA,NA,2,5/23/24,0
D2_KA2_7,0,NA,NA,NA,NA,NA,NA,5/23/24,0
3016,19,0,0,NA,NA,NA,13,5/23/24,0
3015,1,0,0,NA,NA,NA,0,5/23/24,0
3022,3,0,0,NA,NA,NA,0,5/23/24,0
3023,9,0,0,NA,NA,NA,8,5/23/24,0
D2_KA2_12,,0,NA,NA,NA,NA,NA,5/23/24,0
3024,2,0,0,NA,NA,NA,0,5/23/24,0
D2_KA2_14,0,NA,NA,NA,NA,NA,NA,5/23/24,0
3025,2,0,0,NA,NA,NA,0,5/23/24,0
D2_KA3_1,0,NA,NA,NA,NA,NA,NA,5/23/24,0
D2_KA3_2,0,NA,NA,NA,NA,NA,NA,5/23/24,0
3026,8,3,1,NA,NA,NA,0,5/23/24,0
D2_KA3_4,0,NA,NA,NA,NA,NA,NA,5/23/24,0
3028,6,2,1,NA,NA,NA,3,5/23/24,0
D2_KA3_6,0,NA,NA,NA,NA,NA,NA,5/23/24,0
D2_KA3_7,0,NA,NA,NA,NA,NA,NA,5/23/24,0
3029,18,5,1,NA,NA,NA,0,5/23/24,0
3032,1,1,0,NA,NA,NA,0,5/23/24,0
3030,7,2,2,NA,NA,NA,3,5/23/24,0
3031,12,1,0,NA,NA,NA,0,5/23/24,0
D2_KA3_12,0,NA,NA,NA,NA,NA,NA,5/23/24,0
3033,3,1,0,NA,NA,NA,1,5/23/24,0
D2_KA3_15,0,NA,NA,NA,NA,NA,NA,5/23/24,0
3034,9,3,1,NA,NA,NA,1,5/23/24,0
3036,10,4,0,NA,NA,NA,0,5/23/24,0
D2_KA4_3,0,NA,NA,NA,NA,NA,NA,5/23/24,0
D2_KA4_4,0,NA,NA,NA,NA,NA,NA,5/23/24,0
D2_KA4_5,0,NA,NA,NA,NA,NA,NA,5/23/24,0
D2_KA4_6,0,NA,NA,NA,NA,NA,NA,5/23/24,0
3037,6,4,0,NA,NA,NA,0,5/23/24,0
3038,7,5,0,NA,NA,NA,0,5/23/24,0
D2_KA4_9,0,NA,NA,NA,NA,NA,NA,5/23/24,0
3039,18,8,1,NA,NA,NA,0,5/23/24,0
D2_KA4_11,0,NA,NA,NA,NA,NA,NA,5/23/24,0
3040,5,3,0,NA,NA,NA,0,5/23/24,0
3041,7,3,0,NA,NA,NA,0,5/23/24,0
3042,5,0,0,NA,NA,NA,0,5/23/24,0
3043,7,4,0,NA,NA,NA,0,5/23/24,0
3044,1,0,0,NA,NA,NA,0,5/23/24,0
3045,17,3,1,NA,NA,NA,0,5/23/24,0
D2_KA5_3,0,NA,NA,NA,NA,NA,NA,5/23/24,0
3046,7,3,0,NA,NA,NA,0,5/23/24,0
3047,2,0,1,NA,NA,NA,0,5/23/24,0
3048,5,2,0,NA,NA,NA,0,5/23/24,0
D2_KA5_7,0,NA,NA,NA,NA,NA,NA,5/23/24,0
3049,13,4,0,NA,NA,NA,NA,3/23/24,0
D2_KA5_9,0,NA,NA,NA,NA,NA,NA,5/23/24,0
3050,10,4,0,NA,NA,NA,0,5/23/24,0
3051,5,0,0,NA,NA,NA,0,5/23/24,0
D2_KA5_12,0,NA,NA,NA,NA,NA,NA,5/23/24,0
3052,9,1,0,NA,NA,NA,0,5/23/24,0
D2_KA5_14,0,NA,NA,NA,NA,NA,NA,5/23/24,0
3053,7,2,0,NA,NA,NA,0,5/23/24,0
3090,8,4,0,NA,NA,NA,0,5/23/24,0
3091,17,1,0,NA,NA,NA,0,5/23/24,0
3098,6,0,1,NA,NA,NA,0,5/23/24,0
3099,8,3,0,NA,NA,NA,0,5/23/24,0
3092,5,1,1,NA,NA,NA,0,5/23/24,0
3093,4,1,0,NA,NA,NA,4,5/23/24,0
3101,6,2,2,NA,NA,NA,2,5/23/24,0
3100,10,2,0,NA,NA,NA,1,5/23/24,0
3094,9,4,1,NA,NA,NA,1,5/23/24,0
3095,6,1,0,NA,NA,NA,2,5/23/24,0
3102,1,1,0,NA,NA,NA,0,5/23/24,0
3103,10,2,3,NA,NA,NA,3,5/23/24,0
3096,1,0,0,NA,NA,NA,0,5/23/24,0
3097,6,2,3,NA,NA,NA,3,5/23/24,0
3104,24,0,0,NA,NA,NA,22,5/23/24,0
3121,7,2,2,NA,NA,NA,0,5/23/24,0
D2_KA7_2,0,NA,NA,NA,NA,NA,NA,5/23/24,0
3115,2,0,0,NA,NA,NA,0,5/23/24,0
3118,1,0,0,NA,NA,NA,0,5/23/24,0
D2_KA7_5,0,NA,NA,NA,NA,NA,NA,5/23/24,0
3107,3,2,1,NA,NA,NA,0,5/23/24,0
3116,13,5,1,NA,NA,NA,0,5/23/24,0
3119,1,0,0,NA,NA,NA,0,5/23/24,0
3105,14,4,0,NA,NA,NA,0,5/23/24,0
3106,9,3,1,NA,NA,NA,0,5/23/24,0
3120,2,0,0,NA,NA,NA,0,5/23/24,0
D2_KA7_12,0,NA,NA,NA,NA,NA,NA,5/23/24,0
3117,1,0,0,NA,NA,NA,0,5/23/25,0
D2_KA7_14,0,NA,NA,NA,NA,NA,NA,5/23/24,0
3114,19,5,4,NA,NA,NA,0,5/23/24,0
3054,12,4,0,NA,NA,NA,0,5/23/24,0
3055,8,3,1,NA,NA,NA,1,5/23/24,0
3056,2,0,0,NA,NA,NA,1,5/23/24,0
3057,3,0,1,NA,NA,NA,1,5/23/24,0
3035,4,1,0,NA,NA,NA,0,5/23/24,0
3058,2,0,0,NA,NA,NA,2,5/23/24,0
3059,6,3,1,NA,NA,NA,3,5/23/24,0
3122,3,0,0,NA,NA,NA,1,5/23/24,0
3123,3,0,0,NA,NA,NA,0,5/23/24,0
3124,5,1,1,NA,NA,NA,1,5/23/24,0
3125,2,0,0,NA,NA,NA,2,5/23/24,0
3126,10,0,0,NA,NA,NA,1,5/23/24,0
3127,13,4,1,NA,NA,NA,4,5/23/24,0
D2_KA8_14,0,NA,NA,NA,NA,NA,NA,5/23/24,0
3128,12,0,1,NA,NA,NA,3,5/23/24,0