Site,Species,Plot,Position,Tag_ID,Population,GreenhouseID,Clone,Endo,Tiller_24,Flowering ,date_24,Herbivory_treatment
HUN,POAU,9,1,2284,LA2,84-5G-63,BW,1,12,0,2-26-2024,1
HUN,POAU,9,2,2285,LA2,84-5G-40,BJ,1,9,0,2-26-2024,1
HUN,POAU,9,3,2286,LA1,200-3C-4B,BO,0,12,0,2-26-2024,1
HUN,POAU,9,4,2287,LA2,84-5G-63,AD,1,8,0,2-26-2024,1
HUN,POAU,9,5,2288,LA1,201-29A,AZ,0,4,0,2-26-2024,1
HUN,POAU,9,6,2289,SFAEF,872,CF,1,11,0,2-26-2024,1
HUN,POAU,9,7,2290,SFAEF,872,CG,1,15,0,2-26-2024,1
HUN,POAU,9,8,2291,LA2,2019-02-10,NA,0,6,0,2-26-2024,1
HUN,POAU,9,9,2292,SFAEF,616,AZ,1,14,0,2-26-2024,1
HUN,POAU,9,10,2293,LA1,201-29B,BH,0,8,0,2-26-2024,1
HUN,POAU,9,11,2294,SFAEF,616,CB,1,13,0,2-26-2024,1
HUN,POAU,9,12,2295,LA1,201-30B-6,AD,1,3,0,2-26-2024,1
HUN,POAU,9,13,2296,SFAEF,B-4,NA,0,20,0,2-26-2024,1
HUN,POAU,9,14,2297,LA2,84-5G-63,AK,1,14,0,2-26-2024,1
HUN,POAU,9,15,2298,SFAEF,1245,BA,0,7,0,2-26-2024,1
SON,ELVI,1,1,3224,PALM,B35-18,NA,1,7,0,3-6-2024,0
SON,ELVI,1,2,D2_SE1_2,PALM,2327H,NA,0,3,0,3-6-2024,0
SON,ELVI,1,3,D2_SE1_3,JLP,110-2A-51,NA,1,4,0,3-6-2024,0
SON,ELVI,1,4,D2_SE1_4,JLP,110-2A-55,NA,1,4,0,3-6-2024,0
SON,ELVI,1,5,D2_SE1_5,JLP,2326H,NA,0,1,0,3-6-2024,0
SON,ELVI,1,6,D2_SE1_6,PALM,819H,NA,0,1,0,3-6-2024,0
SON,ELVI,1,7,D2_SE1_7,PALM,2273H,NA,0,1,0,3-6-2024,0
SON,ELVI,1,8,D2_SE1_8,PALM,103,AB,0,4,0,3-6-2024,0
SON,ELVI,1,9,D2_SE1_9,RL5,D71,AA,1,8,0,3-6-2024,0
SON,ELVI,1,10,D2_SE1_10,SHS,107-160A-7,NA,0,5,0,3-6-2024,0
SON,ELVI,2,1,D2_SE2_1,PALM,B35-24,NA,1,5,0,3-6-2024,1
SON,ELVI,2,2,D2_SE2_2,SHS,107-160A-23,NA,0,10,0,3-6-2024,1
SON,ELVI,2,3,3220,PALM,103,AH,0,2,0,3-6-2024,1
SON,ELVI,2,4,D2_SE2_4,JLP,110-2A-53,NA,1,3,0,3-6-2024,1
SON,ELVI,2,5,D2_SE2_5,RL5,F27,AA,1,5,0,3-6-2024,1
SON,ELVI,2,6,D2_SE2_6,RL5,D13,AA,0,4,0,3-6-2024,1
SON,ELVI,2,7,3221,JLP,110-2A-56,NA,1,5,0,3-6-2024,1
SON,ELVI,2,8,D2_SE2_8,RL5,C18,AA,0,2,0,3-6-2024,1
SON,ELVI,2,9,3222,SHS,107-160A-22,NA,0,4,0,3-6-2024,1
SON,ELVI,2,10,3223,PALM,103,AG,0,2,0,3-6-2024,1
SON,ELVI,3,1,3206,JLP,110-52C-3,NA,0,2,0,3-6-2024,1
SON,ELVI,3,2,3207,RL5,F43,AA,1,8,0,3-6-2024,1
SON,ELVI,3,3,3208,PALM,B35-13,NA,1,6,0,3-6-2024,1
SON,ELVI,3,4,3209,PALM,103,AF,0,3,0,3-6-2024,1
SON,ELVI,3,5,D2_SE3_5,RL5,D55,AA,1,4,0,3-6-2024,1
SON,ELVI,3,6,3215,RL5,D71,AB,1,6,0,3-6-2024,1
SON,ELVI,3,7,3210,JLP,110-2A-43,NA,1,3,0,3-6-2024,1
SON,ELVI,3,8,3211,JLP,110-2A-44,NA,1,4,0,3-6-2024,1
SON,ELVI,3,9,3212,PALM,B35-14,NA,1,5,0,3-6-2024,1
SON,ELVI,3,10,3213,RL5,F43,AB,1,4,0,3-6-2024,1
SON,ELVI,4,1,D2_SE4_1,PALM,103,AG,0,4,0,3-6-2024,0
SON,ELVI,4,2,D2_SE4_2,PALM,B35-16,NA,1,3,0,3-6-2024,0
SON,ELVI,4,3,D2_SE4_3,RL5,D55,AB,1,10,0,3-6-2024,0
SON,ELVI,4,4,3225,JLP,110-2A-47,NA,1,7,0,3-6-2024,0
SON,ELVI,4,5,D2_SE4_5,SHS,107-160A-8,NA,0,4,0,3-6-2024,0
SON,ELVI,4,6,D2_SE4_6,RL5,D55,AC,1,8,0,3-6-2024,0
SON,ELVI,4,7,D2_SE4_7,PALM,1771H,NA,0,1,0,3-6-2024,0
SON,ELVI,4,8,D2_SE4_8, JLP,110-2A-48,NA,1,6,0,3-6-2024,0
SON,ELVI,4,9,D2_SE4_9,PALM,B35-17,NA,1,7,0,3-6-2024,0
SON,ELVI,4,10,D2_SE4_10,PALM,1671H,NA,0,1,0,3-6-2024,0
SON,ELVI,5,1,D2_SE5_1,JLP,110-52C-22,NA,0,2,0,3-6-2024,0
SON,ELVI,5,2,3200,PALM,B35-21,NA,1,5,0,3-6-2024,0
SON,ELVI,5,3,3201,PALM,B34-20,NA,1,4,0,3-6-2024,0
SON,ELVI,5,4,D2_SE5_4,JLP,110-2A-45,NA,1,3,0,3-6-2024,0
SON,ELVI,5,5,2097,SHS,106-36A-33A,AB,1,,,3-16-2024,0
SON,ELVI,5,6,3203,JLP,110-2A-46,NA,1,5,0,3-6-2024,0
SON,ELVI,5,7,D2_SE5_7,RL5,D34,AA,1,6,0,3-6-2024,0
SON,ELVI,5,8,3204,RL5,F27,AA,1,4,0,3-6-2024,0
SON,ELVI,5,9,2098,PALM,79,AA,0,,,3-6-2024,0
SON,ELVI,5,10,2099,RL5,C41,NA,1,,,3-6-2024,0
SON,ELVI,6,1,D2_SE6_1,PALM,B35-19,NA,1,4,0,3-6-2024,0
SON,ELVI,6,2,D2_SE6_2,PALM,102C,AJ,0,1,0,3-6-2024,0
SON,ELVI,6,3,D2_SE6_3,PALM,100,AB,0,2,0,3-6-2024,0
SON,ELVI,6,4,D2_SE6_4,SHS,107-160A-6,NA,0,6,0,3-6-2024,0
SON,ELVI,6,5,D2_SE6_5,PALM,100,AC,0,2,0,3-6-2024,0
SON,ELVI,6,6,D2_SE6_6,SHS,107-160A-5,NA,0,2,0,3-6-2024,0
SON,ELVI,6,7,D2_SE6_7,PALM,63,AD,0,3,0,3-6-2024,0
SON,ELVI,6,8,D2_SE6_8,JLP,110-52C-1,NA,0,2,0,3-6-2024,0
SON,ELVI,6,9,D2_SE6_9,JLP,110-2A-52,NA,1,7,0,3-6-2024,0
SON,ELVI,6,10,D2_SE6_10,JLP,110-52C-2,NA,0,1,0,3-6-2024,0
SON,ELVI,7,1,D2_SE7_1,PALM,B35-22,NA,1,5,0,3-6-2024,1
SON,ELVI,7,2,3205,JLP,110-2A-49,NA,1,5,0,3-6-2024,1
SON,ELVI,7,3,D2_SE7_3,PALM,102,AC,0,1,0,3-6-2024,1
SON,ELVI,7,4,D2_SE7_4,SHS,107-160A-24,NA,0,4,0,3-6-2024,1
SON,ELVI,7,5,D2_SE7_5,HUNT,F43,AC,1,2,0,3-6-2024,1
SON,ELVI,7,6,D2_SE7_6,PALM,100,AA,0,3,0,3-6-2024,1
SON,ELVI,7,7,D2_SE7_7,PALM,B35-23,NA,1,4,0,3-6-2024,1
SON,ELVI,7,8,D2_SE7_8,SHS,107-160A-9,NA,0,6,0,3-6-2024,1
SON,ELVI,7,9,D2_SE7_9,JLP,110-2A-50,NA,1,3,0,3-6-2024,1
SON,ELVI,7,10,D2_SE7_10,RL5,D34,AB,1,6,0,3-6-2024,1
SON,ELVI,8,1,3214,SHS,107-160A-25,NA,0,4,0,3-6-2024,1
SON,ELVI,8,2,3216,PALM,B35-25,NA,1,6,0,3-6-2024,1
SON,ELVI,8,3,3218,JLP,110-2A-54,NA,1,6,0,3-6-2024,1
SON,ELVI,8,4,3217,SHS,107-160A-20,NA,0,7,0,3-6-2024,1
SON,ELVI,8,5,3219,PALM,103,AA,0,7,0,3-6-2024,1
SON,ELVI,8,6,D2_SE8_6,RL5,C36,AA,0,4,0,3-6-2024,1
SON,ELVI,8,7,D2_SE8_7,SHS,107-160A-26,NA,0,3,0,3-6-2024,1
SON,ELVI,8,8,D2_SE8_8,PALM,63,AH,0,2,0,3-6-2024,1
SON,ELVI,8,9,D2_SE8_9,SHS,107-160A-21,NA,0,5,0,3-6-2024,1
SON,ELVI,8,10,D2_SE8_10,RL5,C36,AB,0,5,0,3-6-2024,1
KER,POAU,1,1,D2_KP1_1,LA2,84-5G-63-1,NA,1,10,0,3-6-2024,0
KER,POAU,1,2,D2_KP1_2,LA2,84-5G-63-7,NA,1,2,0,3-6-2024,0
KER,POAU,1,3,D2_KP1_3,LA1,201-29A,NA,0,4,0,3-6-2024,0
KER,POAU,1,4,D2_KP1_4,LA2,84-5G-63-3,NA,1,3,0,3-6-2024,0
KER,POAU,1,5,3069,LA2,84-5G-63-2,NA,1,4,0,3-6-2024,0
KER,POAU,2,1,3070,LA2,84-11D-2,NA,1,3,0,3-6-2024,1
KER,POAU,2,2,3071,LA2,84-11D-5,NA,1,4,0,3-6-2024,1
KER,POAU,2,3,3072,LA2,84-11D-4,NA,0,3,0,3-6-2024,1
KER,POAU,2,4,3073,LA2,84-11D-1,NA,1,4,0,3-6-2024,1
KER,POAU,2,5,3074,LA2,84-11D-9,NA,0,1,0,3-6-2024,1
KER,POAU,3,1,D2_KP3_1,LA1,201-29B-4,AI,0,6,0,3-6-2024,0
KER,POAU,3,2,D2_KP3_2,LA2,84-5G-63-8,NA,1,5,0,3-6-2024,0
KER,POAU,3,3,D2_KP3_3,LA2,84-5G-63-9,NA,1,3,0,3-6-2024,0
KER,POAU,3,4,D2_KP3_4,LA1,201-29B,BL,0,6,0,3-6-2024,0
KER,POAU,3,5,D2_KP3_5,LA1,201-29B,BI,0,10,0,3-6-2024,0
KER,POAU,4,1,3080,LA1,201-29B-4,AK,0,4,0,3-6-2024,0
KER,POAU,4,2,3081,LA1,201-29B-4,AD,0,2,0,3-6-2024,0
KER,POAU,4,3,3082,LA1,201-29B,BM,0,5,0,3-6-2024,0
KER,POAU,4,4,3083,LA1,201-29B,BE,0,5,0,3-6-2024,0
KER,POAU,4,5,3084,LA2,84-11D-7,NA,1,2,0,3-6-2024,0
KER,POAU,5,1,3075,LA2,84-5G-63-10,NA,1,1,0,3-6-2024,1
KER,POAU,5,2,3076,LA2,84-5G-63-6,NA,1,1,0,3-6-2024,1
KER,POAU,5,3,3077,LA2,84-5G-63-5,NA,1,3,0,3-6-2024,1
KER,POAU,5,4,3078,LA2,84-5G-63-4,NA,1,3,0,3-6-2024,1
KER,POAU,5,5,3079,LA1,201-29B,AS,0,7,0,3-6-2024,1
KER,POAU,6,1,3085,LA1,201-29B-4,AH,0,10,0,3-6-2024,1
KER,POAU,6,2,3086,LA2,84-11D-11,NA,1,2,0,3-6-2024,1
KER,POAU,6,3,3088,LA2,84-11D-10,NA,1,4,0,3-6-2024,1
KER,POAU,6,4,3089,LA1,201-29B-4,AT,0,10,0,3-6-2024,1
KER,POAU,6,5,3087,LA2,84-11D-8,NA,1,3,0,3-6-2024,1
KER,POAU,7,1,3060,LA1,201-29B-4,AR,0,6,0,3-6-2024,0
KER,POAU,7,2,3061,LA2,84-5G-63-11,NA,1,3,0,3-6-2024,0
KER,POAU,7,3,3062,LA1,201-29B,AL,0,5,0,3-6-2024,0
KER,POAU,7,4,3063,LA2,84-5G-63-12,NA,1,4,0,3-6-2024,0
KER,POAU,7,5,D2_KP7_5,LA1,201-29B,AY,0,2,0,3-6-2024,0
KER,POAU,8,1,3064,LA1,201-29B-4,BA,0,9,0,3-6-2024,1
KER,POAU,8,2,3065,LA1,201-29B-4,AL,0,7,0,3-6-2024,1
KER,POAU,8,3,3066,LA1,201-30B-6,NA,1,3,0,3-6-2024,1
KER,POAU,8,4,3067,LA1,201-29B-4,AM,0,4,0,3-6-2024,1
KER,POAU,8,5,3068,LA1,201-29B,BF,0,9,0,3-6-2024,1
KER,ELVI,1,1,D2_KE1_1,PALM,232H,NA,0,1,0,3-7-2024,0
KER,ELVI,1,2,D2_KE1_2,SHS,107-160A-18,NA,0,4,0,3-7-2024,0
KER,ELVI,1,3,3235,PALM,81H,NA,0,1,0,3-7-2024,0
KER,ELVI,1,4,3236,RL5,D59-3,NA,1,3,0,3-7-2024,0
KER,ELVI,1,5,D2_KE1_5,JLP,110-52C-14,NA,0,3,0,3-7-2024,0
KER,ELVI,1,6,D2_KE1_6,HUNT,F32,AA,1,5,0,3-7-2024,0
KER,ELVI,1,7,3237,HUNT,F44,AA,1,6,0,3-7-2024,0
KER,ELVI,1,8,D2_KE1_8,JLP,110-52C-15,NA,0,1,0,3-7-2024,0
KER,ELVI,1,9,D2_KE1_9, PALM,B35-2,NA,1,10,0,3-7-2024,0
KER,ELVI,1,10,3238,RL5,D59-2,NA,1,6,0,3-7-2024,0
KER,ELVI,1,11,D2_KE1_11,PALM,B35-4,NA,1,6,0,3-7-2024,0
KER,ELVI,1,12,D2_KE1_12,RL5,D75,AA,1,7,0,3-7-2024,0
KER,ELVI,1,13,3239,JLP,110-2A-27,NA,1,5,0,3-7-2024,0
KER,ELVI,1,14,D2_KE1_14,JLP,110-2A-26,NA,1,3,0,3-7-2024,0
KER,ELVI,1,15,D2_KE1_15,RL5,C32,AA,0,7,0,3-7-2024,0
KER,ELVI,2,1,D2_KE2_1,JLP,110-52C-11,NA,0,2,0,3-7-2024,0
KER,ELVI,2,2,D2_KE2_2,RL5,C32-AA,AA,0,10,0,3-7-2024,0
KER,ELVI,2,3,D2_KE2_3,PALM,B35-41,NA,1,3,0,3-7-2024,0
KER,ELVI,2,4,D2_KE2_4,PALM,B35-42,NA,1,6,0,3-7-2024,0
KER,ELVI,2,5,D2_KE2_5,PALM,203C,NA,0,1,0,3-7-2024,0
KER,ELVI,2,6,D2_KE2_6,JLP,110-2A-28,NA,1,5,0,3-7-2024,0
KER,ELVI,2,7,D2_KE2_7,SHS,107-160A-14,NA,0,3,0,3-7-2024,0
KER,ELVI,2,8,D2_KE2_8,JLP,110-2A-29,NA,1,3,0,3-7-2024,0
KER,ELVI,2,9,D2_KE2_9,SHS,107-160A-13,NA,0,3,0,3-7-2024,0
KER,ELVI,2,10,D2_KE2_10,JLP,110-52C-10,NA,0,2,0,3-7-2024,0
KER,ELVI,2,11,D2_KE2_11,RL5,C32,AB,0,3,0,3-7-2024,0
KER,ELVI,2,12,D2_KE2_12,HUNT,F44,AB,1,6,0,3-7-2024,0
KER,ELVI,2,13,D2_KE2_13,RL5,D59-5,NA,1,6,0,3-7-2024,0
KER,ELVI,2,14,D2_KE2_14,PALM,1981H,NA,0,2,0,3-7-2024,0
KER,ELVI,2,15,D2_KE2_15,JLP,110-52C-20,NA,0,2,0,3-7-2024,0
KER,ELVI,3,1,D2_KE3_1,RL5,C36,AC,0,3,0,3-7-2024,0
KER,ELVI,3,2,D2_KE3_2,RL5,C65,AA,0,4,0,3-7-2024,0
KER,ELVI,3,3,D2_KE3_3,JLP,110-52C-4,NA,0,1,0,3-7-2024,0
KER,ELVI,3,4,D2_KE3_4,JLP,110-52C-6,NA,0,2,0,3-7-2024,0
KER,ELVI,3,5,D2_KE3_5,SHS,107-160A-3,NA,0,4,0,3-7-2024,0
KER,ELVI,3,6,D2_KE3_6,PALM,263H,NA,0,1,0,3-7-2024,0
KER,ELVI,3,7,D2_KE3_7,RL5,D11,AA,0,7,0,3-7-2024,0
KER,ELVI,3,8,D2_KE3_8,PALM,273C,NA,0,1,0,3-7-2024,0
KER,ELVI,3,9,D2_KE3_9,JLP,110-2A-30,NA,1,4,0,3-7-2024,0
KER,ELVI,3,10,D2_KE3_10,RL5,D75,AB,0,9,0,3-7-2024,0
KER,ELVI,3,11,D2_KE3_11,SHS,107-160A-1,NA,1,3,0,3-7-2024,0
KER,ELVI,3,12,D2_KE3_12,JLP,110-52C-5,AD,0,1,0,3-7-2024,0
KER,ELVI,3,13,D2_KE3_13,PALM,225H,NA,0,1,0,3-7-2024,0
KER,ELVI,3,14,D2_KE3_14,SHS,107-160A-2,NA,0,2,0,3-7-2024,0
KER,ELVI,3,15,D2_KE3_15,HUNT,F32,AB,1,4,0,3-7-2024,0
KER,ELVI,4,1,3247,SHS,106-36A-1,NA,1,3,0,3-7-2024,1
KER,ELVI,4,2,3248,JLP,110-2A-23,NA,1,3,0,3-7-2024,1
KER,ELVI,4,3,3249,SHS,107-160A-19,NA,0,2,0,3-7-2024,1
KER,ELVI,4,4,3250,PALM,198H,NA,0,1,0,3-7-2024,1
KER,ELVI,4,5,3251,JLP,110-2A-24,NA,1,8,0,3-7-2024,1
KER,ELVI,4,6,3252,HUNT,F44,AC,1,6,0,3-7-2024,1
KER,ELVI,4,7,D2_KE4_7,PALM,B35-32,NA,1,7,0,3-7-2024,1
KER,ELVI,4,8,3253,JLP,110-2A-25,NA,1,7,0,3-7-2024,1
KER,ELVI,4,9,D2_KE4_9,PALM,B35-33,NA,1,5,0,3-7-2024,1
KER,ELVI,4,10,D2_KE4_10,RL5,D59-4,NA,1,2,0,3-7-2024,1
KER,ELVI,4,11,3256,RL5,D75,AC,1,10,0,3-7-2024,1
KER,ELVI,4,12,3257,SHS,106-36A-5,NA,1,10,0,3-7-2024,1
KER,ELVI,4,13,D2_KE4_13,PALM,B35-34,NA,1,4,0,3-7-2024,1
KER,ELVI,4,14,D2_KE4_14,HUNT,F32,AC,1,4,0,3-7-2024,1
KER,ELVI,4,15,3258,JLP,110-52C-18,NA,0,1,0,3-7-2024,1
KER,ELVI,5,1,D2_KE5_1,JLP,110-2A-37,NA,1,4,0,3-7-2024,1
KER,ELVI,5,2,D2_KE5_2,RL5,C32-AA,AB,0,5,0,3-7-2024,1
KER,ELVI,5,3,D2_KE5_3,RL5,C32,AC,0,5,0,3-7-2024,1
KER,ELVI,5,4,D2_KE5_4,PALM,371H,NA,0,1,0,3-7-2024,1
KER,ELVI,5,5,D2_KE5_5,RL5,D59-6,NA,1,12,0,3-7-2024,1
KER,ELVI,5,6,D2_KE5_6,PALM,I15,NA,1,2,0,3-7-2024,1
KER,ELVI,5,7,D2_KE5_7,PALM,B35-36,NA,1,6,0,3-7-2024,1
KER,ELVI,5,8,3254,JLP,110-52C-13,NA,0,2,0,3-7-2024,1
KER,ELVI,5,9,D2_KE5_9,JLP,110-52C-21,NA,0,3,0,3-7-2024,1
KER,ELVI,5,10,D2_KE5_10,PALM,B35-35,NA,1,6,0,3-7-2024,1
KER,ELVI,5,11,D2_KE5_11,JLP,110-52C-12,NA,0,1,0,3-7-2024,1
KER,ELVI,5,12,D2_KE5_12,SHS,107-160A-15,NA,0,5,0,3-7-2024,1
KER,ELVI,5,13,3228,SHS,107-160A-16,NA,0,8,0,3-7-2024,1
KER,ELVI,5,14,D2_KE5_14,PALM,271H,NA,0,3,0,3-7-2024,1
KER,ELVI,5,15,3255,JLP,110-2A-36,NA,1,4,0,3-7-2024,1
KER,ELVI,6,1,3240,RL5,D54,NA,1,4,0,3-7-2024,1
KER,ELVI,6,2,3241,SHS,106-36A-4,NA,1,7,0,3-7-2024,1
KER,ELVI,6,3,3242,JLP,110-2A-34,NA,1,7,0,3-7-2024,1
KER,ELVI,6,4,D2_KE6_4,PALM,71H,NA,0,1,0,3-7-2024,1
KER,ELVI,6,5,3243,JLP,110-52C-16,NA,0,1,0,3-7-2024,1
KER,ELVI,6,6,3244,JLP,110-52C-17,NA,0,3,0,3-7-2024,1
KER,ELVI,6,7,3245,JLP,110-2A-40,NA,1,5,0,3-7-2024,1
KER,ELVI,6,8,3246,JLP,110-2A-35,NA,1,5,0,3-7-2024,1
KER,ELVI,6,9,3259,PALM,B35-11,NA,1,5,0,3-7-2024,1
KER,ELVI,6,10,3260,SHS,107-160A-17,NA,0,7,0,3-7-2024,1
KER,ELVI,6,11,D2_KE6_11,PALM,100,AL,0,6,0,3-7-2024,1
KER,ELVI,6,12,3261,PALM,B35-7,NA,1,4,0,3-7-2024,1
KER,ELVI,6,13,D2_KE6_13,RL5,D51,NA,1,6,0,3-7-2024,1
KER,ELVI,6,14,D2_KE6_14,PALM,171H,NA,0,1,0,3-7-2024,1
KER,ELVI,6,15,D2_KE6_15,SHS,106-36A-6,NA,1,5,0,3-7-2024,1
KER,ELVI,7,1,D2_KE7_1,PALM,B35-38,NA,1,3,0,3-7-2024,0
KER,ELVI,7,2,D2_KE7_2,PALM,7263H,NA,0,1,0,3-7-2024,0
KER,ELVI,7,3,D2_KE7_3,SHS,106-36A-3,NA,1,9,0,3-7-2024,0
KER,ELVI,7,4,D2_KE7_4,PALM,B35-30,NA,1,5,0,3-7-2024,0
KER,ELVI,7,5,D2_KE7_5,SHS,106-36A-8,NA,1,8,0,3-7-2024,0
KER,ELVI,7,6,D2_KE7_6,RL5,D30-1,NA,1,7,0,3-7-2024,0
KER,ELVI,7,7,D2_KE7_7,PALM,B35-29,NA,1,7,0,3-7-2024,0
KER,ELVI,7,8,D2_KE7_8,SHS,106-36A-2,NA,1,8,0,3-7-2024,0
KER,ELVI,7,9,D2_KE7_9,JLP,110-2A-33,NA,1,10,0,3-7-2024,0
KER,ELVI,7,10,D2_KE7_10,JLP,110-2A-32,NA,1,4,0,3-7-2024,0
KER,ELVI,7,11,D2_KE7_11,SHS,107-160A-4,NA,0,3,0,3-7-2024,0
KER,ELVI,7,12,D2_KE7_12,JLP,110-2A-31,NA,1,2,0,3-7-2024,0
KER,ELVI,7,13,D2_KE7_13,RL5,D30-3,NA,1,10,0,3-7-2024,0
KER,ELVI,7,14,D2_KE7_14,JLP,110-52C-19,NA,0,2,0,3-7-2024,0
KER,ELVI,7,15,D2_KE7_15,RL5,D30-2,NA,1,10,0,3-7-2024,0
KER,ELVI,8,1,3227,SHS,107-160A-11,NA,0,5,0,3-7-2024,1
KER,ELVI,8,2,3229,RL5,D11,AB,0,10,0,3-7-2024,1
KER,ELVI,8,3,3230,RL5,C65,AB,0,7,0,3-7-2024,1
KER,ELVI,8,4,3231,SHS,107-160A-12,NA,0,5,0,3-7-2024,1
KER,ELVI,8,5,3262,RL5,C36,AD,0,7,0,3-7-2024,1
KER,ELVI,8,6,3263,JLP,110-52C-7,NA,0,2,0,3-7-2024,1
KER,ELVI,8,7,3264,JLP,110-52C-9,NA,0,2,0,3-7-2024,1
KER,ELVI,8,8,3271,JLP,110-52C-8,NA,0,2,0,3-7-2024,1
KER,ELVI,8,9,3269,PALM,63,AF,0,2,0,3-7-2024,1
KER,ELVI,8,10,3270,JLP,110-2A-38,NA,1,5,0,3-7-2024,1
KER,ELVI,8,11,3267,PALM,B35-13,NA,1,3,0,3-7-2024,1
KER,ELVI,8,12,3266,PALM,108,AE,0,2,0,3-7-2024,1
KER,ELVI,8,13,3226,PALM,D59-7,NA,1,5,0,3-7-2024,1
KER,ELVI,8,14,3265,SHS,107-160A-10,NA,0,5,0,3-7-2024,1
KER,ELVI,8,15,3268,PALM,103,AI,0,6,0,3-7-2024,1
KER,AGHY,1,1,3001,COHR,35-1-39-AB,AB,1,16,0,3-7-2024,0
KER,AGHY,1,2,3002,LPEF,2024-04-08,NA,1,11,0,3-7-2024,0
KER,AGHY,1,3,3003,COHR,2-24-2001,NA,1,10,0,3-7-2024,0
KER,AGHY,1,4,3004,SJC,242-11-3,NA,1,4,0,3-7-2024,0
KER,AGHY,1,5,D2_KA1_5,SJC,242-11-1,NA,0,13,0,3-7-2024,0
KER,AGHY,1,6,3005,COHR,234-1,AA,0,12,0,3-7-2024,0
KER,AGHY,1,7,3006,LPEF,207-7-11A,NA,0,8,0,3-7-2024,0
KER,AGHY,1,8,3007,COHR,35-1-36-AA,AA,1,18,0,3-7-2024,0
KER,AGHY,1,9,3008,SJC,242-11-4,NA,1,4,0,3-7-2024,0
KER,AGHY,1,10,3009,SJC,242-11-5,NA,1,11,0,3-7-2024,0
KER,AGHY,1,11,3010,SJC,242-11-2,NA,1,13,0,3-7-2024,0
KER,AGHY,1,12,3011,COHR,2-24-2,NA,1,7,0,3-7-2024,0
KER,AGHY,1,13,3012,LPEF,2024-04-07,NA,1,9,0,3-7-2024,0
KER,AGHY,1,14,3013,LPEF,2024-04-06,NA,1,9,0,3-7-2024,0
KER,AGHY,1,15,3014,COHR,35-1-39,AA,1,12,0,3-7-2024,0
KER,AGHY,2,1,3019,SJC,134-9-1,NA,1,5,0,3-7-2024,0
KER,AGHY,2,2,3020,COHR,35-1-36-AA,AA,1,20,0,3-7-2024,0
KER,AGHY,2,3,D2_KA2_3,COHR,35-1-39-AB,AB,1,12,0,3-7-2024,0
KER,AGHY,2,4,3021,SJC,242-11-11,NA,1,8,0,3-7-2024,0
KER,AGHY,2,5,3017,COHR,23,AA,0,13,0,3-7-2024,0
KER,AGHY,2,6,3018,LPEF,2024-04-14,NA,1,7,0,3-7-2024,0
KER,AGHY,2,7,D2_KA2_7,COHR,25,AA,0,8,0,3-7-2024,0
KER,AGHY,2,8,3016,SJC,242-11-10,NA,1,9,0,3-7-2024,0
KER,AGHY,2,9,3015,SJC,42-4-94,AA,0,8,0,3-7-2024,0
KER,AGHY,2,10,3022,COHR,25,AB,0,11,0,3-7-2024,0
KER,AGHY,2,11,3023,COHR,2-24-3,NA,1,7,0,3-7-2024,0
KER,AGHY,2,12,D2_KA2_12,COHR,35-1-39,AB,1,8,0,3-7-2024,0
KER,AGHY,2,13,3024,LPEF,207-7-10A,NA,0,7,0,3-7-2024,0
KER,AGHY,2,14,D2_KA2_14,LPEF,2024-04-15,NA,1,13,0,3-7-2024,0
KER,AGHY,2,15,3025,SJC,2042-04-13,AA,0,5,0,3-7-2024,0
KER,AGHY,3,1,D2_KA3_1,LPEF,207-7-9A,NA,0,3,0,3-7-2024,1
KER,AGHY,3,2,D2_KA3_2,COHR,25,AC,0,11,0,3-7-2024,1
KER,AGHY,3,3,3026,COHR,2-24-5,NA,1,8,0,3-7-2024,1
KER,AGHY,3,4,D2_KA3_4,SJC,211-10-88-AA,AA,0,8,0,3-7-2024,1
KER,AGHY,3,5,3028,COHR,2-24-6,NA,1,5,0,3-7-2024,1
KER,AGHY,3,6,D2_KA3_6,COHR,47,AA,0,9,0,3-7-2024,1
KER,AGHY,3,7,D2_KA3_7,SJC,134-9-2,NA,1,4,0,3-7-2024,1
KER,AGHY,3,8,3029,SJC,134-9-3,NA,1,15,0,3-7-2024,1
KER,AGHY,3,9,3032,SJC,2042-04-04,AA,0,12,0,3-7-2024,1
KER,AGHY,3,10,3030,COHR,23,AB,0,7,0,3-7-2024,1
KER,AGHY,3,11,3031,SJC,42-4-101,NA,0,6,0,3-7-2024,1
KER,AGHY,3,12,D2_KA3_12,SJC,211-10-64,NA,0,12,0,3-7-2024,1
KER,AGHY,3,13,3027,LPEF,2024-04-09,NA,1,9,0,3-7-2024,1
KER,AGHY,3,14,3033,COHR,2-24-4,NA,1,7,0,3-7-2024,1
KER,AGHY,3,15,D2_KA3_15,COHR,14B,AA,0,12,0,3-7-2024,1
KER,AGHY,4,1,3034,SJC,42-4-53,NA,0,6,0,3-7-2024,1
KER,AGHY,4,2,3036,SJC,42-4-100,NA,0,10,0,3-7-2024,1
KER,AGHY,4,3,D2_KA4_3,SJC,134-9-4,NA,1,1,0,3-7-2024,1
KER,AGHY,4,4,D2_KA4_4,COHR,25,AD,0,7,0,3-7-2024,1
KER,AGHY,4,5,D2_KA4_5,COHR,14B,AB,0,9,0,3-7-2024,1
KER,AGHY,4,6,D2_KA4_6,COHR,256,AA,1,10,0,3-7-2024,1
KER,AGHY,4,7,3037,LPEF,2031-04-08,NA,0,5,0,3-7-2024,1
KER,AGHY,4,8,3038,COHR,23,AC,0,10,0,3-7-2024,1
KER,AGHY,4,9,D2_KA4_9,SJC,42-4-48,NA,0,7,0,3-7-2024,1
KER,AGHY,4,10,3039,LPEF,2024-04-17,NA,1,9,0,3-7-2024,1
KER,AGHY,4,11,D2_KA4_11,LPEF,207-7-8,NA,0,8,0,3-7-2024,1
KER,AGHY,4,12,3040,COHR,47,AB,0,13,0,3-7-2024,1
KER,AGHY,4,13,3041,LPEF,2031-04-09,NA,0,3,0,3-7-2024,1
KER,AGHY,4,14,3042,LPEF,2031-04-10,NA,0,1,0,3-7-2024,1
KER,AGHY,4,15,3043,SJC,211-10-52,AD,0,9,0,3-7-2024,1
KER,AGHY,5,1,3044,COHR,256,AB,1,7,0,3-7-2024,1
KER,AGHY,5,2,3045,COHR,256,AC,1,11,0,3-7-2024,1
KER,AGHY,5,3,D2_KA5_3,COHR,35-1-36-AA,AC,1,6,0,3-7-2024,1
KER,AGHY,5,4,3046,LPEF,2024-04-10,NA,1,3,0,3-7-2024,1
KER,AGHY,5,5,3047,COHR,25,AE,0,6,0,3-7-2024,1
KER,AGHY,5,6,3048,SJC,242-11-9,NA,1,3,0,3-7-2024,1
KER,AGHY,5,7,D2_KA5_7,COHR,35-1-39,AC,1,14,0,3-7-2024,1
KER,AGHY,5,8,3049,SJC,211-10-88-AA,AC,0,9,0,3-7-2024,1
KER,AGHY,5,9,D2_KA5_9,LPEF,207-7-8A,NA,0,1,0,3-7-2024,1
KER,AGHY,5,10,3050,SJC,242-11-6,NA,1,11,0,3-7-2024,1
KER,AGHY,5,11,3051,SJC,242-11-7,NA,1,7,0,3-7-2024,1
KER,AGHY,5,12,D2_KA5_12,SJC,242-11-8,NA,1,3,0,3-7-2024,1
KER,AGHY,5,13,3052,COHR,35-1-39-AB,AC,1,10,0,3-7-2024,1
KER,AGHY,5,14,D2_KA5_14,LPEF,2024-04-11,NA,1,5,0,3-7-2024,1
KER,AGHY,5,15,3053,COHR,256,AD,1,12,0,3-7-2024,1
KER,AGHY,6,1,3090,LPEF,2028-01-05,NA,1,5,0,3-7-2024,0
KER,AGHY,6,2,3091,COHR,35-1-39,AD,1,12,0,3-7-2024,0
KER,AGHY,6,3,3098,LPEF,2024-04-13,NA,1,6,0,3-7-2024,0
KER,AGHY,6,4,3099,COHR,25,AF,0,7,0,3-7-2024,0
KER,AGHY,6,5,3092,LPEF,207-7-10,NA,0,5,0,3-7-2024,0
KER,AGHY,6,6,3093,SJC,2042-04-04,AB,0,4,0,3-7-2024,0
KER,AGHY,6,7,3101,SJC,134-9-8,NA,1,5,0,3-7-2024,0
KER,AGHY,6,8,3100,COHR,35-1-36-AA,AD,1,14,0,3-7-2024,0
KER,AGHY,6,9,3094,SJC,2042-04-04,AC,0,17,0,3-7-2024,0
KER,AGHY,6,10,3095,SJC,134-9-7,NA,1,7,0,3-7-2024,0
KER,AGHY,6,11,3102,COHR,23,AD,0,11,0,3-7-2024,0
KER,AGHY,6,12,3103,SJC,134-11-2,NA,1,5,0,3-7-2024,0
KER,AGHY,6,13,3096,COHR,256,AE,1,5,0,3-7-2024,0
KER,AGHY,6,14,3097,SJC,42-4-94,AB,0,13,1,3-7-2024,0
KER,AGHY,6,15,3104,COHR,35-1-39-AB,AD,1,16,0,3-7-2024,0
KER,AGHY,7,1,3121,COHR,23,AE,0,11,0,3-7-2024,1
KER,AGHY,7,2,D2_KA7_2,SJC,134-11-1,NA,1,8,0,3-7-2024,1
KER,AGHY,7,3,3115,COHR,2-24-7,NA,1,6,0,3-7-2024,1
KER,AGHY,7,4,3118,COHR,14B,AC,0,5,1,3-7-2024,1
KER,AGHY,7,5,D2_KA7_5,COHR,2-24-8,NA,1,10,0,3-7-2024,1
KER,AGHY,7,6,3107,LPEF,2031-04-07,NA,0,6,0,3-7-2024,1
KER,AGHY,7,7,3116,SJC,134-9-5,NA,1,8,0,3-7-2024,1
KER,AGHY,7,8,3119,SJC,211-10-88-AA,AB,0,10,1,3-7-2024,1
KER,AGHY,7,9,3105,LPEF,2031-04-06,NA,0,4,0,3-7-2024,1
KER,AGHY,7,10,3106,LPEF,2028-01-04,NA,1,8,0,3-7-2024,1
KER,AGHY,7,11,3120,SJC,42-4-94,AC,0,6,1,3-7-2024,1
KER,AGHY,7,12,D2_KA7_12,SJC,2042-04-19,NA,0,7,0,3-7-2024,1
KER,AGHY,7,13,3117,SJC,2042-04-12,NA,0,12,0,3-7-2024,1
KER,AGHY,7,14,D2_KA7_14,LPEF,242-5-27,NA,0,14,0,3-7-2024,1
KER,AGHY,7,15,3114,LPEF,2024-04-12,NA,1,9,0,3-7-2024,1
KER,AGHY,8,1,3054,SJC,2042-04-14,NA,0,9,0,3-7-2024,0
KER,AGHY,8,2,3055,LPEF,2031-04-11,NA,0,7,0,3-7-2024,0
KER,AGHY,8,3,3056,SJC,2042-04-04,AD,0,8,0,3-7-2024,0
KER,AGHY,8,4,3057,LPEF,2024-04-16,NA,1,6,0,3-7-2024,0
KER,AGHY,8,5,3035,LPEF,2031-04-05,NA,0,1,0,3-7-2024,0
KER,AGHY,8,6,3058,LPEF,2031-04-04,NA,0,9,0,3-7-2024,0
KER,AGHY,8,7,3059,COHR,234-1,AB,0,16,0,3-7-2024,0
KER,AGHY,8,8,3122,COHR,25,AG,0,10,1,3-7-2024,0
KER,AGHY,8,9,3123,SJC,2042-04-13,AB,0,10,1,3-7-2024,0
KER,AGHY,8,10,3124,COHR,14B,AD,0,10,1,3-7-2024,0
KER,AGHY,8,11,3125,SJC,134-9-6,NA,1,5,0,3-7-2024,0
KER,AGHY,8,12,3126,COHR,2-24-9,NA,1,9,0,3-7-2024,0
KER,AGHY,8,13,3127,SJC,42-4-52,NA,0,10,0,3-7-2024,0
KER,AGHY,8,14,D2_KA8_14,SJC,42-4-94,AD,0,24,1,3-7-2024,0
KER,AGHY,8,15,3128,LPEF,207-7-9,NA,0,8,0,3-7-2024,0