Site,Species,Plot,Position,Tag_ID,Population,GreenhouseID,Clone,Endo
BAS,AGHY,1,1,811,LPEF,242-5-24,NA,0
BAS,AGHY,1,2,812,LPEF,GH-35-1,AV,1
BAS,AGHY,1,3,813,LPEF,GH-35-8,AC,1
BAS,AGHY,1,4,814,COHR,215-1-15,BB,0
BAS,AGHY,1,5,815,COHR,1935-01-30,AF,1
BAS,AGHY,1,6,816,COHR,1935-06-07,NA,1
BAS,AGHY,1,7,817,SJC,1942-03-14,NA,1
BAS,AGHY,1,8,818,SJC,42-3-57,NA,1
BAS,AGHY,1,9,819,SJC,1942-03-21,NA,1
BAS,AGHY,1,10,820,SJC,1942-03-28,NA,1
BAS,AGHY,1,11,821,COHR,1935-06-14,AB,1
BAS,AGHY,1,12,822,COHR,1935-01-25,AF,1
BAS,AGHY,1,13,823,LPEF,GH-35-8,AR,1
BAS,AGHY,1,14,824,SJC,1942-03-07,NA,0
BAS,AGHY,1,15,825,LPEF,GH-35-3,BF,1
BAS,AGHY,2,1,901,SJC,1942-03-06,NA,1
BAS,AGHY,2,2,902,LPEF,242-7-6V,DG,0
BAS,AGHY,2,3,903,COHR,1935-06-21,AB,1
BAS,AGHY,2,4,904,SJC,1942-03-13,NA,1
BAS,AGHY,2,5,905,COHR,35-1-33,AC,1
BAS,AGHY,2,6,906,LPEF,GH-35-1,AH,1
BAS,AGHY,2,7,907,SJC,1942-03-20,NA,1
BAS,AGHY,2,8,908,LPEF,GH-35-6,BB,1
BAS,AGHY,2,9,909,COHR,215-1-15,CT,0
BAS,AGHY,2,10,911,SJC,42-4-103,NA,0
BAS,AGHY,2,10,910,COHR,1935-01-14,AC,1
BAS,AGHY,2,12,912,LPEF,GH-35-8,AD,1
BAS,AGHY,2,13,913,COHR,1935-01-30,AG,1
BAS,AGHY,2,14,914,SJC,1942-03-12,NA,1
BAS,AGHY,2,15,915,LPEF,GH-35-3,AR,1
BAS,AGHY,3,1,826,LPEF,242-2-40,NA,0
BAS,AGHY,3,2,827,COHR,1935-01-19,AA,0
BAS,AGHY,3,3,828,SJC,1942-04-01,NA,0
BAS,AGHY,3,4,829,COHR,215-2,BM,0
BAS,AGHY,3,5,830,SJC,1942-04-15,NA,0
BAS,AGHY,3,6,831,COHR,1935-01-28,AA,0
BAS,AGHY,3,7,832,SJC,1942-04-08,NA,0
BAS,AGHY,3,8,833,LPEF,GH-35-3,BG,1
BAS,AGHY,3,9,834,COHR,215-1-15,AI2,0
BAS,AGHY,3,10,835,COHR,215-1-15,AP2,0
BAS,AGHY,3,11,836,LPEF,242-7-6V,DF,0
BAS,AGHY,3,12,837,LPEF,242-7-6V,DA,0
BAS,AGHY,3,13,838,LPEF,242-7-6V,DB,0
BAS,AGHY,3,14,839,SJC,42-3-50,NA,1
BAS,AGHY,3,15,840,COHR,1935-01-25,AA,1
BAS,AGHY,4,1,931,COHR,1935-01-15,AJ,1
BAS,AGHY,4,2,932,COHR,1935-06-14,AH,1
BAS,AGHY,4,3,933,COHR,215-3-45,AM,0
BAS,AGHY,4,4,934,SJC,42-3-34,NA,1
BAS,AGHY,4,5,935,LPEF,242-2-39,NA,0
BAS,AGHY,4,6,936,LPEF,GH-35-8,AH,1
BAS,AGHY,4,7,937,SJC,42-4-89,NA,0
BAS,AGHY,4,8,938,SJC,42-4-96,NA,0
BAS,AGHY,4,9,939,COHR,1935-01-17,AB,1
BAS,AGHY,4,10,940,COHR,215-1-15,AW2,0
BAS,AGHY,4,11,941,LPEF,242-7-6V,DC,0
BAS,AGHY,4,12,942,SJC,1942-03-27,NA,1
BAS,AGHY,4,13,943,LPEF,GH-35-3,BW,1
BAS,AGHY,4,14,944,LPEF,GH-35-1,AX,1
BAS,AGHY,4,15,945,SJC,42-3-35,NA,1
BAS,AGHY,5,1,916,COHR,35-1-44,NA,1
BAS,AGHY,5,2,917,COHR,1935-01-25,AE,1
BAS,AGHY,5,3,918,COHR,215-2,BG,0
BAS,AGHY,5,4,919,SJC,1942-03-26,NA,1
BAS,AGHY,5,5,920,LPEF,242-2-53,NA,0
BAS,AGHY,5,6,921,LPEF,GH-35-6,AP,1
BAS,AGHY,5,7,922,SJC,42-4-69,NA,0
BAS,AGHY,5,8,923,SJC,42-4-54,NA,0
BAS,AGHY,5,9,924,COHR,1935-01-17,NA,1
BAS,AGHY,5,10,925,COHR,215-1-15,DP,0
BAS,AGHY,5,11,926,LPEF,242-7-6V,AC,0
BAS,AGHY,5,12,927,SJC,42-3-32,NA,1
BAS,AGHY,5,13,928,LPEF,GH-35-3,AB,1
BAS,AGHY,5,14,929,LPEF,GH-35-1,AM,1
BAS,AGHY,5,15,930,SJC,42-3-33,NA,1
BAS,AGHY,6,1,841,COHR,215-1-15,AQ2,0
BAS,AGHY,6,2,842,COHR,1935-06-14,NA,1
BAS,AGHY,6,3,843,LPEF,242-5-23,NA,0
BAS,AGHY,6,4,844,LPEF,GH-35-3,BB,1
BAS,AGHY,6,5,845,SJC,42-3-65,NA,1
BAS,AGHY,6,6,846,SJC,42-4-97,NA,0
BAS,AGHY,6,7,847,LPEF,GH-35-8,AK,1
BAS,AGHY,6,8,848,SJC,42-4-36,NA,0
BAS,AGHY,6,9,849,SJC,42-4-90,NA,0
BAS,AGHY,6,10,850,LPEF,242-7-6V,DK,0
BAS,AGHY,6,11,851,LPEF,242-2-7,NA,0
BAS,AGHY,6,12,852,SJC,1942-03-19,NA,1
BAS,AGHY,6,13,853,COHR,215-2,AR,0
BAS,AGHY,6,14,854,COHR,35-1-44,AH,1
BAS,AGHY,6,15,855,COHR,215-1-15,AO2,0
BAS,AGHY,7,1,856,COHR,1935-06-19,AQ,1
BAS,AGHY,7,2,857,SJC,42-3-51,NA,1
BAS,AGHY,7,3,858,LPEF,GH-35-3,BR,1
BAS,AGHY,7,4,859,LPEF,GH-35-6,AX,1
BAS,AGHY,7,5,860,LPEF,242-7-6V,CY,0
BAS,AGHY,7,6,861,COHR,1935-01-25,NA,1
BAS,AGHY,7,7,862,SJC,42-4-73,NA,0
BAS,AGHY,7,8,863,LPEF,242-7-6V,CX,0
BAS,AGHY,7,9,864,SJC,42-3-38,NA,1
BAS,AGHY,7,10,865,SJC,42-4-74,NA,0
BAS,AGHY,7,11,866,COHR,215-1-15,AR2,0
BAS,AGHY,7,12,867,COHR,215-2,BP,0
BAS,AGHY,7,13,868,COHR,215-1-15,AX2,0
BAS,AGHY,7,14,869,SJC,42-4-92,NA,0
BAS,AGHY,7,15,870,LPEF,242-7-6V,CW,0
BAS,AGHY,8,1,946,SJC,42-4-75,NA,0
BAS,AGHY,8,2,947,COHR,1935-06-14,AG,1
BAS,AGHY,8,3,948,SJC,42-4-82,NA,0
BAS,AGHY,8,4,949,COHR,215-1-15,BQ2,0
BAS,AGHY,8,5,950,SJC,42-3-64,NA,1
BAS,AGHY,8,6,951,COHR,1935-06-13,NA,0
BAS,AGHY,8,7,952,SJC,42-4-76,NA,0
BAS,AGHY,8,8,953,SJC,42-4-83,NA,0
BAS,AGHY,8,9,954,LPEF,242-7-6V,AT,0
BAS,AGHY,8,10,955,COHR,215-2,NA,0
BAS,AGHY,8,11,956,LPEF,242-7-6V,CB,0
BAS,AGHY,8,12,957,LPEF,242-7-6V,CZ,0
BAS,AGHY,8,13,958,LPEF,GH-35-3,BH,1
BAS,AGHY,8,14,959,COHR,215-1-15,BR2,0
BAS,AGHY,8,15,960,LPEF,242-7-6V,DE,0
BAS,ELVI,1,1,D_BAE1_1,JLP,109-19A-25,AO,1
BAS,ELVI,1,2,2021,PALM,G57,NA,0
BAS,ELVI,1,3,D_BAE1_3,JLP,110-5A-5O,NA,0
BAS,ELVI,1,4,2022,HUNT,F13,NA,0
BAS,ELVI,1,5,2023,JLP,110-5A-5N,NA,0
BAS,ELVI,1,6,2024,PALM,226,AK,1
BAS,ELVI,1,7,2025,PALM,H59,NA,0
BAS,ELVI,1,8,2026,RL5,D18,AA,0
BAS,ELVI,1,9,2027,PALM,239,AI,1
BAS,ELVI,1,10,2028,PALM,221,AI,1
BAS,ELVI,1,11,2029,RL5,C19,NA,0
BAS,ELVI,1,12,2030,RL5,D42,NA,1
BAS,ELVI,1,13,2031,PALM,225,AX,1
BAS,ELVI,1,14,2032,PALM,G42,NA,0
BAS,ELVI,1,15,2033,PALM,106,AE,0
BAS,ELVI,2,1,2034,PALM,106,AC,0
BAS,ELVI,2,2,2035,PALM,H52,NA,0
BAS,ELVI,2,3,2036,PALM,H31,NA,1
BAS,ELVI,2,4,2037,JLP,110-5A-4J,NA,0
BAS,ELVI,2,5,2038,SHS,106-36A-20,AH,1
BAS,ELVI,2,6,2039,PALM,B3,NA,0
BAS,ELVI,2,7,2040,JLP,110-5A-4B,NA,0
BAS,ELVI,2,8,2041,PALM,220D,AD,0
BAS,ELVI,2,9,2042,HUNT,F5,NA,0
BAS,ELVI,2,10,2043,JLP,110-5A-4I,NA,0
BAS,ELVI,2,11,2044,RL5,C31,AA,0
BAS,ELVI,2,12,2045,JLP,110-2a-13-c,AF,1
BAS,ELVI,2,13,2046,JLP,110-5A-4L,NA,0
BAS,ELVI,2,14,2047,RL5,C22,NA,0
BAS,ELVI,2,15,2048,PALM,H38,NA,0
BAS,ELVI,3,1,2328,HUNT,F35,NA,0
BAS,ELVI,3,2,2329,PALM,216A,AD,1
BAS,ELVI,3,3,2330,PALM,110-5A-8,AR,1
BAS,ELVI,3,4,2331,PALM,238,AJ,1
BAS,ELVI,3,5,2332,RL5,C39,NA,0
BAS,ELVI,3,6,2333,PALM,221,AP,1
BAS,ELVI,3,7,2334,HUNT,E16,NA,1
BAS,ELVI,3,8,2335,JLP,110-5A-5W,NA,0
BAS,ELVI,3,9,2336,PALM,239,AH,1
BAS,ELVI,3,10,2337,JLP,110-2A-22,AE,1
BAS,ELVI,3,11,2338,PALM,H41,NA,1
BAS,ELVI,3,12,2339,PALM,221,AO,1
BAS,ELVI,3,13,2340,RL5,C61,NA,1
BAS,ELVI,3,14,2341,JLP,110-2A-13D,BB,1
BAS,ELVI,3,15,2342,PALM,238,AM,1
BAS,ELVI,4,1,2316,PALM,221,AR,1
BAS,ELVI,4,2,2317,PALM,221,AQ,1
BAS,ELVI,4,3,2318,PALM,220B,AD,1
BAS,ELVI,4,4,2319,JLP,110-5A-5X,NA,0
BAS,ELVI,4,5,2320,PALM,238,AK,1
BAS,ELVI,4,6,2321,SHS,106-150A-4B,AJ,1
BAS,ELVI,4,7,2322,JLP,109-19A-25,AN,1
BAS,ELVI,4,8,2323,PALM,110-5A-8,AU,1
BAS,ELVI,4,9,2324,PALM,238,AT,1
BAS,ELVI,4,10,2325,PALM,216A,AE,1
BAS,ELVI,4,11,D_BAE4_11,RL5,D35,AA,1
BAS,ELVI,4,12,2326,HUNT,F36,NA,0
BAS,ELVI,4,13,D_BAE4_13,JLP,110-44L-10,AJ,1
BAS,ELVI,4,14,2327,RL5,C59,AA,0
BAS,ELVI,4,15,D_BAE4_15,PALM,110-5A-8,AE,1
BAS,ELVI,5,1,2079,RL5,D17,NA,0
BAS,ELVI,5,2,2080,PALM,221,AL,1
BAS,ELVI,5,3,2081,SHS,106-36A-20,AG,1
BAS,ELVI,5,4,2082,PALM,220D,AF,0
BAS,ELVI,5,5,2083,PALM,110-5A-8,AQ,1
BAS,ELVI,5,6,2100,PALM,221,AK,1
BAS,ELVI,5,7,2084,PALM,G12,NA,1
BAS,ELVI,5,8,2085,JLP,110-5A-5R,NA,0
BAS,ELVI,5,9,2086,JLP,110-2A-22,AH,1
BAS,ELVI,5,10,2087,RL5,D10,NA,1
BAS,ELVI,5,11,2088,PALM,H48,NA,0
BAS,ELVI,5,12,2089,HUNT,F28,NA,0
BAS,ELVI,5,13,2090,RL5,D17,AC,0
BAS,ELVI,5,14,2091,PALM,239,AK,1
BAS,ELVI,5,15,2092,PALM,216A,AB,1
BAS,ELVI,6,1,2064,RL5,D18,AB,0
BAS,ELVI,6,2,2065,PALM,H49,NA,0
BAS,ELVI,6,3,2066,PALM,239,AM,1
BAS,ELVI,6,4,2067,RL5,C60,NA,1
BAS,ELVI,6,5,2068,PALM,G43,NA,0
BAS,ELVI,6,6,2069,PALM,238,AF,1
BAS,ELVI,6,7,2070,JLP,110-5A-5P,NA,0
BAS,ELVI,6,8,2071,JLP,110-2A-13D,AR,1
BAS,ELVI,6,9,2072,HUNT,E26,NA,1
BAS,ELVI,6,10,2073,PALM,H44,NA,0
BAS,ELVI,6,11,2074,PALM,220D,AE,0
BAS,ELVI,6,12,2075,RL5,D17,AA,0
BAS,ELVI,6,13,2076,JLP,110-5A-5Q,NA,0
BAS,ELVI,6,14,2077,HUNT,F27,NA,0
BAS,ELVI,6,15,2078,PALM,221,AJ,1
BAS,ELVI,7,1,2049,PALM,221,AM,1
BAS,ELVI,7,2,2050,PALM,238,AI,1
BAS,ELVI,7,3,2051,JLP,110-2A-13D,AD,1
BAS,ELVI,7,4,2052,JLP,110-5A-5U,NA,0
BAS,ELVI,7,5,2053,RL5,D37,NA,1
BAS,ELVI,7,6,2054,PALM,H42,NA,0
BAS,ELVI,7,7,2055,PALM,239,AL,1
BAS,ELVI,7,8,2056,PALM,G5,NA,0
BAS,ELVI,7,9,2057,HUNT,F29,NA,0
BAS,ELVI,7,10,2058,PALM,H45,NA,0
BAS,ELVI,7,11,2062,PALM,238,AG,1
BAS,ELVI,7,12,2059,PALM,221,AN,1
BAS,ELVI,7,13,2060,SHS,106-36A-20,AA,1
BAS,ELVI,7,14,2061,PALM,110-5A-8,AT,1
BAS,ELVI,7,15,2063,RL5,D17,AB,0
BAS,ELVI,8,1,2301,JLP,110-2A-21,AV,1
BAS,ELVI,8,2,2302,RL5,C66,NA,0
BAS,ELVI,8,3,2303,PALM,221,AG,1
BAS,ELVI,8,4,2304,PALM,H58,NA,0
BAS,ELVI,8,5,2305,JLP,110-5A-5F,NA,0
BAS,ELVI,8,6,2306,PALM,H39,NA,0
BAS,ELVI,8,7,2307,JLP,110-5A-5K,NA,0
BAS,ELVI,8,8,2308,PALM,G50,NA,0
BAS,ELVI,8,9,2309,PALM,H51,NA,0
BAS,ELVI,8,10,2310,RL5,D10,AA,0
BAS,ELVI,8,11,2311,HUNT,E30,NA,0
BAS,ELVI,8,12,2312,PALM,106,AG,0
BAS,ELVI,8,13,2313,JLP,110-5A-2Q,NA,0
BAS,ELVI,8,14,2314,RL5,C63,NA,1
BAS,ELVI,8,15,2315,JLP,110-5A-5M,NA,0
BAS,POAU,1,1,961,LA2,84-5C,BA,0
BAS,POAU,1,2,962,LA7,203-9A,AL,0
BAS,POAU,1,3,963,LA7,203-4B-1B,BG,1
BAS,POAU,1,4,964,SFAEF,1328,AN,0
BAS,POAU,1,5,965,LA7,203-9A,AJ,0
BAS,POAU,1,6,966,SFAEF,3,AI,1
BAS,POAU,1,7,967,SFAEF,712,AD,0
BAS,POAU,1,8,968,LA2,84-4G-4,BH,0
BAS,POAU,1,9,969,LA2,84-4G-4,BA,0
BAS,POAU,1,10,970,LA2,84-5C,BB,0
BAS,POAU,1,11,971,LA7,203-7A,AN,0
BAS,POAU,1,12,972,SFAEF,1335,BP,0
BAS,POAU,1,13,973,LA2,84-1L-3,BL,1
BAS,POAU,1,14,974,LA7,203-7A,AR,0
BAS,POAU,1,15,975,SFAEF,1245,AN,0
BAS,POAU,2,1,871,LA7,203-7A,AC,0
BAS,POAU,2,2,872,LA7,203-9A,AK,0
BAS,POAU,2,3,873,LA7,203-9A,AI,0
BAS,POAU,2,4,874,LA2,84-1L-3,AM,1
BAS,POAU,2,5,875,LA2,84-4G-4,AO,0
BAS,POAU,2,6,876,SFAEF,1328,AM,0
BAS,POAU,2,7,877,LA2,84-5C,BF,0
BAS,POAU,2,8,878,SFAEF,2,AE,1
BAS,POAU,2,9,879,SFAEF,712,AC,0
BAS,POAU,2,10,880,LA2,84-4G-4,AP,0
BAS,POAU,2,11,881,LA7,203-7A,AM,0
BAS,POAU,2,12,882,SFAEF,1245,AM,0
BAS,POAU,2,13,883,LA7,203-4B-1B,AL,1
BAS,POAU,2,14,884,LA2,84-5C,AU,0
BAS,POAU,2,15,885,SFAEF,1335,AY,0
BAS,POAU,3,1,886,SFAEF,616,BA,1
BAS,POAU,3,2,887,SFAEF,8B-12,NA,0
BAS,POAU,3,3,888,LA1,200-24A,BK,0
BAS,POAU,3,4,889,LA7,203-4B-1B,AP,1
BAS,POAU,3,5,890,LA2,84-5G-63,AA,1
BAS,POAU,3,6,891,SFAEF,B-35,NA,1
BAS,POAU,3,7,892,LA2,84-1L-3,BK,1
BAS,POAU,3,8,893,LA7,203-4B-1B,AH,1
BAS,POAU,3,9,894,LA2,84-5G-40,AZ,1
BAS,POAU,3,10,895,LA2,84-5C,CA,0
BAS,POAU,3,11,896,LA7,203-4B-1B,AI,1
BAS,POAU,3,12,897,LA2,84-1L-3,BV,1
BAS,POAU,3,13,898,SFAEF,616,BB,1
BAS,POAU,3,14,899,SFAEF,872,BB,1
BAS,POAU,3,15,900,SFAEF,B-36,NA,1
BAS,POAU,4,1,2701,LA2,84-1L-3,BM,1
BAS,POAU,4,2,2702,SFAEF,1245,AO,0
BAS,POAU,4,3,2703,LA2,84-5C,BE,0
BAS,POAU,4,4,2704,SFAEF,616,AE,1
BAS,POAU,4,5,2705,LA1,200-3C-4B,AN,0
BAS,POAU,4,6,2706,LA2,84-4G-4,BD,0
BAS,POAU,4,7,2707,LA1,201-30B-6,BF,1
BAS,POAU,4,8,2708,LA2,84-5G-76,D,1
BAS,POAU,4,9,2709,SFAEF,872,AG,1
BAS,POAU,4,10,2710,LA1,200-24A,AW,0
BAS,POAU,4,11,2711,SFAEF,1328,AO,0
BAS,POAU,4,12,2712,SFAEF,1335,BN,0
BAS,POAU,4,13,2713,LA1,201-30B-6,BE,1
BAS,POAU,4,14,2714,LA1,200-3C-4B,AP,0
BAS,POAU,4,15,2715,LA2,84-4G-4,BE,0
BAS,POAU,5,1,976,LA2,84-1L-3,BO,1
BAS,POAU,5,2,977,LA2,84-5C,BP,0
BAS,POAU,5,3,978,SFAEF,712,AK,0
BAS,POAU,5,4,979,LA2,84-5G-40,AE,1
BAS,POAU,5,5,980,LA1,200-24A,AN,0
BAS,POAU,5,6,981,SFAEF,616,BJ,1
BAS,POAU,5,7,982,LA2,84-4G-4,CE,0
BAS,POAU,5,8,983,LA7,203-4B-1B,BA,1
BAS,POAU,5,9,984,LA2,84-1L-3,BP,1
BAS,POAU,5,10,985,SFAEF,#2,NA,1
BAS,POAU,5,11,986,SFAEF,872,AY,1
BAS,POAU,5,12,987,LA1,200-3C-4B,AK,0
BAS,POAU,5,13,988,SFAEF,1335,BG,0
BAS,POAU,5,14,989,LA7,203-4B-1B,BF,1
BAS,POAU,5,15,990,LA1,201-30B-6,AS,1
BAS,POAU,6,1,2716,LA7,203-4B-1B,BE,1
BAS,POAU,6,2,2717,SFAEF,B-54,NA,1
BAS,POAU,6,3,2718,SFAEF,8B-11,NA,0
BAS,POAU,6,4,2719,LA2,84-5C,BZ,0
BAS,POAU,6,5,2720,SFAEF,872,BA,1
BAS,POAU,6,6,2721,LA2,84-1L-3,BU,1
BAS,POAU,6,7,2722,LA2,84-5G-40,AY,1
BAS,POAU,6,8,2723,LA2,84-5G-63,AB,1
BAS,POAU,6,9,2724,SFAEF,616,AD,1
BAS,POAU,6,10,2725,SFAEF,B-61,NA,1
BAS,POAU,6,11,2726,LA2,84-1L-3,BT,1
BAS,POAU,6,12,2727,LA7,203-4B-1B,AJ,1
BAS,POAU,6,13,2728,SFAEF,616,AE,1
BAS,POAU,6,14,2729,LA7,203-4B-1B,AK,1
BAS,POAU,6,15,2730,LA1,200-24A,BK,0
BAS,POAU,7,1,2006,LA2,84-1L-3,BR,1
BAS,POAU,7,2,2007,LA7,203-4B-1B,AY,1
BAS,POAU,7,3,2008,SFAEF,872,AZ,1
BAS,POAU,7,4,2009,LA2,84-1L-3,BS,1
BAS,POAU,7,5,2010,SFAEF,1335,BM,0
BAS,POAU,7,6,2011,LA2,84-4G-4,CF,0
BAS,POAU,7,7,2012,LA2,84-5G-40,BB,1
BAS,POAU,7,8,2013,LA7,203-4B-1B,AZ,1
BAS,POAU,7,9,2014,LA2,84-5C,BR,0
BAS,POAU,7,10,2015,LA1,200-3C-4B,BN,0
BAS,POAU,7,11,2016,LA1,200-24A,AS,0
BAS,POAU,7,12,2017,SFAEF,616,BP,1
BAS,POAU,7,13,2018,SFAEF,B-34,NA,1
BAS,POAU,7,14,2019,LA1,201-30B-6,AT,1
BAS,POAU,7,15,2020,SFAEF,712,AL,0
BAS,POAU,8,1,991,LA2,84-4G-4,BG,0
BAS,POAU,8,2,992,SFAEF,616,AF,1
BAS,POAU,8,3,993,LA1,200-24A,AX,0
BAS,POAU,8,4,994,SFAEF,1328,AP,0
BAS,POAU,8,5,D_BAP8_5,LA1,200-3C-4B,AX,0
BAS,POAU,8,6,995,LA1,201-30B-6,AY,1
BAS,POAU,8,7,996,LA1,201-30B-6,AV,1
BAS,POAU,8,8,997,SFAEF,1335,BH,0
BAS,POAU,8,9,998,LA1,200-24A,BB,0
BAS,POAU,8,10,999,LA2,84-1L-3,AP,1
BAS,POAU,8,11,2001,LA2,84-5G-40,AG,1
BAS,POAU,8,12,2002,SFAEF,872,AH,1
BAS,POAU,8,13,2003,SFAEF,1245,AR,0
BAS,POAU,8,14,2004,LA2,84-5C,BG,0
BAS,POAU,8,15,2005,LA2,84-4G-4,BF,0
BFL,AGHY,1,1,70,LPEF,GH-35-8,AZ,1
BFL,AGHY,1,2,71,COHR,215-1-15,CO,0
BFL,AGHY,1,3,72,COHR,35-1-33,AF,1
BFL,AGHY,1,4,73,SJC,42-4-56,NA,0
BFL,AGHY,1,5,74,COHR,1935-01-31,AA,1
BFL,AGHY,1,6,75,SJC,1942-03-02,NA,1
BFL,AGHY,1,7,76,SJC,42-4-64,NA,0
BFL,AGHY,1,8,77,COHR,215-1-15,BU,0
BFL,AGHY,1,9,78,LPEF,242-2-27,AA,0
BFL,AGHY,1,10,79,LPEF,242-2-54,NA,0
BFL,AGHY,1,11,80,SJC,42-4-58,NA,0
BFL,AGHY,1,12,81,LPEF,GH-35-6,BA,1
BFL,AGHY,1,13,82,SJC,1942-03-10,NA,1
BFL,AGHY,1,14,83,COHR,1935-01-02,AB,0
BFL,AGHY,1,15,84,LPEF,242-2-43,AA,0
BFL,AGHY,2,1,85,COHR,215-1-15,BZ,0
BFL,AGHY,2,2,86,LPEF,242-5-20,NA,0
BFL,AGHY,2,3,87,LPEF,242-2-52,NA,0
BFL,AGHY,2,4,88,LPEF,242-5-18,NA,0
BFL,AGHY,2,5,89,SJC,42-4-80,NA,0
BFL,AGHY,2,6,90,COHR,215-1-15,CA,0
BFL,AGHY,2,7,91,SJC,42-4-39,NA,0
BFL,AGHY,2,8,92,LPEF,GH-35-6,AY,1
BFL,AGHY,2,9,93,SJC,1942-03-03,NA,1
BFL,AGHY,2,10,94,SJC,42-4-65,NA,0
BFL,AGHY,2,11,95,COHR,35-1-45,NA,0
BFL,AGHY,2,12,96,COHR,35-1-45,AA,0
BFL,AGHY,2,13,97,SJC,42-4-79,NA,0
BFL,AGHY,2,14,98,LPEF,242-2-47,NA,0
BFL,AGHY,2,15,99,COHR,2026-08-01,AG,1
BFL,AGHY,3,1,160,COHR,1935-01-02,AC,0
BFL,AGHY,3,2,161,SJC,42-3-57,NA,1
BFL,AGHY,3,3,162,LPEF,242-5-19,NA,0
BFL,AGHY,3,4,163,SJC,42-4-41,NA,0
BFL,AGHY,3,5,164,COHR,1935-01-02,NA,0
BFL,AGHY,3,6,165,LPEF,GH-35-6,AZ,1
BFL,AGHY,3,7,166,COHR,215-1-15,CB,0
BFL,AGHY,3,8,167,LPEF,242-2-55,NA,0
BFL,AGHY,3,9,168,SJC,42-4-55,NA,0
BFL,AGHY,3,10,169,SJC,1942-04-03,NA,0
BFL,AGHY,3,11,170,LPEF,242-2-21,NA,0
BFL,AGHY,3,12,171,LPEF,242-5-16,NA,0
BFL,AGHY,3,13,172,COHR,215-2-1,AF,0
BFL,AGHY,3,14,173,SJC,42-4-62,NA,0
BFL,AGHY,3,15,174,COHR,1935-01-15,AI,1
BFL,AGHY,4,1,190,LPEF,GH-35-8,AG,1
BFL,AGHY,4,2,191,SJC,42-4-40,NA,0
BFL,AGHY,4,3,192,COHR,1935-01-15,AK,1
BFL,AGHY,4,4,193,SJC,42-4-37,NA,1
BFL,AGHY,4,5,194,COHR,215-1-15,BR,0
BFL,AGHY,4,6,195,SJC,42-4-33,NA,0
BFL,AGHY,4,7,196,LPEF,2028-01-03,NA,1
BFL,AGHY,4,8,197,SJC,42-3-36,NA,1
BFL,AGHY,4,9,198,COHR,1935-01-31,AC,1
BFL,AGHY,4,10,199,LPEF,242-2-21,AA,0
BFL,AGHY,4,11,200,COHR,215-2-1,AS,0
BFL,AGHY,4,12,201,LPEF,242-2-19,NA,0
BFL,AGHY,4,13,202,SJC,1942-03-22,NA,1
BFL,AGHY,4,14,203,LPEF,2028-01-04,NA,1
BFL,AGHY,4,15,204,COHR,1935-06-19,AO,1
BFL,AGHY,5,1,205,LPEF,242-2-43,NA,0
BFL,AGHY,5,2,206,COHR,35-1-33,AD,1
BFL,AGHY,5,3,207,SJC,42-3-59,NA,1
BFL,AGHY,5,4,208,COHR,2026-08-01,AH,1
BFL,AGHY,5,5,209,COHR,1935-01-31,NA,1
BFL,AGHY,5,6,210,SJC,1942-03-15,NA,1
BFL,AGHY,5,7,211,LPEF,GH-35-6,AO,1
BFL,AGHY,5,8,212,LPEF,GH-35-3,AA,1
BFL,AGHY,5,9,213,COHR,1935-06-19,AD,1
BFL,AGHY,5,10,214,COHR,215-1-15,BT,0
BFL,AGHY,5,11,215,SJC,42-4-38,NA,0
BFL,AGHY,5,12,216,LPEF,GH-35-6,AQ,1
BFL,AGHY,5,13,217,COHR,1935-01-31,AD,1
BFL,AGHY,5,14,218,SJC,1942-03-08,NA,1
BFL,AGHY,5,15,219,SJC,1942-03-01,NA,1
BFL,AGHY,6,1,115,SJC,1942-03-24,NA,1
BFL,AGHY,6,2,116,SJC,1942-04-27,NA,0
BFL,AGHY,6,3,117,COHR,1935-06-21,AJ,1
BFL,AGHY,6,4,118,LPEF,242-2-16,NA,0
BFL,AGHY,6,5,119,SJC,1942-04-26,NA,0
BFL,AGHY,6,6,120,SJC,42-3-38,NA,1
BFL,AGHY,6,7,121,LPEF,2028-01-02,NA,1
BFL,AGHY,6,8,122,COHR,35-1-36,AD,1
BFL,AGHY,6,9,123,LPEF,2028-01-01,NA,1
BFL,AGHY,6,10,124,SJC,42-3-62,NA,1
BFL,AGHY,6,11,125,LPEF,242-2-23,NA,0
BFL,AGHY,6,12,126,COHR,215-1-15,BC,0
BFL,AGHY,6,13,127,COHR,1935-06-13,AA,0
BFL,AGHY,6,14,128,COHR,1935-01-30,AD,1
BFL,AGHY,6,15,129,LPEF,GH-35-1,AZ,1
BFL,AGHY,7,1,221,LPEF,242-2-23,NA,0
BFL,AGHY,7,2,222,LPEF,242-2-47,AA,0
BFL,AGHY,7,3,223,SJC,1942-03-31,NA,1
BFL,AGHY,7,4,224,SJC,1942-04-11,NA,0
BFL,AGHY,7,5,225,LPEF,242-2-42,NA,0
BFL,AGHY,7,6,226,SJC,1942-03-09,NA,1
BFL,AGHY,7,7,227,LPEF,GH-35-8,AW,1
BFL,AGHY,7,8,228,COHR,1935-01-19,AB,0
BFL,AGHY,7,9,229,COHR,1935-01-31,AB,1
BFL,AGHY,7,10,230,LPEF,GH-35-3,CD,1
BFL,AGHY,7,11,231,SJC,42-4-72,NA,0
BFL,AGHY,7,12,D_BFA7_12,SJC,1942-04-28,NA,0
BFL,AGHY,7,13,232,COHR,1935-01-02,AA,0
BFL,AGHY,7,14,233,COHR,215-1-15,BW,0
BFL,AGHY,7,15,220,COHR,2026-08-01,AI,1
BFL,AGHY,8,1,130,SJC,42-4-32,NA,0
BFL,AGHY,8,2,131,LPEF,GH-35-3,BI,1
BFL,AGHY,8,3,132,LPEF,GH-35-1,AO,1
BFL,AGHY,8,4,133,COHR,1935-06-19,AR,1
BFL,AGHY,8,5,134,SJC,42-3-58,NA,1
BFL,AGHY,8,6,135,COHR,35-1-36,NA,1
BFL,AGHY,8,7,136,LPEF,242-2-42,AA,0
BFL,AGHY,8,8,137,LPEF,GH-35-1,A,1
BFL,AGHY,8,9,138,COHR,1935-06-21,AC,1
BFL,AGHY,8,10,139,SJC,1942-03-16,NA,1
BFL,AGHY,8,11,140,COHR,1935-01-25,AG,1
BFL,AGHY,8,12,141,SJC,1942-03-23,NA,1
BFL,AGHY,8,13,142,LPEF,GH-35-6,AJ,1
BFL,AGHY,8,14,143,COHR,215-2-1,AG,0
BFL,AGHY,8,15,144,SJC,1942-03-29,NA,1
BFL,ELVI,1,1,2647,HUNT,E41,NA,0
BFL,ELVI,1,2,2648,PALM,98,AK,1
BFL,ELVI,1,3,2649,HUNT,F52,NA,0
BFL,ELVI,1,4,2650,SHS,106-36A-24,AG,1
BFL,ELVI,1,5,2651,PALM,218D,AL,1
BFL,ELVI,1,6,2652,PALM,218D,AJ,1
BFL,ELVI,1,7,2653,PALM,G39,NA,1
BFL,ELVI,1,8,2654,PALM,H54,NA,1
BFL,ELVI,1,9,D_BFE1_9,PALM,98,AM,1
BFL,ELVI,1,10,2655,RL5,D3,NA,0
BFL,ELVI,1,11,2656,RL5,C33,NA,1
BFL,ELVI,1,12,D_BFE1_12,PALM,K5,NA,0
BFL,ELVI,1,13,2657,JLP,110-2A-13D,AX,1
BFL,ELVI,1,14,2658,PALM,K4,NA,0
BFL,ELVI,1,15,2659,RL5,D2,NA,0
BFL,ELVI,2,1,2660,JLP,110-2A-13D,AW,1
BFL,ELVI,2,2,2661,PALM,G54,NA,1
BFL,ELVI,2,3,2662,JLP,110-5A-2J,NA,0
BFL,ELVI,2,4,2663,PALM,K51,NA,0
BFL,ELVI,2,5,2664,JLP,110-5A-2Y,NA,0
BFL,ELVI,2,6,2665,HUNT,E36,AA,0
BFL,ELVI,2,7,2666,PALM,K58,NA,0
BFL,ELVI,2,8,2667,JLP,110-5A-2R,NA,0
BFL,ELVI,2,9,2668,JLP,110-5A-2C,NA,0
BFL,ELVI,2,10,2669,PALM,K50,NA,0
BFL,ELVI,2,11,2670,RL5,D3,AA,0
BFL,ELVI,2,12,2671,RL5,D22,NA,0
BFL,ELVI,2,13,2672,PALM,K11,NA,0
BFL,ELVI,2,14,2673,RL5,D33,NA,1
BFL,ELVI,2,15,2674,HUNT,F10,NA,0
BFL,ELVI,3,1,2675,JLP,110-5A-2E,NA,0
BFL,ELVI,3,2,2676,PALM,G17,NA,1
BFL,ELVI,3,3,2677,PALM,218D,AP,1
BFL,ELVI,3,4,2678,JLP,110-5A-2M,NA,0
BFL,ELVI,3,5,2679,RL5,D12,AA,0
BFL,ELVI,3,6,2680,PALM,218D,AW,1
BFL,ELVI,3,7,2681,PALM,I6,NA,0
BFL,ELVI,3,8,2682,HUNT,F14,NA,0
BFL,ELVI,3,9,2683,PALM,I5,NA,0
BFL,ELVI,3,10,2684,HUNT,F4,NA,0
BFL,ELVI,3,11,2685,SHS,106-36A-24,AE,1
BFL,ELVI,3,12,2686,PALM,I24,NA,0
BFL,ELVI,3,13,2687,RL5,D33,AA,1
BFL,ELVI,3,14,2688,SHS,106-36A-20,AI,1
BFL,ELVI,3,15,2689,RL5,D15,AA,0
BFL,ELVI,4,1,2093,PALM,G48,NA,1
BFL,ELVI,4,2,2094,HUNT,F4,AA,0
BFL,ELVI,4,3,2095,PALM,218D,AO,1
BFL,ELVI,4,4,2096,PALM,G10,NA,1
BFL,ELVI,4,5,2690,PALM,G11,NA,1
BFL,ELVI,4,6,2691,PALM,239,AP,1
BFL,ELVI,4,7,2692,PALM,143,AB,0
BFL,ELVI,4,8,2693,PALM,G49,NA,1
BFL,ELVI,4,9,2694,PALM,239,AQ,1
BFL,ELVI,4,10,2695,JLP,110-2A-6A-2I,NA,1
BFL,ELVI,4,11,2696,RL5,D26,NA,1
BFL,ELVI,4,12,2697,PALM,228C,AR,1
BFL,ELVI,4,13,2698,SHS,106-36A-24,AD,1
BFL,ELVI,4,14,2699,JLP,110-44C-2,AA,1
BFL,ELVI,4,15,2700,RL5,C34,AB,0
BFL,ELVI,5,1,2445,PALM,K3,NA,0
BFL,ELVI,5,2,2446,RL5,C26,AA,0
BFL,ELVI,5,3,2447,RL5,D4,AA,0
BFL,ELVI,5,4,2448,PALM,220D,AG,0
BFL,ELVI,5,5,2449,JLP,110-5A-2H,NA,0
BFL,ELVI,5,6,2450,PALM,228C,AM,1
BFL,ELVI,5,7,2451,PALM,G62,NA,1
BFL,ELVI,5,8,2452,PALM,K2,NA,0
BFL,ELVI,5,9,2453,JLP,110-5A-2F,NA,0
BFL,ELVI,5,10,2454,PALM,228C,AL,1
BFL,ELVI,5,11,2455,PALM,H55,NA,1
BFL,ELVI,5,12,2456,HUNT,F37,NA,0
BFL,ELVI,5,13,2457,RL5,D32,NA,1
BFL,ELVI,5,14,2458,PALM,K1,NA,0
BFL,ELVI,5,15,2459,JLP,109-19A-25,AG,1
BFL,ELVI,6,1,2430,PALM,218D,AI,1
BFL,ELVI,6,2,2431,PALM,228C,AE,1
BFL,ELVI,6,3,2432,PALM,G61,NA,1
BFL,ELVI,6,4,2433,PALM,110-5A-8,AG,1
BFL,ELVI,6,5,2434,PALM,225,AN,1
BFL,ELVI,6,6,2435,RL5,D25,AA,1
BFL,ELVI,6,7,2436,HUNT,E15,NA,0
BFL,ELVI,6,8,2437,RL5,D31,AA,0
BFL,ELVI,6,9,2438,PALM,225,AK,1
BFL,ELVI,6,10,2439,PALM,218D,AV,1
BFL,ELVI,6,11,2440,JLP,110-44C-2,AH,1
BFL,ELVI,6,12,2441,PALM,H43,NA,1
BFL,ELVI,6,13,2442,PALM,H40,NA,1
BFL,ELVI,6,14,2443,JLP,110-44C-2,AD,1
BFL,ELVI,6,15,2444,PALM,100,AF,0
BFL,ELVI,7,1,2415,PALM,G59,NA,1
BFL,ELVI,7,2,2416,RL5,D19,AA,0
BFL,ELVI,7,3,2417,PALM,218D,AM,1
BFL,ELVI,7,4,2418,JLP,110-44L-10,AF,1
BFL,ELVI,7,5,2419,PALM,K7,NA,0
BFL,ELVI,7,6,2420,PALM,98,AF,1
BFL,ELVI,7,7,2421,PALM,G45,NA,1
BFL,ELVI,7,8,2422,PALM,98,AL,1
BFL,ELVI,7,9,2423,PALM,218D,AK,1
BFL,ELVI,7,10,2424,PALM,K6,NA,0
BFL,ELVI,7,11,2425,RL5,D43,NA,1
BFL,ELVI,7,12,2426,PALM,G34,NA,1
BFL,ELVI,7,13,2427,RL5,D22,AA,0
BFL,ELVI,7,14,2428,RL5,D5,NA,0
BFL,ELVI,7,15,2429,HUNT,F50,NA,0
BFL,ELVI,8,1,2401,JLP,110-5A-2L,NA,0
BFL,ELVI,8,2,D_BFE8_2,JLP,110-5A-2D,NA,0
BFL,ELVI,8,3,2402,RL5,C11,AA,0
BFL,ELVI,8,4,2403,PALM,K12,NA,0
BFL,ELVI,8,5,2404,JLP,110-2A-13D,AG,1
BFL,ELVI,8,6,2405,HUNT,F9,NA,0
BFL,ELVI,8,7,2406,RL5,C22,AA,0
BFL,ELVI,8,8,2407,RL5,D39,AB,1
BFL,ELVI,8,9,2408,PALM,K13,NA,0
BFL,ELVI,8,10,2409,PALM,K26,NA,0
BFL,ELVI,8,11,2410,JLP,110-5A-2Z,NA,0
BFL,ELVI,8,12,2411,JLP,110-5A-2K,NA,0
BFL,ELVI,8,13,2412,RL5,D1,NA,0
BFL,ELVI,8,14,2413,PALM,G44,NA,1
BFL,ELVI,8,15,2414,PALM,K48,NA,0
BFL,POAU,1,1,175,LA1,201-29B,BY,0
BFL,POAU,1,2,176,LA1,200-24A,BH,0
BFL,POAU,1,3,177,LA2,84-5G-40,BG,1
BFL,POAU,1,4,178,SFAEF,872,BE,1
BFL,POAU,1,5,179,SFAEF,1335,AD,0
BFL,POAU,1,6,180,LA1,201-30B-6,CK,1
BFL,POAU,1,7,181,SFAEF,616,CF,1
BFL,POAU,1,8,182,LA2,84-4G-4,AL,0
BFL,POAU,1,9,183,SFAEF,1328,AK,0
BFL,POAU,1,10,184,SFAEF,B-75,NA,1
BFL,POAU,1,11,185,LA2,84-5G-40,BN,1
BFL,POAU,1,12,186,LA1,201-29B-4,BB,0
BFL,POAU,1,13,187,LA2,84-56-63,CL,1
BFL,POAU,1,14,188,LA2,84-5G-40,BO,1
BFL,POAU,1,15,189,SFAEF,2,AH,1
BFL,POAU,2,1,100,SFAEF,616,BP,1
BFL,POAU,2,2,101,LA2,84-5G-41,BD,1
BFL,POAU,2,3,102,LA7,203-9A,BC,0
BFL,POAU,2,4,103,LA2,84-4G-4,NA,0
BFL,POAU,2,5,104,LA2,84-5C,CB,0
BFL,POAU,2,6,105,LA2,84-1L-3,AY,1
BFL,POAU,2,7,106,SFAEF,1245,BD,0
BFL,POAU,2,8,107,LA2,84-4G-4,CC,0
BFL,POAU,2,9,108,SFAEF,1,AE,0
BFL,POAU,2,10,109,LA7,203-9A,AG,0
BFL,POAU,2,11,110,LA7,203-9A,AH,0
BFL,POAU,2,12,111,SFAEF,1328,AH,0
BFL,POAU,2,13,112,LA2,84-5C,BY,0
BFL,POAU,2,14,113,SFAEF,1335,AW,0
BFL,POAU,2,15,114,LA7,203-9A,BB,0
BFL,POAU,3,1,40,LA1,200-24A,BA,0
BFL,POAU,3,2,41,SFAEF,1335,AA,0
BFL,POAU,3,3,42,LA7,203-7A,AS,0
BFL,POAU,3,4,43,LA2,84-1L-3,BA,1
BFL,POAU,3,5,44,LA1,201-30B-6,CL,1
BFL,POAU,3,6,45,LA2,84-4G-4,AK,0
BFL,POAU,3,7,46,LA1,201-30B-6,BU,1
BFL,POAU,3,8,47,SFAEF,1335,AY,0
BFL,POAU,3,9,48,SFAEF,1245,AY,0
BFL,POAU,3,10,49,SFAEF,616,CE,1
BFL,POAU,3,11,50,LA1,201-29B,BR,0
BFL,POAU,3,12,51,SFAEF,1328,AJ,0
BFL,POAU,3,13,52,SFAEF,872,BN,1
BFL,POAU,3,14,53,LA2,84-5G-40,BM,1
BFL,POAU,3,15,54,LA1,201-29B,BQ,0
BFL,POAU,4,1,145,LA1,201-30B-6,CB,1
BFL,POAU,4,2,146,LA1,201-30B-6,CH,1
BFL,POAU,4,3,147,SFAEF,616,BW,1
BFL,POAU,4,4,148,SFAEF,872,BM,1
BFL,POAU,4,5,149,LA2,84-5G-63,BX,1
BFL,POAU,4,6,150,SFAEF,712,BW,0
BFL,POAU,4,7,151,LA2,84-1L-3,BJ,1
BFL,POAU,4,8,152,LA2,84-5G-63,CF,1
BFL,POAU,4,9,153,LA1,201-30B-6,CJ,1
BFL,POAU,4,10,154,SFAEF,#5,NA,1
BFL,POAU,4,11,155,LA1,201-30B-6,CA,1
BFL,POAU,4,12,156,SFAEF,616,CG,1
BFL,POAU,4,13,157,LA1,200-24A,BL,0
BFL,POAU,4,14,158,LA2,84-4G-4,CA,0
BFL,POAU,4,15,159,LA2,84-1L-3,AJ,1
BFL,POAU,5,1,1,LA2,84-5C,BS,0
BFL,POAU,5,2,2,LA7,203-9A,AW,0
BFL,POAU,5,3,3,LA7,203-9A,AE,0
BFL,POAU,5,4,4,LA7,203-9A,AF,0
BFL,POAU,5,5,5,LA2,84-5G-41,BE,1
BFL,POAU,5,6,6,LA2,84-5C,BW,0
BFL,POAU,5,7,7,SFAEF,1328,AG,0
BFL,POAU,5,8,8,SFAEF,1335,AI,0
BFL,POAU,5,9,9,LA7,203-9A,AZ,0
BFL,POAU,5,10,10,LA2,84-1L-3,AO,1
BFL,POAU,5,11,11,LA1,201-29B,BX,0
BFL,POAU,5,12,12,SFAEF,1245,BC,0
BFL,POAU,5,13,13,SFAEF,2,AB,1
BFL,POAU,5,14,14,SFAEF,1,AF,0
BFL,POAU,5,15,15,LA2,84-4G-4,CB,0
BFL,POAU,6,1,25,SFAEF,1245,BE,0
BFL,POAU,6,2,26,SFAEF,616,CD,1
BFL,POAU,6,3,27,SFAEF,1335,AP,0
BFL,POAU,6,4,28,LA2,84-5C,AY,0
BFL,POAU,6,5,29,LA1,200-24A,BF,0
BFL,POAU,6,6,30,SFAEF,1328,AI,0
BFL,POAU,6,7,31,LA1,201-30B-6,BT,1
BFL,POAU,6,8,32,LA1,200-24A,AZ,0
BFL,POAU,6,9,33,SFAEF,872,BD,1
BFL,POAU,6,10,34,LA1,200-24A,BG,0
BFL,POAU,6,11,35,LA2,84-1L-3,AX,1
BFL,POAU,6,12,36,LA2,84-5G-40,BL,1
BFL,POAU,6,13,37,LA2,84-4G-4,AJ,0
BFL,POAU,6,14,38,LA1,201-30B-6,BG,1
BFL,POAU,6,15,39,LA2,84-4G-4,AI,0
BFL,POAU,7,1,596,LA1,201-30B-6,CD,1
BFL,POAU,7,2,595,SFAEF,B-76,NA,1
BFL,POAU,7,3,16,LA1,201-29B-4,AU,0
BFL,POAU,7,4,17,LA2,84-5G-40,BF,1
BFL,POAU,7,5,597,LA1,201-29B,BZ,0
BFL,POAU,7,6,18,SFAEF,872,BO,1
BFL,POAU,7,7,19,SFAEF,2,AI,1
BFL,POAU,7,8,20,LA1,200-24A,AU,0
BFL,POAU,7,9,598,LA2,84-5G-63,CM,1
BFL,POAU,7,10,21,SFAEF,1328,AL,0
BFL,POAU,7,11,22,LA2,84-5G-40,BH,1
BFL,POAU,7,12,23,SFAEF,616,CH,1
BFL,POAU,7,13,593,SFAEF,1335,AH,0
BFL,POAU,7,14,594,LA2,84-5G-40,BA,1
BFL,POAU,7,15,24,LA2,84-4G-4,AM,0
BFL,POAU,8,1,55,LA1,201-30B-6,CI,1
BFL,POAU,8,2,56,SFAEF,872,BP,1
BFL,POAU,8,3,57,LA2,84-1L-3,BI,1
BFL,POAU,8,4,58,SFAEF,616,BX,1
BFL,POAU,8,5,59,LA2,84-5G-63,CE,1
BFL,POAU,8,6,60,LA2,84-5G-63,BQ,1
BFL,POAU,8,7,61,SFAEF,616,CI,1
BFL,POAU,8,8,62,LA1,201-30B-6,CC,1
BFL,POAU,8,9,63,LA2,84-1L-3,BB,1
BFL,POAU,8,10,64,LA1,200-24A,BM,0
BFL,POAU,8,11,65,SFAEF,#1,NA,1
BFL,POAU,8,12,66,SFAEF,712,BX,0
BFL,POAU,8,13,67,LA1,201-30B-6,CM,1
BFL,POAU,8,14,68,LA1,201-30B-6,CF,1
BFL,POAU,8,15,69,LA2,84-5C,AN,0
COL,AGHY,1,1,316,SJC,134-4-21,NA,1
COL,AGHY,1,2,317,SJC,134-4-28,NA,1
COL,AGHY,1,3,318,LPEF,GH-35-8,AU,1
COL,AGHY,1,4,319,LPEF,GH-35-6,AV,1
COL,AGHY,1,5,320,COHR,215-1-15,AX,0
COL,AGHY,1,6,321,COHR,1935-06-14,AO,1
COL,AGHY,1,7,322,COHR,1935-06-15,AB,1
COL,AGHY,1,8,323,SJC,134-6-1A,NA,1
COL,AGHY,1,9,324,SJC,134-6-43,NA,1
COL,AGHY,1,10,325,LPEF,GH-35-1,AG,1
COL,AGHY,1,11,326,SJC,211-10-91,NA,0
COL,AGHY,1,12,327,COHR,1935-06-15,AC,1
COL,AGHY,1,13,328,LPEF,242-7-6U,AW,0
COL,AGHY,1,14,329,LPEF,GH-35-3,AW,1
COL,AGHY,1,15,330,COHR,1935-06-14,AC,1
COL,AGHY,2,1,234,LPEF,242-7-6V,CI,0
COL,AGHY,2,2,235,COHR,1935-06-15,AE,1
COL,AGHY,2,3,236,COHR,215-1-15,AZ,0
COL,AGHY,2,4,237,SJC,134-6-20,NA,1
COL,AGHY,2,5,238,SJC,211-10-34,AC,0
COL,AGHY,2,6,239,LPEF,242-7-6U,AI,0
COL,AGHY,2,7,240,COHR,215-1-15,AH,0
COL,AGHY,2,8,241,COHR,215-2,BE,0
COL,AGHY,2,9,242,LPEF,242-7-6V,BX,0
COL,AGHY,2,10,243,SJC,211-10-70,AA,0
COL,AGHY,2,11,244,LPEF,GH-35-3,AZ,1
COL,AGHY,2,12,245,SJC,211-10-70,AB,0
COL,AGHY,2,13,246,COHR,215-1-15,BG,0
COL,AGHY,2,14,247,LPEF,242-7-6U,BB,0
COL,AGHY,2,15,248,SJC,211-10-34,AF,0
COL,AGHY,3,1,249,SJC,134-6-4,NA,1
COL,AGHY,3,2,250,SJC,134-6-7,NA,1
COL,AGHY,3,3,251,SJC,134-6-8,NA,1
COL,AGHY,3,4,252,LPEF,GH-35-6,AK,1
COL,AGHY,3,5,253,SJC,211-10-44,AA,0
COL,AGHY,3,6,254,COHR,215-1-15,AP,0
COL,AGHY,3,7,255,COHR,215-3-45,AB,0
COL,AGHY,3,8,256,COHR,1935-06-21,AA,1
COL,AGHY,3,9,257,COHR,1935-06-15,AA,1
COL,AGHY,3,10,258,LPEF,GH-35-1,AQ,1
COL,AGHY,3,11,259,LPEF,242-7-6V,BT,0
COL,AGHY,3,12,260,SJC,211-10-50,AB,0
COL,AGHY,3,13,261,LPEF,242-7-6U,AQ,0
COL,AGHY,3,14,262,LPEF,GH-35-3,AV,1
COL,AGHY,3,15,263,COHR,1935-06-14,AE,1
COL,AGHY,4,1,301,COHR,1935-06-19,AB,1
COL,AGHY,4,2,302,COHR,215-1-15,AQ,0
COL,AGHY,4,3,303,LPEF,GH-35-6,AS,1
COL,AGHY,4,4,304,COHR,215-2,AW,0
COL,AGHY,4,5,305,COHR,215-1-15,AD,0
COL,AGHY,4,6,306,LPEF,242-7-6V,BW,0
COL,AGHY,4,7,307,LPEF,GH-35-3,AY,1
COL,AGHY,4,8,308,SJC,134-4-9,AA,1
COL,AGHY,4,9,309,SJC,211-10-34,AB,0
COL,AGHY,4,10,310,LPEF,242-7-6V,BN,0
COL,AGHY,4,11,311,COHR,1935-06-16,AD,1
COL,AGHY,4,12,312,SJC,211-10-63,AC,0
COL,AGHY,4,13,313,SJC,134-6-19,NA,1
COL,AGHY,4,14,314,LPEF,242-7-6U,AC,0
COL,AGHY,4,15,315,SJC,211-10-34,AA,0
COL,AGHY,5,1,404,SJC,211-10-34,AD,0
COL,AGHY,5,2,405,LPEF,242-7-6V,CQ,0
COL,AGHY,5,3,406,COHR,1935-06-21,AE,1
COL,AGHY,5,4,407,SJC,211-10-70,AC,0
COL,AGHY,5,5,408,SJC,134-4-8,AA,1
COL,AGHY,5,6,409,LPEF,242-7-6U,AS,0
COL,AGHY,5,7,410,LPEF,242-7-6U,AR,0
COL,AGHY,5,8,411,COHR,215-2,BI,0
COL,AGHY,5,9,412,COHR,215-1-15,AS,0
COL,AGHY,5,10,413,COHR,215-2,AE,0
COL,AGHY,5,11,414,COHR,215-1-15,AR,0
COL,AGHY,5,12,415,LPEF,242-7-6V,CR,0
COL,AGHY,5,13,416,SJC,211-10-34,AH,0
COL,AGHY,5,14,417,SJC,211-10-34,AE,0
COL,AGHY,5,15,418,LPEF,GH-35-3,AQ,1
COL,AGHY,6,1,374,SJC,211-10-28,NA,0
COL,AGHY,6,2,375,LPEF,GH-35-6,AT,1
COL,AGHY,6,3,376,SJC,134-4-16,AA,1
COL,AGHY,6,4,377,COHR,215-1-15,AC,0
COL,AGHY,6,5,378,COHR,1935-06-19,NA,1
COL,AGHY,6,6,379,LPEF,242-7-6V,BY,0
COL,AGHY,6,7,380,COHR,215-1-15,AE,0
COL,AGHY,6,8,381,COHR,1935-06-19,AP,1
COL,AGHY,6,9,382,LPEF,242-7-6V,BQ,0
COL,AGHY,6,10,383,SJC,211-10-52,AA,0
COL,AGHY,6,11,384,LPEF,GH-35-3,AX,1
COL,AGHY,6,12,385,COHR,215-2,AX,0
COL,AGHY,6,13,386,SJC,134-4-28,AC,1
COL,AGHY,6,14,387,LPEF,242-7-6V,BK,0
COL,AGHY,6,15,388,SJC,211-10-50,AC,0
COL,AGHY,7,1,331,COHR,215-1-15,AY,0
COL,AGHY,7,2,D_CA7_2,LPEF,242-7-6V,CH,0
COL,AGHY,7,3,332,LPEF,GH-35-6,AM,1
COL,AGHY,7,4,333,COHR,215-2,AY,0
COL,AGHY,7,5,334,SJC,134-6-10,NA,1
COL,AGHY,7,6,335,LPEF,GH-35-3,AU,1
COL,AGHY,7,7,336,SJC,211-10-63,AA,0
COL,AGHY,7,8,337,LPEF,GH-35-1,AI,1
COL,AGHY,7,9,338,COHR,1935-06-16,AA,1
COL,AGHY,7,10,339,COHR,1935-06-16,AE,1
COL,AGHY,7,11,340,COHR,1935-06-21,AH,1
COL,AGHY,7,12,D_CA7_12,SJC,134-4-1,NA,1
COL,AGHY,7,13,341,LPEF,242-7-6V,BH,0
COL,AGHY,7,14,342,SJC,134-4-9,NA,1
COL,AGHY,7,15,343,SJC,211-10-52,AA,0
COL,AGHY,8,1,359,LPEF,GH-35-3,AG,0
COL,AGHY,8,2,360,COHR,215-1-15,AB,0
COL,AGHY,8,3,361,LPEF,GH-35-1,AE,1
COL,AGHY,8,4,362,COHR,1935-01-20,AB,1
COL,AGHY,8,5,363,SJC,134-6-32,NA,1
COL,AGHY,8,6,364,SJC,134-6-1C,NA,1
COL,AGHY,8,7,365,SJC,134-6-1D,NA,1
COL,AGHY,8,8,366,SJC,211-10-84,NA,0
COL,AGHY,8,9,367,COHR,1935-06-21,NA,1
COL,AGHY,8,10,368,LPEF,GH-35-1,AJ,1
COL,AGHY,8,11,369,SJC,134-6-28,NA,1
COL,AGHY,8,12,370,COHR,1935-06-14,AA,1
COL,AGHY,8,13,371,COHR,1935-01-15,AB,1
COL,AGHY,8,14,372,LPEF,GH-35-6,AW,1
COL,AGHY,8,15,373,LPEF,242-7-6U,BA,0
COL,ELVI,1,1,2176,PALM,H46,NA,0
COL,ELVI,1,2,2177,HUNT,F1,NA,0
COL,ELVI,1,3,2178,JLP,110-2A-21,AE,1
COL,ELVI,1,4,2179,PALM,80,AJ,0
COL,ELVI,1,5,2180,JLP,110-5A-3P,NA,0
COL,ELVI,1,6,2181,HUNT,E7,NA,1
COL,ELVI,1,7,2182,JLP,110-5A-3R,NA,0
COL,ELVI,1,8,2183,PALM,G55,NA,0
COL,ELVI,1,9,2184,PALM,63,AJ,0
COL,ELVI,1,10,2185,PALM,G56,NA,0
COL,ELVI,1,11,2186,JLP,110-5A-3Q,NA,0
COL,ELVI,1,12,2187,PALM,100,AN,0
COL,ELVI,1,13,2188,PALM,98,AO,1
COL,ELVI,1,14,2189,RL5,C21,AA,0
COL,ELVI,1,15,2190,RL5,C11,NA,0
COL,ELVI,2,1,2224,PALM,98,AO,1
COL,ELVI,2,2,2225,JLP,110-5A-3S,NA,0
COL,ELVI,2,3,2226,JLP,110-2A-21,AB,1
COL,ELVI,2,4,2227,RL5,C27,AA,0
COL,ELVI,2,5,2228,RL5,D31,NA,1
COL,ELVI,2,6,2229,PALM,102C,AA,0
COL,ELVI,2,7,2230,PALM,98,AP,1
COL,ELVI,2,8,2231,RL5,C20,NA,0
COL,ELVI,2,9,2232,PALM,218B,AC,1
COL,ELVI,2,10,2233,PALM,80,AK,0
COL,ELVI,2,11,2234,PALM,G60,NA,0
COL,ELVI,2,12,2235,PALM,228C,AC,1
COL,ELVI,2,13,2236,JLP,110-5A-3T,NA,0
COL,ELVI,2,14,2237,PALM,G58,NA,0
COL,ELVI,2,15,2238,HUNT,F1,AA,0
COL,ELVI,3,1,2239,PALM,221,AX,1
COL,ELVI,3,2,2240,JLP,110-2A-13D,BA,1
COL,ELVI,3,3,2241,PALM,80,AI,0
COL,ELVI,3,4,2242,RL5,D41,NA,1
COL,ELVI,3,5,2243,JLP,110-5A-3O,NA,0
COL,ELVI,3,6,2244,JLP,110-5A-3N,NA,0
COL,ELVI,3,7,2245,PALM,G7,NA,0
COL,ELVI,3,8,2246,PALM,63,AI,0
COL,ELVI,3,9,2247,JLP,110-5A-3M,NA,0
COL,ELVI,3,10,2248,PALM,G52,NA,0
COL,ELVI,3,11,2249,HUNT,E3,NA,0
COL,ELVI,3,12,2250,RL5,D13,NA,0
COL,ELVI,3,13,2251,HUNT,F26,NA,0
COL,ELVI,3,14,2252,PALM,G51,NA,0
COL,ELVI,3,15,2253,RL5,C20,AA,0
COL,ELVI,4,1,2254,PALM,102C,AI,0
COL,ELVI,4,2,2255,PALM,98,AR,1
COL,ELVI,4,3,2256,JLP,110-2A-21,AC,1
COL,ELVI,4,4,2257,SHS,106-150A-4B,AF,1
COL,ELVI,4,5,2259,PALM,98,AS,1
COL,ELVI,4,6,2260,HUNT,F20,NA,0
COL,ELVI,4,7,2261,PALM,H57,NA,0
COL,ELVI,4,8,2262,JLP,110-5A-3U,NA,0
COL,ELVI,4,9,2263,JLP,110-5A-3V,NA,0
COL,ELVI,4,10,2264,PALM,228C,AB,1
COL,ELVI,4,11,2265,RL5,C30,AA,0
COL,ELVI,4,12,2266,RL5,D14,NA,0
COL,ELVI,4,13,2267,PALM,80,AL,0
COL,ELVI,4,14,2268,RL5,C6,AA,1
COL,ELVI,4,15,2258,PALM,102C,NA,0
COL,ELVI,5,1,2269,PALM,98,AJ,1
COL,ELVI,5,2,2270,JLP,110-5A-3Z,NA,0
COL,ELVI,5,3,2271,PALM,H26,NA,0
COL,ELVI,5,4,2272,JLP,110-2A-22,AB,1
COL,ELVI,5,5,2273,PALM,220B,AH,1
COL,ELVI,5,6,2274,PALM,221,AT,1
COL,ELVI,5,7,2275,RL5,C6,NA,1
COL,ELVI,5,8,2276,JLP,110-2A-13D,AU,1
COL,ELVI,5,9,2277,PALM,216A,AA,1
COL,ELVI,5,10,2278,PALM,110-5A-8,AO,1
COL,ELVI,5,11,2279,PALM,A36,NA,1
COL,ELVI,5,12,2280,PALM,A32,NA,1
COL,ELVI,5,13,2281,HUNT,E8,NA,1
COL,ELVI,5,14,2282,PALM,225,AM,1
COL,ELVI,5,15,2283,RL5,C33,NA,0
COL,ELVI,6,1,2521,RL5,D39,AA,1
COL,ELVI,6,2,2522,PALM,H20,NA,0
COL,ELVI,6,3,2523,PALM,H50,NA,0
COL,ELVI,6,4,2524,PALM,A60,NA,1
COL,ELVI,6,5,2525,PALM,A20,NA,1
COL,ELVI,6,6,2526,PALM,101,AL,1
COL,ELVI,6,7,2527,JLP,110-5A-3X,NA,0
COL,ELVI,6,8,2528,RL5,C21,NA,0
COL,ELVI,6,9,2529,HUNT,E24,NA,1
COL,ELVI,6,10,2530,HUNT,F25,NA,0
COL,ELVI,6,11,2531,PALM,218D,AF,1
COL,ELVI,6,12,2532,JLP,110-2A-13D,AB,1
COL,ELVI,6,13,2533,PALM,98,AW,1
COL,ELVI,6,14,2534,PALM,H27,NA,0
COL,ELVI,6,15,2535,PALM,98,AV,1
COL,ELVI,7,1,2191,PALM,221,AS,1
COL,ELVI,7,2,2192,PALM,110-5A-8,AN,1
COL,ELVI,7,3,2193,JLP,109-19A-24,AA,1
COL,ELVI,7,4,2194,PALM,A55,NA,1
COL,ELVI,7,5,2195,PALM,220D,AA,1
COL,ELVI,7,6,2196,PALM,H47,NA,0
COL,ELVI,7,7,2197,RL5,D40,NA,1
COL,ELVI,7,8,2198,SHS,106-150A-4B,AE,1
COL,ELVI,7,9,2199,PALM,239,AG,1
COL,ELVI,7,10,2200,JLP,110-44L-10,AI,1
COL,ELVI,7,11,2501,PALM,225,AL,1
COL,ELVI,7,12,2502,PALM,A18,AA,1
COL,ELVI,7,13,2503,PALM,98,AX,1
COL,ELVI,7,14,2504,JLP,110-5A-3Y,NA,0
COL,ELVI,7,15,2505,RL5,C19,AA,0
COL,ELVI,8,1,2506,PALM,102C,AG,0
COL,ELVI,8,2,2507,PALM,239,AA,1
COL,ELVI,8,3,2508,RL5,C29,NA,1
COL,ELVI,8,4,2509,PALM,226,AJ,1
COL,ELVI,8,5,2510,PALM,H53,NA,0
COL,ELVI,8,6,2511,JLP,110-5A-3W,NA,0
COL,ELVI,8,7,2512,PALM,110-5A-8,AF,1
COL,ELVI,8,8,2513,HUNT,F10,AA,0
COL,ELVI,8,9,2514,PALM,221,AW,1
COL,ELVI,8,10,2515,PALM,98,AU,1
COL,ELVI,8,11,2516,HUNT,F40,NA,0
COL,ELVI,8,12,2517,JLP,109-19A-25,AE,1
COL,ELVI,8,13,2518,RL5,D15,NA,0
COL,ELVI,8,14,2519,PALM,98,AT,1
COL,ELVI,8,15,2520,PALM,A39,NA,1
COL,POAU,1,1,264,LA7,203-9A,AP,0
COL,POAU,1,2,265,SFAEF,1328,AT,0
COL,POAU,1,3,266,SFAEF,1335,AQ,0
COL,POAU,1,4,267,LA7,203-4B-1B,AF,1
COL,POAU,1,5,268,LA2,84-5C,AW,0
COL,POAU,1,6,269,LA2,84-4G-4,AV,0
COL,POAU,1,7,270,LA7,203-7A,AL,0
COL,POAU,1,8,271,LA2,84-4G-4,AT,0
COL,POAU,1,9,272,SFAEF,1245,AJ,0
COL,POAU,1,10,273,LA2,84-1L-3,AJ,1
COL,POAU,1,11,274,LA7,203-9A,AO,0
COL,POAU,1,12,275,SFAEF,2,AD,1
COL,POAU,1,13,276,LA7,203-7A,AJ,0
COL,POAU,1,14,277,SFAEF,712,AB,0
COL,POAU,1,15,278,LA2,84-5C,AJ,0
COL,POAU,2,1,279,LA7,203-9A,AN,0
COL,POAU,2,2,280,LA7,203-7A,AI,0
COL,POAU,2,3,281,LA2,84-1L-3,AI,1
COL,POAU,2,4,282,SFAEF,1335,AN,0
COL,POAU,2,5,283,LA2,84-4G-4,AQ,0
COL,POAU,2,6,284,LA7,203-7A,AK,0
COL,POAU,2,7,285,LA2,84-4G-4,AR,0
COL,POAU,2,8,286,SFAEF,2,AC,1
COL,POAU,2,9,287,LA7,203-9A,AM,0
COL,POAU,2,10,288,SFAEF,1245,AI,0
COL,POAU,2,11,289,SFAEF,1328,AS,0
COL,POAU,2,12,290,SFAEF,712,AA,0
COL,POAU,2,13,291,LA2,84-5C,AI,0
COL,POAU,2,14,292,LA7,203-4B-1B,AE,1
COL,POAU,2,15,293,LA2,84-5C,AQ,0
COL,POAU,3,1,463,LA2,84-5G-40,AS,1
COL,POAU,3,2,464,LA2,84-1L-3,BX,1
COL,POAU,3,3,465,LA2,84-4G-4,AS,0
COL,POAU,3,4,466,SFAEF,1335,AF,0
COL,POAU,3,5,467,SFAEF,872,AU,1
COL,POAU,3,6,468,SFAEF,616,BQ,1
COL,POAU,3,7,469,LA7,203-4B-1B,AU,1
COL,POAU,3,8,470,LA1,201-30B-6,AM,1
COL,POAU,3,9,471,LA1,200-3C-4B,AL,0
COL,POAU,3,10,472,SFAEF,B-26,NA,1
COL,POAU,3,11,473,LA2,84-1L-3,BW,1
COL,POAU,3,12,474,LA2,84-5C,AK,0
COL,POAU,3,13,475,LA1,200-24A,AM,0
COL,POAU,3,14,476,LA7,203-4B-1B,AV,1
COL,POAU,3,15,477,SFAEF,1328,AE,0
COL,POAU,4,1,389,LA2,84-4G-4,AQ,0
COL,POAU,4,2,390,LA1,200-24A,AR,0
COL,POAU,4,3,391,LA2,84-5G-40,AD,1
COL,POAU,4,4,392,SFAEF,712,BY,0
COL,POAU,4,5,393,LA1,201-30B-6,AR,1
COL,POAU,4,6,394,SFAEF,616,AH,1
COL,POAU,4,7,395,SFAEF,872,AF,1
COL,POAU,4,8,396,LA1,200-3C-4B,AW,0
COL,POAU,4,9,397,LA2,84-4G-4,AZ,0
COL,POAU,4,10,398,LA1,200-16B-2,NA,0
COL,POAU,4,11,399,SFAEF,1328,AV,0
COL,POAU,4,12,400,LA1,201-30B-6,AP,1
COL,POAU,4,13,401,SFAEF,1245,AL,0
COL,POAU,4,14,402,LA2,84-1L-3,AL,1
COL,POAU,4,15,403,LA2,84-5C,AD,0
COL,POAU,5,1,344,SFAEF,872,AV,1
COL,POAU,5,2,345,LA2,84-4G-4,AN,0
COL,POAU,5,3,346,LA2,84-5G-40,AT,1
COL,POAU,5,4,347,SFAEF,616, BR,1
COL,POAU,5,5,348,SFAEF,B-27,NA,1
COL,POAU,5,6,349,LA2,84-1L-3,BY,1
COL,POAU,5,7,350,LA7,203-4B-1B,AX,1
COL,POAU,5,8,351,LA1,201-30B-6,AN,1
COL,POAU,5,9,352,LA1,200-3C-4B,AA,0
COL,POAU,5,10,353,SFAEF,1328,AF,0
COL,POAU,5,11,354,LA7,203-4B-1B,AW,1
COL,POAU,5,12,355,LA1,200-24A,AH,0
COL,POAU,5,13,356,LA2,84-1L-3,BZ,1
COL,POAU,5,14,357,LA2,84-5C,AQ,0
COL,POAU,5,15,358,SFAEF,1335,AR,0
COL,POAU,6,1,419,LA2,84-5G-40,AC,1
COL,POAU,6,2,810,SFAEF,1245,AK,0
COL,POAU,6,3,420,SFAEF,1328,AU,0
COL,POAU,6,4,421,LA2,84-1L-3,AK,1
COL,POAU,6,5,422,LA1,200-3C-4B,AV,0
COL,POAU,6,6,423,SFAEF,1335,AK,0
COL,POAU,6,7,424,SFAEF,872,AE,1
COL,POAU,6,8,425,LA2,84-4G-4,AV,0
COL,POAU,6,9,426,LA2,84-4G-4,AX,0
COL,POAU,6,10,427,LA1,200-24A,AQ,0
COL,POAU,6,11,428,LA1,201-30B-6,AQ,1
COL,POAU,6,12,429,SFAEF,616,AG,1
COL,POAU,6,13,430,LA1,201-29A,AA,0
COL,POAU,6,14,431,LA2,84-5C,BD,0
COL,POAU,6,15,432,LA1,201-30B-6,AO,1
COL,POAU,7,1,433,LA2,84-1L-3,CB,1
COL,POAU,7,2,434,SFAEF,616,AU,1
COL,POAU,7,3,435,LA2,84-5G-41,C,1
COL,POAU,7,4,436,LA1,201-30B-6,BL,1
COL,POAU,7,5,437,SFAEF,872,AW,1
COL,POAU,7,6,438,LA2,84-5C,BX,0
COL,POAU,7,7,439,LA2,84-5G-43,E,1
COL,POAU,7,8,440,SFAEF,616,AX,1
COL,POAU,7,9,441,SFAEF,8B-13,NA,0
COL,POAU,7,10,442,LA1,201-30B-6,BK,1
COL,POAU,7,11,443,LA2,84-5G-40,AU,1
COL,POAU,7,12,444,LA2,84-1L-3,CA,1
COL,POAU,7,13,445,LA1,201-29A,AJ,0
COL,POAU,7,14,446,SFAEF,B-32,NA,1
COL,POAU,7,15,447,LA2,84-5G-41,BK,1
COL,POAU,8,1,448,LA1,201-30B-6,BN,1
COL,POAU,8,2,449,LA2,84-5G-41,BL,1
COL,POAU,8,3,450,LA2,84-1L-3,CD,1
COL,POAU,8,4,451,SFAEF,872,AX,1
COL,POAU,8,5,452,SFAEF,616,AV,1
COL,POAU,8,6,453,SFAEF,8B-14,NA,0
COL,POAU,8,7,454,LA2,84-5G-43,F,1
COL,POAU,8,8,455,LA2,84-5C,BY,0
COL,POAU,8,9,456,LA1,201-30B-6,BM,1
COL,POAU,8,10,457,SFAEF,616,AW,1
COL,POAU,8,11,458,SFAEF,B-12,NA,1
COL,POAU,8,12,459,LA1,201-29A,AK,0
COL,POAU,8,13,460,LA2,84-5G-40,AV,1
COL,POAU,8,14,461,LA2,84-5G-41,D,1
COL,POAU,8,15,462,LA2,84-1L-3,CC,1
HUN,AGHY,1,1,562,LPEF,GH-35-3,AL,1
HUN,AGHY,1,2,563,COHR,1935-01-27,AA,1
HUN,AGHY,1,3,564,COHR,215-1-15,AJ,0
HUN,AGHY,1,4,565,LPEF,242-7-6V,CV,0
HUN,AGHY,1,5,566,SJC,211-10-30,NA,0
HUN,AGHY,1,6,567,SJC,211-10-9,NA,0
HUN,AGHY,1,7,568,LPEF,242-7-6V,CG,0
HUN,AGHY,1,8,569,COHR,215-2,AN,0
HUN,AGHY,1,9,570,SJC,134-6-9,NA,1
HUN,AGHY,1,10,571,COHR,215-1-15,AJ2,0
HUN,AGHY,1,11,572,LPEF,242-7-6V,AL,0
HUN,AGHY,1,12,573,COHR,1935-01-14,AL,1
HUN,AGHY,1,13,574,SJC,211-10-50,NA,0
HUN,AGHY,1,14,575,SJC,134-6-14,NA,1
HUN,AGHY,1,15,576,LPEF,GH-35-6,AY,1
HUN,AGHY,2,1,577,LPEF,GH-35-1,AR,1
HUN,AGHY,2,2,578,COHR,1935-01-14,AD,1
HUN,AGHY,2,3,579,SJC,134-6-42,NA,1
HUN,AGHY,2,4,580,COHR,1935-01-14,NA,1
HUN,AGHY,2,5,581,COHR,35-1-32,NA,1
HUN,AGHY,2,6,582,COHR,215-1-15,AL,0
HUN,AGHY,2,7,583,SJC,134-6-15,NA,1
HUN,AGHY,2,8,584,LPEF,GH-35-8,AF,1
HUN,AGHY,2,9,585,SJC,134-6-13,NA,1
HUN,AGHY,2,10,586,SJC,134-4-9,AB,1
HUN,AGHY,2,11,587,LPEF,GH-35-6,AR,1
HUN,AGHY,2,12,588,LPEF,242-7-6U,AZ,0
HUN,AGHY,2,13,589,LPEF,GH-35-3,BE,1
HUN,AGHY,2,14,590,COHR,1935-01-25,AD,1
HUN,AGHY,2,15,591,SJC,211-10-65,AD,0
HUN,AGHY,3,1,701,SJC,134-4-28,AA,1
HUN,AGHY,3,2,702,COHR,1935-06-14,AS,1
HUN,AGHY,3,3,703,COHR,1935-06-21,AG,1
HUN,AGHY,3,4,704,LPEF,GH-35-3,AJ,1
HUN,AGHY,3,5,705,LPEF,242-7-6U,AY,0
HUN,AGHY,3,6,706,LPEF,GH-35-1,AT,1
HUN,AGHY,3,7,707,COHR,1935-01-30,AC,1
HUN,AGHY,3,8,708,SJC,134-6-2,NA,1
HUN,AGHY,3,9,709,SJC,134-6-6,NA,1
HUN,AGHY,3,10,710,COHR,215-1-15,BJ,0
HUN,AGHY,3,11,711,LPEF,GH-35-6,AL,1
HUN,AGHY,3,12,712,SJC,211-10-28,AA,0
HUN,AGHY,3,13,713,SJC,134-4-28,NA,1
HUN,AGHY,3,14,714,COHR,1935-06-21,AD,1
HUN,AGHY,3,15,715,LPEF,GH-35-3,AP,1
HUN,AGHY,4,1,716,COHR,1935-01-25,AC,1
HUN,AGHY,4,2,720,LPEF,GH-35-6,AV,1
HUN,AGHY,4,3,724,COHR,35-1-44,AJ,1
HUN,AGHY,4,4,728,COHR,35-1-44,AB,1
HUN,AGHY,4,5,717,SJC,211-10-28,AD,0
HUN,AGHY,4,6,721,LPEF,242-7-6U,AX,0
HUN,AGHY,4,7,725,SJC,211-10-65,AA,0
HUN,AGHY,4,8,729,LPEF,242-7-6V,BV,0
HUN,AGHY,4,9,718,COHR,215-1-15,AK2,0
HUN,AGHY,4,10,722,LPEF,GH-35-3,AT,1
HUN,AGHY,4,11,726,SJC,134-4-16,NA,1
HUN,AGHY,4,12,730,SJC,134-4-21,AA,1
HUN,AGHY,4,13,719,LPEF,GH-35-1,AF,1
HUN,AGHY,4,14,723,COHR,215-3-45,AF,0
HUN,AGHY,4,15,727,SJC,134-6-22,NA,1
HUN,AGHY,5,1,690,COHR,215-2,AC,0
HUN,AGHY,5,2,691,SJC,211-10-65,AG,0
HUN,AGHY,5,3,692,SJC,211-10-65,AH,0
HUN,AGHY,5,4,693,SJC,211-10-65,AE,0
HUN,AGHY,5,5,694,LPEF,242-7-6V,CK,0
HUN,AGHY,5,6,695,LPEF,242-7-6V,CS,0
HUN,AGHY,5,7,696,LPEF,GH-35-3,AI,1
HUN,AGHY,5,8,697,COHR,35-1-44,AC,1
HUN,AGHY,5,9,698,COHR,215-1-15,BH,0
HUN,AGHY,5,10,699,SJC,211-10-28,AS,0
HUN,AGHY,5,11,700,LPEF,242-7-6V,AA,0
HUN,AGHY,5,12,512,COHR,215-1-15,BJ,0
HUN,AGHY,5,13,592,SJC,134-6-16,NA,1
HUN,AGHY,5,14,600,COHR,215-3-45,AH,0
HUN,AGHY,5,15,599,LPEF,242-7-6U,AH,0
HUN,AGHY,6,1,675,COHR,215-1-15,AT,0
HUN,AGHY,6,2,676,LPEF,GH-35-6,BD,1
HUN,AGHY,6,3,677,COHR,1935-01-14,AB,1
HUN,AGHY,6,4,678,LPEF,242-7-6V,CJ,0
HUN,AGHY,6,5,679,LPEF,GH-35-3,AK,1
HUN,AGHY,6,6,680,SJC,134-6-11,NA,1
HUN,AGHY,6,7,681,SJC,211-10-28,AB,0
HUN,AGHY,6,8,682,COHR,35-1-44,AI,1
HUN,AGHY,6,9,683,SJC,134-6-18,NA,1
HUN,AGHY,6,10,684,LPEF,242-7-6U,AV,0
HUN,AGHY,6,11,685,COHR,215-2,AO,0
HUN,AGHY,6,12,686,COHR,215-1-15,AM,0
HUN,AGHY,6,13,687,SJC,211-10-28,AH,0
HUN,AGHY,6,14,688,LPEF,242-7-6U,AP,0
HUN,AGHY,6,15,689,SJC,211-10-28,AL,0
HUN,AGHY,7,1,660,LPEF,242-7-6U,AW,0
HUN,AGHY,7,2,661,SJC,211-10-64,AB,0
HUN,AGHY,7,3,662,COHR,215-1-15,AN,0
HUN,AGHY,7,4,663,SJC,211-10-65,AL,0
HUN,AGHY,7,5,664,SJC,211-10-65,AB,0
HUN,AGHY,7,6,665,COHR,215-1-15,BA,0
HUN,AGHY,7,7,666,COHR,215-2,AD,0
HUN,AGHY,7,8,667,SJC,134-6-5,NA,1
HUN,AGHY,7,9,668,COHR,215-1-15,AF,0
HUN,AGHY,7,10,669,LPEF,242-7-6V,CD,0
HUN,AGHY,7,11,670,COHR,1935-01-30,AE,1
HUN,AGHY,7,12,671,LPEF,GH-35-3,AJ,1
HUN,AGHY,7,13,672,LPEF,242-7-6V,CE,0
HUN,AGHY,7,14,673,SJC,211-10-64,AC,0
HUN,AGHY,7,15,674,LPEF,242-7-6V,AO,0
HUN,AGHY,8,1,645,COHR,215-2,BD,0
HUN,AGHY,8,2,646,SJC,134-6-17,NA,1
HUN,AGHY,8,3,647,COHR,1935-01-30,AA,1
HUN,AGHY,8,4,648,COHR,1935-01-15,AA,1
HUN,AGHY,8,5,649,LPEF,GH-35-3,AM,1
HUN,AGHY,8,6,650,SJC,211-10-28,AG,0
HUN,AGHY,8,7,651,COHR,1935-01-27,AD,1
HUN,AGHY,8,8,652,SJC,211-10-28,AE,0
HUN,AGHY,8,9,653,LPEF,242-7-6V,CC,0
HUN,AGHY,8,10,654,SJC,134-4-1,AA,1
HUN,AGHY,8,11,655,COHR,215-1-15,AK,0
HUN,AGHY,8,12,656,LPEF,GH-35-1,AP,1
HUN,AGHY,8,13,657,LPEF,GH-35-6,AZ,1
HUN,AGHY,8,14,658,LPEF,242-7-6V,CT,0
HUN,AGHY,8,15,659,SJC,134-6-21,NA,1
HUN,ELVI,1,1,2101,SHS,106-36A-24,AF,1
HUN,ELVI,1,2,2102,PALM,221,AA,1
HUN,ELVI,1,3,2103,JLP,110-2A-22,AA,1
HUN,ELVI,1,4,2104,RL5,C3,NA,1
HUN,ELVI,1,5,2105,PALM,H13,NA,1
HUN,ELVI,1,6,2106,PALM,225,AF,1
HUN,ELVI,1,7,2107,RL5,C16,NA,0
HUN,ELVI,1,8,2108,JLP,109-19A-25,AU,1
HUN,ELVI,1,9,2109,JLP,109-19A-25,AF,1
HUN,ELVI,1,10,2110,PALM,H7,NA,1
HUN,ELVI,1,11,2111,PALM,G46,NA,0
HUN,ELVI,1,12,2112,PALM,101,AS,1
HUN,ELVI,1,13,2113,PALM,101,AX,1
HUN,ELVI,1,14,2114,HUNT,F30,NA,0
HUN,ELVI,1,15,2115,PALM,239,AE,1
HUN,ELVI,2,1,2116,RL5,C18,AA,0
HUN,ELVI,2,2,2117,PALM,101,AY,1
HUN,ELVI,2,3,2118,SHS,106-36A-20,AF,1
HUN,ELVI,2,4,2119,HUNT,F31,NA,0
HUN,ELVI,2,5,2120,PALM,225,AG,1
HUN,ELVI,2,6,2121,PALM,239,AF,1
HUN,ELVI,2,7,2122,JLP,110-2A-13D,AS,1
HUN,ELVI,2,8,2123,PALM,221,AB,1
HUN,ELVI,2,9,2124,PALM,110-5A-8,AM,1
HUN,ELVI,2,10,2125,RL5,C3,AA,1
HUN,ELVI,2,11,2126,PALM,H14,NA,1
HUN,ELVI,2,12,2127,JLP,110-44L-10,AD,1
HUN,ELVI,2,13,2128,JLP,109-19A-25,AV,1
HUN,ELVI,2,14,2129,PALM,101,AT,1
HUN,ELVI,2,15,2130,PALM,G47,NA,0
HUN,ELVI,3,1,2131,PALM,G24,NA,0
HUN,ELVI,3,2,2132,PALM,H34,NA,0
HUN,ELVI,3,3,2133,JLP,110-5A-4H,NA,0
HUN,ELVI,3,4,2134,PALM,H33,NA,0
HUN,ELVI,3,5,2135,PALM,G38,NA,0
HUN,ELVI,3,6,2136,PALM,101,AF,1
HUN,ELVI,3,7,2137,JLP,110-5A-4G,NA,0
HUN,ELVI,3,8,2138,PALM,226,AH,1
HUN,ELVI,3,9,2139,RL5,C17,NA,0
HUN,ELVI,3,10,2140,JLP,110-2A-21,AK,1
HUN,ELVI,3,11,2141,RL5,C23,AA,0
HUN,ELVI,3,12,2142,HUNT,F12,NA,0
HUN,ELVI,3,13,2143,PALM,G4,NA,0
HUN,ELVI,3,14,2144,PALM,G1,NA,0
HUN,ELVI,3,15,2145,JLP,110-5A-3K,NA,0
HUN,ELVI,4,1,2146,PALM,G16,NA,0
HUN,ELVI,4,2,2147,PALM,220B,AB,1
HUN,ELVI,4,3,2148,PALM,B27,NA,1
HUN,ELVI,4,4,2149,PALM,218B,BE,1
HUN,ELVI,4,5,2150,HUNT,F38,NA,0
HUN,ELVI,4,6,2151,JLP,109-19A-25,AH,1
HUN,ELVI,4,7,2152,PALM,H28,NA,0
HUN,ELVI,4,8,2153,JLP,109-19A-25,AZ,1
HUN,ELVI,4,9,2154,PALM,G38,NA,1
HUN,ELVI,4,10,2155,SHS,106-36A-20,AB,1
HUN,ELVI,4,11,2156,RL5,D14,AA,1
HUN,ELVI,4,12,2157,PALM,H35,NA,0
HUN,ELVI,4,13,2158,RL5,C30,NA,0
HUN,ELVI,4,14,2159,PALM,218B,BC,1
HUN,ELVI,4,15,2160,JLP,110-5A-3I,NA,0
HUN,ELVI,5,1,2209,PALM,101,AE,1
HUN,ELVI,5,2,2210,RL5,D5,AA,0
HUN,ELVI,5,3,2211,PALM,G41,NA,0
HUN,ELVI,5,4,2212,PALM,G26,NA,0
HUN,ELVI,5,5,2213,PALM,G37,NA,0
HUN,ELVI,5,6,2214,PALM,H32,NA,0
HUN,ELVI,5,7,2215,JLP,110-5A-2X,NA,0
HUN,ELVI,5,8,2216,PALM,G53,NA,0
HUN,ELVI,5,9,2217,PALM,101,AR,1
HUN,ELVI,5,10,2218,HUNT,E29,NA,0
HUN,ELVI,5,11,2219,RL5,C23,AB,0
HUN,ELVI,5,12,2220,JLP,110-5A-2S,NA,0
HUN,ELVI,5,13,2221,JLP,110-2A-13D,AP,1
HUN,ELVI,5,14,2222,JLP,110-5A-2T,NA,0
HUN,ELVI,5,15,2223,PALM,H36,NA,0
HUN,ELVI,6,1,2994,PALM,101,AS,1
HUN,ELVI,6,2,2995,RL5,C34,AA,0
HUN,ELVI,6,3,2996,JLP,110-5A-3E,NA,0
HUN,ELVI,6,4,2997,RL5,C24,AA,0
HUN,ELVI,6,5,2998,HUNT,E12,NA,0
HUN,ELVI,6,6,2999,PALM,218B,AY,1
HUN,ELVI,6,7,3000,SHS,106-150A-4B,AG,1
HUN,ELVI,6,8,2201,PALM,101,AD,1
HUN,ELVI,6,9,2202,HUNT,E8,AA,1
HUN,ELVI,6,10,2203,JLP,110-2A-21,AI,1
HUN,ELVI,6,11,2204,PALM,G29,NA,0
HUN,ELVI,6,12,2205,PALM,H22,NA,0
HUN,ELVI,6,13,2206,PALM,G40,NA,0
HUN,ELVI,6,14,2207,PALM,G36,NA,0
HUN,ELVI,6,15,2208,JLP,110-5A-3F,NA,0
HUN,ELVI,7,1,2979,JLP,110-2A-13D,AQ,1
HUN,ELVI,7,2,2980,PALM,A29,NA,1
HUN,ELVI,7,3,2981,RL5,C40,NA,1
HUN,ELVI,7,4,2982,PALM,A17,NA,1
HUN,ELVI,7,5,2983,PALM,221,AH,1
HUN,ELVI,7,6,2984,PALM,G31,NA,0
HUN,ELVI,7,7,2985,RL5,D18,NA,0
HUN,ELVI,7,8,2986,HUNT,E2,NA,0
HUN,ELVI,7,9,2987,PALM,G21,NA,0
HUN,ELVI,7,10,2988,PALM,A1,NA,1
HUN,ELVI,7,11,2989,SHS,106-150A-4B,AD,1
HUN,ELVI,7,12,2990,PALM,G33,NA,0
HUN,ELVI,7,13,2991,PALM,216A,AO,1
HUN,ELVI,7,14,2992,JLP,110-5A-3J,NA,0
HUN,ELVI,7,15,2993,JLP,109-19A-25,AY,1
HUN,ELVI,8,1,2964,HUNT,E1,NA,0
HUN,ELVI,8,2,2965,PALM,H29,NA,0
HUN,ELVI,8,3,2966,JLP,110-5A-3H,NA,0
HUN,ELVI,8,4,2967,PALM,101,AB,1
HUN,ELVI,8,5,2968,PALM,G30,NA,0
HUN,ELVI,8,6,2969,PALM,G35,NA,0
HUN,ELVI,8,7,2970,PALM,G2,NA,0
HUN,ELVI,8,8,2971,PALM,B44,NA,1
HUN,ELVI,8,9,2972,SHS,106-36A-33A,AO,1
HUN,ELVI,8,10,2973,JLP,110-5A-3G,NA,0
HUN,ELVI,8,11,2974,PALM,101,AI,1
HUN,ELVI,8,12,2975,JLP,110-44L-10,AM,1
HUN,ELVI,8,13,2976,RL5,C42,NA,0
HUN,ELVI,8,14,2977,RL5,C25,NA,0
HUN,ELVI,8,15,2978,RL5,C43,NA,1
HUN,POAU,1,15,516,LA7,203-7A,AE,0
HUN,POAU,1,14,515,LA2,84-5C,AG,0
HUN,POAU,1,13,514,LA2,84-5C,AH,0
HUN,POAU,1,12,513,LA2,84-4G-4,AK,0
HUN,POAU,1,11,511,LA7,203-9A,AR,0
HUN,POAU,1,10,510,LA7,203-7A,AG,0
HUN,POAU,1,9,509,SFAEF,1335,AF,0
HUN,POAU,1,8,508,LA7,203-4B-1B,AC,1
HUN,POAU,1,7,507,SFAEF,1245,AE,0
HUN,POAU,1,6,506,LA7,203-9A,AQ,0
HUN,POAU,1,5,505,SFAEF,3,AC,1
HUN,POAU,1,4,504,SFAEF,1328,AY,0
HUN,POAU,1,3,503,LA2,84-1L-3,AE,1
HUN,POAU,1,2,502,LA2,84-4G-4,AJ,0
HUN,POAU,1,1,501,SFAEF,1,AC,0
HUN,POAU,2,15,615,LA7,203-25C-1,NA,1
HUN,POAU,2,14,614,LA2,84-4G-4,NA,0
HUN,POAU,2,13,613,LA7,203-29A-6,NA,0
HUN,POAU,2,12,612,LA2,84-5G-41,BA,1
HUN,POAU,2,11,611,LA2,84-5G-40,AQ,1
HUN,POAU,2,10,610,SFAEF,616,AR,1
HUN,POAU,2,9,609,LA2,84-1L-3,CI,1
HUN,POAU,2,8,608,LA7,203-6B-1,NA,1
HUN,POAU,2,7,607,SFAEF,872,AS,1
HUN,POAU,2,6,606,SFAEF,201-15,AA,1
HUN,POAU,2,5,605,LA2,84-5G-40,BI,1
HUN,POAU,2,4,604,LA2,84-5G-43,C,1
HUN,POAU,2,3,603,SFAEF,712,NA,0
HUN,POAU,2,2,602,LA2,84-1L-3,CJ,1
HUN,POAU,2,1,601,SFAEF,616,AQ,1
HUN,POAU,3,1,616,LA2,84-4G-4,AL,0
HUN,POAU,3,2,D_HP3_2,SFAEF,872,AC,1
HUN,POAU,3,3,617,SFAEF,1245,AG,0
HUN,POAU,3,4,618,LA2,84-1L-3,AG,1
HUN,POAU,3,5,619,LA2,84-1L RL2L-2,NA,1
HUN,POAU,3,6,620,SFAEF,1335,AH,0
HUN,POAU,3,7,621,SFAEF,1328,BA,0
HUN,POAU,3,8,622,LA1,201-30B-6,AK,1
HUN,POAU,3,9,623,LA1,200-3C-4B,BC,0
HUN,POAU,3,10,624,LA1,201-29A,AB,0
HUN,POAU,3,11,625,LA2,84-4G-4,AI,0
HUN,POAU,3,12,626,LA1,201-30B-6,AG,1
HUN,POAU,3,13,627,LA2,84-5C,AK,0
HUN,POAU,3,14,628,LA1,200-24A,AK,0
HUN,POAU,3,15,629,SFAEF,616,AI,1
HUN,POAU,4,1,2161,LA2,84-1L-3,CG,1
HUN,POAU,4,2,2162,LA2,84-5G-40,AP,1
HUN,POAU,4,3,2163,LA2,84-4G-4,BZ,0
HUN,POAU,4,4,2164,LA7,203-4B-1B,AS,1
HUN,POAU,4,5,2165,LA1,200-24A,AJ,0
HUN,POAU,4,6,2166,LA7,203-4B-1B,AT,1
HUN,POAU,4,7,2167,SFAEF,872,AR,1
HUN,POAU,4,8,2168,LA2,84-5C,BN,0
HUN,POAU,4,9,2169,SFAEF,616,BT,1
HUN,POAU,4,10,2170,LA1,200-3C-4B,AT,0
HUN,POAU,4,11,2171,SFAEF,201-15,AF,1
HUN,POAU,4,12,2172,LA1,201-30B-6,AI,1
HUN,POAU,4,13,2173,SFAEF,712,AJ,0
HUN,POAU,4,14,2174,LA2,84-1L-3,CF,1
HUN,POAU,4,15,2175,SFAEF,1335,AK,0
HUN,POAU,5,1,517,LA1,201-30B-6,AJ,1
HUN,POAU,5,2,518,LA2,84-4G-4,AP,0
HUN,POAU,5,3,519,LA2,84-1L-3,AH,1
HUN,POAU,5,4,520,SFAEF,1328,BB,0
HUN,POAU,5,5,521,LA1,200-24A,AL,0
HUN,POAU,5,6,522,SFAEF,1335,AI,0
HUN,POAU,5,7,523,LA2,84-4G-4,AO,0
HUN,POAU,5,8,524,SFAEF,872,AD,1
HUN,POAU,5,9,525,SFAEF,1245,AH,0
HUN,POAU,5,10,526,LA1,201-29A,AC,0
HUN,POAU,5,11,527,LA1,201-30B-6,AL,1
HUN,POAU,5,12,528,SFAEF,616,AJ,1
HUN,POAU,5,13,529,LA2,84-5C,AL,0
HUN,POAU,5,14,530,LA1,200-3C-4B,BD,0
HUN,POAU,5,15,531,LA2,84-5G-40,AA,1
HUN,POAU,6,1,532,LA1,200-24A,AH,0
HUN,POAU,6,2,533,SFAEF,712,AI,0
HUN,POAU,6,3,534,LA7,203-4B-1B,AQ,1
HUN,POAU,6,4,535,SFAEF,872,AQ,1
HUN,POAU,6,5,536,LA2,84-5G-40,AO,1
HUN,POAU,6,6,537,SFAEF,616,BS,1
HUN,POAU,6,7,538,LA2,84-1L-3,CH,1
HUN,POAU,6,8,539,SFAEF,201-15,AE,1
HUN,POAU,6,9,540,SFAEF,1335,AJ,0
HUN,POAU,6,10,541,LA1,201-30B-6,AH,1
HUN,POAU,6,11,542,LA2,84-1L-3,CE,1
HUN,POAU,6,12,543,LA1,200-3C-4B,AR,0
HUN,POAU,6,13,544,LA7,203-4B-1B,AR,1
HUN,POAU,6,14,545,LA2,84-5C,BM,0
HUN,POAU,6,15,546,LA2,84-4G-4,BY,0
HUN,POAU,7,1,547,LA7,203-4B-1B,AD,1
HUN,POAU,7,2,548,LA7,203-9A,AT,0
HUN,POAU,7,3,549,SFAEF,1328,AZ,0
HUN,POAU,7,4,550,LA7,203-9A,AS,0
HUN,POAU,7,5,551,LA2,84-1L-3,AF,1
HUN,POAU,7,6,552,SFAEF,1335,AG,0
HUN,POAU,7,7,553,LA2,84-5C,AJ,0
HUN,POAU,7,8,554,SFAEF,1245,AF,0
HUN,POAU,7,9,555,LA7,203-7A,AF,0
HUN,POAU,7,10,556,LA7,203-7A,AH,0
HUN,POAU,7,11,557,LA2,84-5C,AI,0
HUN,POAU,7,12,558,LA2,84-4G-4,AM,0
HUN,POAU,7,13,559,LA2,84-4G-4,AN,0
HUN,POAU,7,14,560,SFAEF,1,AD,0
HUN,POAU,7,15,561,SFAEF,3,AB,1
HUN,POAU,8,1,630,LA2,84-5C,BW,0
HUN,POAU,8,2,631,LA7,203-29A-7,NA,0
HUN,POAU,8,3,632,LA2,84-1L-3,CL,1
HUN,POAU,8,4,633,LA7,203-25C-2,NA,1
HUN,POAU,8,5,634,LA2,84-5G-40,AR,1
HUN,POAU,8,6,635,SFAEF,712,NA,0
HUN,POAU,8,7,636,LA2,84-5G-41,BJ,1
HUN,POAU,8,8,637,LA7,203-25C-3,NA,1
HUN,POAU,8,9,638,LA2,84-5G-43,D,1
HUN,POAU,8,10,639,LA2,84-1L-3,CK,1
HUN,POAU,8,11,640,SFAEF,872,AT,1
HUN,POAU,8,12,641,SFAEF,616,AS,1
HUN,POAU,8,13,642,LA2,84-5G-40,BJ,1
HUN,POAU,8,14,643,SFAEF,201-15,AB,1
HUN,POAU,8,15,644,SFAEF,616,AT,1
KER,AGHY,1,6,D_KA1_6,LPEF,GH-35-8,AX,1
KER,AGHY,1,10,D_KA1_10,LPEF,242-5-5,NA,0
KER,AGHY,1,15,743,COHR,35-1-44,AA,1
KER,AGHY,1,14,742,LPEF,GH-35-6,AI,1
KER,AGHY,1,13,741,LPEF,GH-35-6,AA,1
KER,AGHY,1,12,740,SJC,1942-03-04,NA,1
KER,AGHY,1,11,739,SJC,42-3-54,NA,1
KER,AGHY,1,9,738,SJC,1942-03-11,NA,1
KER,AGHY,1,8,737,COHR,1935-01-30,AJ,1
KER,AGHY,1,7,736,COHR,1935-01-15,AF,1
KER,AGHY,1,5,735,COHR,1935-06-21,AL,1
KER,AGHY,1,4,734,SJC,42-4-50,NA,0
KER,AGHY,1,3,733,LPEF,GH-35-1,BB,1
KER,AGHY,1,2,732,COHR,215-1-15,AT2,0
KER,AGHY,1,1,731,SJC,42-3-46,NA,1
KER,AGHY,2,9,D_KA2_9,SJC,42-4-45,NA,1
KER,AGHY,2,7,D_KA2_7,COHR,215-1-15,BI,0
KER,AGHY,2,4,D_KA2_4,SJC,1942-04-02,NA,0
KER,AGHY,2,2,D_KA2_2,COHR,215-2-1,AV,0
KER,AGHY,2,14,D_KA2_14,COHR,215-2,AM,0
KER,AGHY,2,13,D_KA2_13,SJC,42-4-90,NA,0
KER,AGHY,2,15,752,COHR,215-3-45,AJ,0
KER,AGHY,2,12,751,COHR,215-1-15,BH2,0
KER,AGHY,2,11,750,SJC,42-4-84,NA,0
KER,AGHY,2,10,749,COHR,1935-06-19,AI,1
KER,AGHY,2,8,748,LPEF,GH-35-3,BK,1
KER,AGHY,2,6,747,LPEF,242-7-6V,CL,0
KER,AGHY,2,5,746,SJC,42-4-104,NA,0
KER,AGHY,2,3,745,SJC,1942-04-22,NA,0
KER,AGHY,2,1,744,LPEF,242-7-6V,DI,0
KER,AGHY,3,9,D_KA3_9,COHR,1935-06-19,AH,1
KER,AGHY,3,6,D_KA3_6,LPEF,242-2-25,AB,0
KER,AGHY,3,5,D_KA3_5,LPEF,GH-35-8,AP,1
KER,AGHY,3,4,D_KA3_4,COHR,215-1-15,BN,0
KER,AGHY,3,3,D_KA3_3,COHR,1935-01-15,AD,1
KER,AGHY,3,2,D_KA3_2,LPEF,GH-35-3,BC,1
KER,AGHY,3,15,D_KA3_15,SJC,42-4-43,NA,0
KER,AGHY,3,14,D_KA3_14,SJC,42-3-53,NA,1
KER,AGHY,3,12,D_KA3_12,COHR,215-3-45,AN,0
KER,AGHY,3,10,D_KA3_10,LPEF,GH-35-1,AW,1
KER,AGHY,3,13,757,SJC,1942-04-24,NA,0
KER,AGHY,3,11,756,SJC,42-3-39,NA,1
KER,AGHY,3,8,755,COHR,35-1-44,AE,1
KER,AGHY,3,7,754,SJC,1942-03-11,NA,1
KER,AGHY,3,1,753,LPEF,242-2-34,NA,0
KER,AGHY,4,8,D_KA4_8,COHR,1935-01-27,AF,1
KER,AGHY,4,7,D_KA4_7,LPEF,GH-35-8,AQ,1
KER,AGHY,4,6,D_KA4_6,COHR,215-1-15,BA2,0
KER,AGHY,4,5,D_KA4_5,COHR,35-1-44,AF,1
KER,AGHY,4,3,D_KA4_3,SJC,42-4-85,NA,0
KER,AGHY,4,2,D_KA4_2,COHR,215-2,AY2,0
KER,AGHY,4,14,D_KA4_14,LPEF,1931-04-01,NA,0
KER,AGHY,4,11,D_KA4_11,SJC,42-3-60,NA,1
KER,AGHY,4,1,D_KA4_1,LPEF,GH-35-3,BJ,1
KER,AGHY,4,15,763,SJC,1942-04-29,NA,0
KER,AGHY,4,13,762,LPEF,242-7-6V,DJ,0
KER,AGHY,4,12,761,COHR,234-3-4,NA,0
KER,AGHY,4,10,760,SJC,42-3-56,NA,1
KER,AGHY,4,9,759,LPEF,242-2-45,NA,0
KER,AGHY,4,4,758,SJC,1942-04-23,NA,0
KER,AGHY,5,9,D_KA5_9,COHR,215-2,AC2,0
KER,AGHY,5,7,D_KA5_7,COHR,215-1-15,BS,0
KER,AGHY,5,6,D_KA5_6,COHR,215-3-45,AD,0
KER,AGHY,5,5,D_KA5_5,SJC,42-4-37,NA,0
KER,AGHY,5,4,D_KA5_4,LPEF,GH-35-3,BM,1
KER,AGHY,5,3,D_KA5_3,SJC,1942-04-09,NA,0
KER,AGHY,5,2,D_KA5_2,LPEF,242-7-6V,AR,0
KER,AGHY,5,15,D_KA5_15,COHR,215-1-15,BT,0
KER,AGHY,5,14,D_KA5_14,COHR,1935-06-19,AG,1
KER,AGHY,5,13,D_KA5_13,LPEF,242-7-6V,DD,0
KER,AGHY,5,12,D_KA5_12,SJC,42-4-44,NA,1
KER,AGHY,5,10,D_KA5_10,SJC,42-4-61,NA,0
KER,AGHY,5,11,766,SJC,42-4-91,NA,0
KER,AGHY,5,8,765,SJC,42-4-31,NA,0
KER,AGHY,5,1,764,COHR,225-5-24,NA,0
KER,AGHY,6,9,D_KA6_9,SJC,1942-03-25,NA,1
KER,AGHY,6,8,D_KA6_8,LPEF,GH-35-8,AJ,1
KER,AGHY,6,6,D_KA6_6,COHR,215-1-15,BP2,0
KER,AGHY,6,5,D_KA6_5,COHR,215-2,BG2,0
KER,AGHY,6,4,D_KA6_4,COHR,1935-01-15,AF,1
KER,AGHY,6,3,D_KA6_3,SJC,42-3-40,NA,1
KER,AGHY,6,2,D_KA6_2,LPEF,242-2-36,NA,0
KER,AGHY,6,14,D_KA6_14,LPEF,GH-35-3,BD,1
KER,AGHY,6,13,D_KA6_13,SJC,42-3-61,NA,1
KER,AGHY,6,12,D_KA6_12,SJC,42-4-93,NA,0
KER,AGHY,6,11,D_KA6_11,COHR,1935-01-14,AD,1
KER,AGHY,6,10,D_KA6_10,LPEF,GH-35-1,AN,1
KER,AGHY,6,15,783,COHR,1935-06-19,AA,1
KER,AGHY,6,7,782,SJC,1942-04-30,NA,0
KER,AGHY,6,1,781,LPEF,242-7-6V,AO,0
KER,AGHY,7,7,D_KA7_7,COHR,2026-08-01,AA,1
KER,AGHY,7,6,D_KA7_6,SJC,42-3-47,NA,1
KER,AGHY,7,2,D_KA7_2,LPEF,GH-35-1,AY,1
KER,AGHY,7,15,D_KA7_15,COHR,1935-01-30,AI,1
KER,AGHY,7,14,D_KA7_14,LPEF,GH-35-6,AH,1
KER,AGHY,7,11,D_KA7_11,SJC,1942-03-17,NA,1
KER,AGHY,7,10,D_KA7_10,COHR,1935-06-21,AM,1
KER,AGHY,7,1,D_KA7_1,LPEF,GH-35-8,AE,1
KER,AGHY,7,13,780,LPEF,242-4-28,NA,0
KER,AGHY,7,12,779,SJC,42-4-86,NA,0
KER,AGHY,7,9,778,SJC,42-3-45,NA,1
KER,AGHY,7,8,777,COHR,215-1-15,AL2,0
KER,AGHY,7,5,776,SJC,1942-03-30,NA,1
KER,AGHY,7,4,775,LPEF,GH-35-6-23,NA,1
KER,AGHY,7,3,774,COHR,1935-01-30,AH,1
KER,AGHY,8,7,D_KA8_7,SJC,1942-04-16,NA,0
KER,AGHY,8,5,D_KA8_5,COHR,215-1-15,BB2,0
KER,AGHY,8,3,D_KA8_3,LPEF,GH-35-8,AI,1
KER,AGHY,8,15,D_KA8_15,LPEF,GH-35-3,BQ,1
KER,AGHY,8,13,D_KA8_13,SJC,1942-04-25,NA,0
KER,AGHY,8,12,D_KA8_12,COHR,215-2,AZ,0
KER,AGHY,8,11,D_KA8_11,SJC,42-4-77,NA,0
KER,AGHY,8,10,D_KA8_10,SJC,42-3-55,NA,1
KER,AGHY,8,14,773,SJC,42-3-63,NA,1
KER,AGHY,8,9,772,COHR,234-3-5,NA,0
KER,AGHY,8,8,771,LPEF,242-7-6V,DH,0
KER,AGHY,8,6,770,COHR,1935-01-15,AG,1
KER,AGHY,8,4,769,COHR,215-1-15,BO,0
KER,AGHY,8,2,768,COHR,1935-06-19,AN,1
KER,AGHY,8,1,767,SJC,42-4-78,NA,0
KER,ELVI,1,9,D_KE1_9,JLP,109-19A-25,BB,1
KER,ELVI,1,8,D_KE1_8,HUNT,E4,NA,0
KER,ELVI,1,7,D_KE1_7,PALM,80,AH,0
KER,ELVI,1,6,D_KE1_6,PALM,225,AT,1
KER,ELVI,1,5,D_KE1_5,RL5,D34,AA,1
KER,ELVI,1,4,D_KE1_4,PALM,225,AV,1
KER,ELVI,1,3,D_KE1_3,JLP,110-5A-4O,NA,0
KER,ELVI,1,2,D_KE1_2,PALM,222-A,AG,1
KER,ELVI,1,15,D_KE1_15,PALM,218B,AF,1
KER,ELVI,1,14,D_KE1_14,PALM,218D,AG,1
KER,ELVI,1,13,D_KE1_13,PALM,143,AF,0
KER,ELVI,1,12,D_KE1_12,PALM,216A,AL,1
KER,ELVI,1,11,D_KE1_11,RL5,D53,NA,0
KER,ELVI,1,10,D_KE1_10,PALM,63,AE,0
KER,ELVI,1,1,D_KE1_1,PALM,239,AY,1
KER,ELVI,2,9,D_KE2_9,PALM,216A,AI,1
KER,ELVI,2,8,D_KE2_8,RL5,C32,AC,0
KER,ELVI,2,7,D_KE2_7,PALM,80,AF,0
KER,ELVI,2,6,D_KE2_6,RL5,D37,AA,1
KER,ELVI,2,5,D_KE2_5,JLP,110-5A-4K,NA,0
KER,ELVI,2,4,D_KE2_4,RL5,C32,AF,0
KER,ELVI,2,3,D_KE2_3,RL5,C34,NA,0
KER,ELVI,2,2,D_KE2_2,PALM,225,AO,1
KER,ELVI,2,15,D_KE2_15,PALM,225,AS,1
KER,ELVI,2,14,D_KE2_14,PALM,80,AA,0
KER,ELVI,2,13,D_KE2_13,HUNT,F51,NA,0
KER,ELVI,2,12,D_KE2_12,PALM,239,AT,1
KER,ELVI,2,11,D_KE2_11,JLP,110-2A-13D,AF,1
KER,ELVI,2,10,D_KE2_10,PALM,63,AB,0
KER,ELVI,2,1,D_KE2_1,PALM,106,AF,0
KER,ELVI,3,9,D_KE3_9,JLP,110-5A-4E,NA,0
KER,ELVI,3,8,D_KE3_8,PALM,80,AE,0
KER,ELVI,3,7,D_KE3_7,PALM,100,AH,0
KER,ELVI,3,6,D_KE3_6,PALM,106,AA,0
KER,ELVI,3,5,D_KE3_5,PALM,225,AH,1
KER,ELVI,3,4,D_KE3_4,PALM,102C,AF,0
KER,ELVI,3,3,D_KE3_3,JLP,110-2A-13D,AD,1
KER,ELVI,3,2,D_KE3_2,RL5,C37,AA,0
KER,ELVI,3,15,D_KE3_15,PALM,102C,AB,0
KER,ELVI,3,14,D_KE3_14,RL5,D16,AA,0
KER,ELVI,3,13,D_KE3_13,PALM,225,AV,1
KER,ELVI,3,12,D_KE3_12,HUNT,E11,NA,0
KER,ELVI,3,11,D_KE3_11,PALM,80,AB,0
KER,ELVI,3,10,D_KE3_10,RL5,C32,AB,0
KER,ELVI,3,1,D_KE3_1,JLP,110-5A-4F,NA,0
KER,ELVI,4,8,D_KE4_8,PALM,222-A,AE,1
KER,ELVI,4,7,D_KE4_7,PALM,218B,AI,1
KER,ELVI,4,6,D_KE4_6,JLP,110-5A-4S,NA,0
KER,ELVI,4,5,D_KE4_5,PALM,238,AO,1
KER,ELVI,4,4,D_KE4_4,PALM,216A,AJ,1
KER,ELVI,4,2,D_KE4_2,PALM,239,AX,1
KER,ELVI,4,15,D_KE4_15,PALM,238,AP,1
KER,ELVI,4,14,D_KE4_14,HUNT,E33,NA,0
KER,ELVI,4,13,D_KE4_13,RL5,C24,NA,0
KER,ELVI,4,11,D_KE4_11,SHS,106-150A-4B,AH,1
KER,ELVI,4,10,D_KE4_10,PALM,228C,AD,1
KER,ELVI,4,1,D_KE4_1,RL5,D68,NA,1
KER,ELVI,4,12,2345,JLP,109-19A-25,AW,1
KER,ELVI,4,9,2344,JLP,110-44L-10,AE,1
KER,ELVI,4,3,2343,PALM,110-5A-8,AC,1
KER,ELVI,5,9,D_KE5_9,PALM,63,AG,0
KER,ELVI,5,8,D_KE5_8,JLP,110-5A-4D,NA,0
KER,ELVI,5,6,D_KE5_6,RL5,C32,AE,0
KER,ELVI,5,5,D_KE5_5,HUNT,F6,NA,0
KER,ELVI,5,4,D_KE5_4,PALM,225,AJ,1
KER,ELVI,5,3,D_KE5_3,RL5,C23,NA,0
KER,ELVI,5,15,D_KE5_15,RL5,D28,AA,1
KER,ELVI,5,14,D_KE5_14,PALM,239,AU,1
KER,ELVI,5,12,D_KE5_12,RL5,C31,NA,0
KER,ELVI,5,10,D_KE5_10,JLP,110-2a-13-c,AL,1
KER,ELVI,5,13,2350,PALM,225,AQ,1
KER,ELVI,5,11,2349,SHS,106-36A-24,AC,1
KER,ELVI,5,7,2348,PALM,106,AD,0
KER,ELVI,5,2,2347,PALM,80,AC,0
KER,ELVI,5,1,2346,JLP,110-5A-4M,NA,0
KER,ELVI,6,9,D_KE6_9,JLP,110-5A-4P,NA,0
KER,ELVI,6,14,D_KE6_14,PALM,225,AW,1
KER,ELVI,6,13,D_KE6_13,RL5,D16,NA,0
KER,ELVI,6,11,D_KE6_11,RL5,D27,NA,1
KER,ELVI,6,15,2361,HUNT,E5,NA,0
KER,ELVI,6,12,2360,JLP,110-2a-13-c,AK,1
KER,ELVI,6,10,2359,PALM,B16,NA,1
KER,ELVI,6,8,2358,PALM,63,AC,0
KER,ELVI,6,7,2357,SHS,106-150A-4B,AI,1
KER,ELVI,6,6,2356,PALM,239,AV,1
KER,ELVI,6,5,2355,PALM,100,AI,0
KER,ELVI,6,4,2354,PALM,216A,AM,1
KER,ELVI,6,3,2353,PALM,225,AI,1
KER,ELVI,6,2,2352,PALM,218B,AG,1
KER,ELVI,6,1,2351,PALM,102C,AD,0
KER,ELVI,7,9,D_KE7_9,PALM,222-A,AF,1
KER,ELVI,7,8,D_KE7_8,PALM,218B,AH,1
KER,ELVI,7,7,D_KE7_7,JLP,110-5A-4R,NA,0
KER,ELVI,7,6,D_KE7_6,JLP,109-19A-25,BC,1
KER,ELVI,7,5,D_KE7_5,PALM,B50,NA,1
KER,ELVI,7,4,D_KE7_4,PALM,225,AP,1
KER,ELVI,7,3,D_KE7_3,HUNT,E9,NA,0
KER,ELVI,7,2,D_KE7_2,RL5,C26,NA,0
KER,ELVI,7,15,D_KE7_15,RL5,D36,AA,1
KER,ELVI,7,14,D_KE7_14,PALM,220D,AI,1
KER,ELVI,7,13,D_KE7_13,PALM,239,AW,1
KER,ELVI,7,12,D_KE7_12,HUNT,E16,NA,1
KER,ELVI,7,11,D_KE7_11,PALM,216A,AK,1
KER,ELVI,7,10,D_KE7_10,PALM,225,AZ,1
KER,ELVI,7,1,D_KE7_1,JLP,110-2A-22,AG,1
KER,ELVI,8,8,D_KE8_8,RL5,C33,AA,0
KER,ELVI,8,4,D_KE8_4,PALM,80,AG,0
KER,ELVI,8,3,D_KE8_3,PALM,100,AK,0
KER,ELVI,8,2,D_KE8_2,PALM,216A,AH,1
KER,ELVI,8,1,D_KE8_1,JLP,110-5A-4L,NA,0
KER,ELVI,8,15,2371,RL5,C37,NA,0
KER,ELVI,8,14,2370,RL5,D36,NA,1
KER,ELVI,8,13,2369,PALM,80,AD,0
KER,ELVI,8,12,2368,PALM,106,AB,0
KER,ELVI,8,11,2367,RL5,C32,AD,0
KER,ELVI,8,10,2366,HUNT,E35,NA,0
KER,ELVI,8,9,2365,PALM,102C,AK,0
KER,ELVI,8,7,2364,PALM,100,AD,0
KER,ELVI,8,6,2363,JLP,110-5A-4A,NA,0
KER,ELVI,8,5,2362,JLP,109-19A-25,AX,1
KER,POAU,1,9,D_KP1_9,LA2,84-1L-3,AT,1
KER,POAU,1,8,D_KP1_8,SFAEF,1335,BK,0
KER,POAU,1,7,D_KP1_7,LA2,84-5C,BU,0
KER,POAU,1,6,D_KP1_6,LA1,200-3C-4B,AY,0
KER,POAU,1,5,D_KP1_5,LA2,84-4G-4,CG,0
KER,POAU,1,4,D_KP1_4,LA7,203-4B-1B,BB,1
KER,POAU,1,3,D_KP1_3,SFAEF,B9,NA,0
KER,POAU,1,2,D_KP1_2,LA2,84-1L-3,BC,1
KER,POAU,1,15,D_KP1_15,SFAEF,872,BG,1
KER,POAU,1,14,D_KP1_14,LA2,84-5G-43,L,1
KER,POAU,1,13,D_KP1_13,LA1,201-30B-6,BC,1
KER,POAU,1,12,D_KP1_12,SFAEF,3,AL,1
KER,POAU,1,10,D_KP1_10,LA1,200-3C-4B,BC,0
KER,POAU,1,1,D_KP1_1,LA7,203-4B-1B,BJ,1
KER,POAU,1,11,478,SFAEF,616,BK,1
KER,POAU,2,15,489,SFAEF,1328,AD,0
KER,POAU,2,14,488,LA1,200-3C-4B,AF,0
KER,POAU,2,13,487,LA2,84-5G-76-G,NA,1
KER,POAU,2,12,486,LA2,84-4G-4,BV,0
KER,POAU,2,11,485,LA1,201-30B-6,BI,1
KER,POAU,2,10,484,SFAEF,1335,BL,0
KER,POAU,2,9,483,LA1,201-30B-6,BJ,1
KER,POAU,2,8,482,LA1,200-24A,BF,0
KER,POAU,2,7,481,SFAEF,1245,AF,0
KER,POAU,2,6,480,SFAEF,616,AB,1
KER,POAU,2,5,479,LA2,84-4G-4,BU,0
KER,POAU,2,4,300,LA1,201-29A,AH,0
KER,POAU,2,3,299,SFAEF,872,AL,1
KER,POAU,2,2,298,LA2,84-5C,BO,0
KER,POAU,2,1,297,LA2,84-1L-3,AR,1
KER,POAU,3,9,D_KP3_9,SFAEF,1335,BC,0
KER,POAU,3,8,D_KP3_8,LA2,84-5C,BN,0
KER,POAU,3,7,D_KP3_7,SFAEF,616,AA,1
KER,POAU,3,6,D_KP3_6,LA2,84-5G-41,G,1
KER,POAU,3,5,D_KP3_5,LA1,201-29A,AI,0
KER,POAU,3,4,D_KP3_4,LA1,201-30B-6,BH,1
KER,POAU,3,3,D_KP3_3,LA1,200-24A,BI,0
KER,POAU,3,2,D_KP3_2,SFAEF,872,AK,1
KER,POAU,3,15,D_KP3_15,LA2,84-1L-3,AW,1
KER,POAU,3,14,D_KP3_14,LA1,201-30B-6,BG,1
KER,POAU,3,13,D_KP3_13,SFAEF,1328,AC,0
KER,POAU,3,12,D_KP3_12,SFAEF,1245,AT,0
KER,POAU,3,11,D_KP3_11,LA1,200-3C-4B,AR,0
KER,POAU,3,10,D_KP3_10,LA2,84-4G-4,BZ,0
KER,POAU,3,1,D_KP3_1,LA2,84-4G-4,NA,0
KER,POAU,4,9,D_KP4_9,LA2,84-4G-43,I,1
KER,POAU,4,8,D_KP4_8,LA2,84-5G-76,B,1
KER,POAU,4,7,D_KP4_7,LA2,84-4G-4,BO,0
KER,POAU,4,6,D_KP4_6,LA2,84-1L-3,BF,1
KER,POAU,4,4,D_KP4_4,LA2,84-1L-3,BD,1
KER,POAU,4,3,D_KP4_3,SFAEF,B69,NA,1
KER,POAU,4,2,D_KP4_2,LA2,84-1L-3,AN,1
KER,POAU,4,15,D_KP4_15,LA2,84-5G-43,K,1
KER,POAU,4,14,D_KP4_14,SFAEF,616,BH,1
KER,POAU,4,13,D_KP4_13,SFAEF,B11,NA,0
KER,POAU,4,11,D_KP4_11,SFAEF,872,BI,1
KER,POAU,4,10,D_KP4_10,LA2,85-4G-4,BZ,0
KER,POAU,4,12,492,SFAEF,#6,NA,1
KER,POAU,4,5,491,SFAEF,3,AH,1
KER,POAU,4,1,490,SFAEF,616,BG,1
KER,POAU,5,12,D_KP5_9,SFAEF,4,NA,1
KER,POAU,5,1,D_KP5_3,LA2,84-1L-3,BE,1
KER,POAU,5,4,D_KP5_2,LA2,84-1L-3,AQ,1
KER,POAU,5,15,D_KP5_15,SFAEF,1335,BJ,0
KER,POAU,5,3,D_KP5_13,LA2,84-5C,BV,0
KER,POAU,5,6,D_KP5_12,LA2,84-4G-4,CH,0
KER,POAU,5,2,D_KP5_11,LA1,200-3C-4B,BA,0
KER,POAU,5,13,D_KP5_1,LA2,84-5G-41,F,1
KER,POAU,5,14,499,SFAEF,B8,NA,0
KER,POAU,5,7,498,LA1,200-24A,AI,0
KER,POAU,5,11,497,SFAEF,872,BH,1
KER,POAU,5,5,496,SFAEF,616,BL,1
KER,POAU,5,10,495,LA7,203-4B-1B,BL,1
KER,POAU,5,9,494,LA7,203-4B-1B,BD,1
KER,POAU,5,8,493,LA1,201-30B-6,BZ,1
KER,POAU,6,9,D_KP6_9,SFAEF,1328,AA,0
KER,POAU,6,6,D_KP6_6,LA7,203-7A,AU,0
KER,POAU,6,5,D_KP6_5,LA2,84-5C,BN,0
KER,POAU,6,3,D_KP6_3,LA7,203-9A,AA,0
KER,POAU,6,13,D_KP6_13,SFAEF,1245,AU,0
KER,POAU,6,16,809,LA2,84-4G-4,BM,0
KER,POAU,6,15,808,SFAEF,1335,BD,0
KER,POAU,6,14,807,SFAEF,712,AE,0
KER,POAU,6,12,806,LA2,84-4G-4,BL,0
KER,POAU,6,11,805,LA7,203-4B-1B,BH,1
KER,POAU,6,10,804,LA2,85-5C,BH,0
KER,POAU,6,8,803,SFAEF,2,AG,1
KER,POAU,6,7,802,LA7,203-7A,AZ,0
KER,POAU,6,2,801,LA2,84-1L-3,AU,1
KER,POAU,6,1,500,LA7,203-9A,AB,0
KER,POAU,7,9,D_KP7_9,LA7,203-9A,AD,0
KER,POAU,7,8,D_KP7_8,LA2,84-5C,BT,0
KER,POAU,7,6,D_KP7_6,LA2,84-1L-3,AV,1
KER,POAU,7,5,D_KP7_5,LA2,84-4G-4,BN,0
KER,POAU,7,3,D_KP7_3,SFAEF,1245,AS,0
KER,POAU,7,2,D_KP7_2,LA2,84-5C,BI,0
KER,POAU,7,14,D_KP7_14,LA7,203-9A,AC,0
KER,POAU,7,13,D_KP7_13,SFAEF,712,AF,0
KER,POAU,7,12,D_KP7_12,LA7,203-7A,AX,0
KER,POAU,7,1,D_KP7_1,LA2,84-4G-4,BS,0
KER,POAU,7,15,788,LA7,203-7A,AY,0
KER,POAU,7,11,787,SFAEF,3,AF,1
KER,POAU,7,10,786,LA7,203-4B-1B,BI,1
KER,POAU,7,7,785,SFAEF,1328,AB,0
KER,POAU,7,4,784,SFAEF,1335,BE,0
KER,POAU,8,10,D_KP8_10,SFAEF,#8,NA,1
KER,POAU,8,12,799,SFAEF,616,BC,1
KER,POAU,8,11,798,LA2,84-1L-3,BN,1
KER,POAU,8,9,797,LA2,84-5C,CC,0
KER,POAU,8,8,796,LA2,84-1L-3,BH,1
KER,POAU,8,7,795,LA2,84-5G-76,A,1
KER,POAU,8,6,794,SFAEF,B68,NA,1
KER,POAU,8,5,793,SFAEF,872,BF,1
KER,POAU,8,4,792,SFAEF,B10,NA,0
KER,POAU,8,3,791,LA2,84-5G-43,H,1
KER,POAU,8,2,790,LA2,84-1L-3,BG,1
KER,POAU,8,1,789,LA2,84-5G-43,J,1
KER,POAU,8,15,296,LA2,84-5C,AS,0
KER,POAU,8,14,295,SFAEF,616,BI,1
KER,POAU,8,13,294,SFAEF,B62,NA,1
LAF,AGHY,1,1,2731,COHR,215-1-15,AA,0
LAF,AGHY,1,2,2732,COHR,215-1-15,BK2,0
LAF,AGHY,1,3,2733,SJC,211-10-50,AA,0
LAF,AGHY,1,4,2734,SJC,134-4-16,AB,1
LAF,AGHY,1,5,2735,SJC,211-10-64,AA,0
LAF,AGHY,1,6,2736,LPEF,242-7-6U,AJ,0
LAF,AGHY,1,7,2737,COHR,1935-06-12,AI,1
LAF,AGHY,1,8,2738,SJC,211-10-76,AB,0
LAF,AGHY,1,9,2739,LPEF,GH-35-3,BP,1
LAF,AGHY,1,10,2740,LPEF,242-7-6V,AA,0
LAF,AGHY,1,11,2741,COHR,215-2,BL,0
LAF,AGHY,1,12,2742,SJC,211-10-70,NA,0
LAF,AGHY,1,13,2743,COHR,215-2,AA,0
LAF,AGHY,1,14,2744,LPEF,242-2-27,NA,0
LAF,AGHY,1,15,2745,LPEF,242-7-6V,AG,0
LAF,AGHY,2,1,2746,LPEF,242-7-6U,AN,0
LAF,AGHY,2,2,2747,COHR,215-2,AL,0
LAF,AGHY,2,3,2748,SJC,134-6-1E,NA,1
LAF,AGHY,2,4,D_LA2_4,SJC,211-10-77,AB,0
LAF,AGHY,2,5,2749,COHR,215-1-15,AD2,0
LAF,AGHY,2,6,2750,COHR,215-1-15,AA,0
LAF,AGHY,2,7,2751,COHR,35-1-33,AA,1
LAF,AGHY,2,8,2752,LPEF,GH-35-3,AD,1
LAF,AGHY,2,9,2753,LPEF,242-7-6U,AT,0
LAF,AGHY,2,10,2754,SJC,211-10-63,AD,0
LAF,AGHY,2,11,D_LA2_11,LPEF,GH-35-6,AB,1
LAF,AGHY,2,12,2755,COHR,1935-06-16,AF,1
LAF,AGHY,2,13,2756,SJC,134-6-16,NA,1
LAF,AGHY,2,14,2757,SJC,211-10-34,AG,0
LAF,AGHY,2,15,2758,LPEF,242-7-6V,AD,0
LAF,AGHY,3,1,2774,LPEF,242-7-6V,AF,0
LAF,AGHY,3,2,2775,COHR,1935-01-15,NA,1
LAF,AGHY,3,3,2776,SJC,134-6-1B,NA,1
LAF,AGHY,3,4,2777,SJC,134-6-52,NA,1
LAF,AGHY,3,5,2778,LPEF,GH-35-3,AF,1
LAF,AGHY,3,6,2779,COHR,215-3-45,AG,0
LAF,AGHY,3,7,2780,COHR,215-1-15,AI,0
LAF,AGHY,3,8,D_LA3_8,SJC,134-6-1F,NA,1
LAF,AGHY,3,9,2781,COHR,1935-06-16,AG,1
LAF,AGHY,3,10,2782,LPEF,GH-35-1,AC,1
LAF,AGHY,3,11,2783,LPEF,242-7-6V,BG,0
LAF,AGHY,3,12,2784,COHR,1935-01-25,AB,1
LAF,AGHY,3,13,2785,LPEF,GH-35-6,AD,1
LAF,AGHY,3,14,2786,SJC,211-10-63,AB,0
LAF,AGHY,3,15,2787,SJC,211-10-79,AB,0
LAF,AGHY,4,1,2817,COHR,215-1-15,AW,0
LAF,AGHY,4,2,2818,SJC,211-10-81,AB,0
LAF,AGHY,4,3,2819,SJC,211-10-77,AA,0
LAF,AGHY,4,4,2820,LPEF,242-7-6V,AH,0
LAF,AGHY,4,5,D_LA4_5,LPEF,GH-35-3,BO,1
LAF,AGHY,4,6,2821,SJC,134-6-53,NA,1
LAF,AGHY,4,7,2822,SJC,211-10-81,AA,0
LAF,AGHY,4,8,2823,COHR,215-1-15,AV,0
LAF,AGHY,4,9,2824,COHR,215-3-45,AE,0
LAF,AGHY,4,10,2825,SJC,211-10-77,NA,0
LAF,AGHY,4,11,2826,COHR,215-2,AB,0
LAF,AGHY,4,12,2827,LPEF,242-7-6U,AK,0
LAF,AGHY,4,13,2828,LPEF,242-7-6V,AB,0
LAF,AGHY,4,14,2829,COHR,1935-06-14,AF,1
LAF,AGHY,4,15,2830,LPEF,242-7-6V,CP,0
LAF,AGHY,5,1,2759,COHR,1935-06-16,NA,1
LAF,AGHY,5,2,2760,LPEF,GH-35-6,AF,1
LAF,AGHY,5,3,2761,COHR,1935-06-15,AD,1
LAF,AGHY,5,4,2762,LPEF,GH-35-3,AH,1
LAF,AGHY,5,5,2763,COHR,35-1-32,AB,1
LAF,AGHY,5,6,2764,SJC,134-6-54,NA,1
LAF,AGHY,5,7,2765,LPEF,GH-35-1,AA,1
LAF,AGHY,5,8,2766,SJC,211-10-65,AF,0
LAF,AGHY,5,9,2767,LPEF,242-6-6V,BA,0
LAF,AGHY,5,10,2768,SJC,134-6-55,NA,1
LAF,AGHY,5,11,2769,SJC,134-6-56,NA,1
LAF,AGHY,5,12,2770,LPEF,GH-35-8,AS,1
LAF,AGHY,5,13,2771,COHR,35-1-33,AB,1
LAF,AGHY,5,14,2772,SJC,134-6-57,NA,1
LAF,AGHY,5,15,2773,COHR,215-1-15,AH2,0
LAF,AGHY,6,1,D_LA6_1,LPEF,242-7-6V,AE,0
LAF,AGHY,6,2,2831,LPEF,GH-35-3,AE,1
LAF,AGHY,6,3,2832,COHR,215-1-15,AO,0
LAF,AGHY,6,4,2833,SJC,211-10-79,NA,0
LAF,AGHY,6,5,2834,COHR,2026-08-04,NA,1
LAF,AGHY,6,6,2835,COHR,1935-01-27,AZ,1
LAF,AGHY,6,7,D_LA6_7,COHR,35-1-40,AA,1
LAF,AGHY,6,8,2836,COHR,215-2,BB,0
LAF,AGHY,6,9,2837,LPEF,GH-35-6,AC,1
LAF,AGHY,6,10,2838,LPEF,242-7-6V,BF,0
LAF,AGHY,6,11,2839,LPEF,GH-35-1,AD,1
LAF,AGHY,6,12,2840,SJC,134-6-58,NA,1
LAF,AGHY,6,13,2841,SJC,1940-01-02,NA,1
LAF,AGHY,6,14,2842,SJC,134-6-33,NA,1
LAF,AGHY,6,15,2843,SJC,211-10-79,AA,0
LAF,AGHY,7,1,2803,LPEF,242-7-6V,AU,0
LAF,AGHY,7,2,2804,SJC,134-6-35,NA,1
LAF,AGHY,7,3,2805,LPEF,GH-35-1,AB,1
LAF,AGHY,7,4,2806,SJC,211-10-88,NA,0
LAF,AGHY,7,5,2807,COHR,215-1-15,AF2,0
LAF,AGHY,7,6,D_LA7_6,SJC,134-6-42,NA,1
LAF,AGHY,7,7,2808,LPEF,GH-35-8,AM,1
LAF,AGHY,7,8,2809,SJC,134-6-41,NA,1
LAF,AGHY,7,9,2810,COHR,2026-08-04,AA,1
LAF,AGHY,7,10,2811,LPEF,GH-35-3,AC,1
LAF,AGHY,7,11,2812,COHR,1935-06-07,AA,1
LAF,AGHY,7,12,2813,LPEF,GH-35-6,AE,1
LAF,AGHY,7,13,2814,COHR,1935-01-27,AB,1
LAF,AGHY,7,14,2815,COHR,35-1-44,AG,1
LAF,AGHY,7,15,2816,SJC,134-6-34,NA,1
LAF,AGHY,8,1,2788,LPEF,242-7-6U,BA,0
LAF,AGHY,8,2,2789,SJC,211-10-76,AA,0
LAF,AGHY,8,3,2790,COHR,215-1-15,AA2,0
LAF,AGHY,8,4,2791,COHR,35-1-36,AC,1
LAF,AGHY,8,5,2792,LPEF,GH-35-3,BA,1
LAF,AGHY,8,6,2793,LPEF,242-7-6U,AG,0
LAF,AGHY,8,7,2794,SJC,134-6-40,NA,1
LAF,AGHY,8,8,2795,COHR,215-1-15,AB2,0
LAF,AGHY,8,9,2796,SJC,211-10-76,NA,0
LAF,AGHY,8,10,2797,LPEF,GH-35-6,AG,1
LAF,AGHY,8,11,2798,SJC,211-10-81,NA,0
LAF,AGHY,8,12,2799,SJC,134-6-39,NA,1
LAF,AGHY,8,13,2800,COHR,215-2,AK,0
LAF,AGHY,8,14,2801,COHR,2026-08-01,NA,1
LAF,AGHY,8,15,2802,LPEF,242-7-6V,AN,0
LAF,ELVI,1,1,2577,PALM,220D,AU,1
LAF,ELVI,1,2,2578,JLP,110-2a-13-c,AO,1
LAF,ELVI,1,3,2579,JLP,110-44L-10,AA2,1
LAF,ELVI,1,4,2580,PALM,225,AB,1
LAF,ELVI,1,5,2581,JLP,109-19A-25,AD,1
LAF,ELVI,1,6,2582,RL5,C13,NA,1
LAF,ELVI,1,7,2583,PALM,239,AB,1
LAF,ELVI,1,8,2584,PALM,79,AH,0
LAF,ELVI,1,9,2585,HUNT,E18,NA,1
LAF,ELVI,1,10,2586,JLP,110-44L-10,AA,1
LAF,ELVI,1,11,2587,PALM,110-5A-8,AA,1
LAF,ELVI,1,12,2588,PALM,A13,NA,0
LAF,ELVI,1,13,2589,JLP,110-5A-1L,NA,0
LAF,ELVI,1,14,2590,PALM,218B,AO,1
LAF,ELVI,1,15,2591,PALM,101,AH,1
LAF,ELVI,2,1,2558,PALM,222-A,AB,1
LAF,ELVI,2,2,2559,SHS,106-150A-4B,AC,1
LAF,ELVI,2,3,E2-1,PALM,A28,NA,0
LAF,ELVI,2,4,2560,RL5,C35,NA,0
LAF,ELVI,2,5,2561,PALM,228C,AS,1
LAF,ELVI,2,6,2562,HUNT,E17,NA,0
LAF,ELVI,2,7,2563,PALM,B20,NA,0
LAF,ELVI,2,8,2564,RL5,C1,NA,1
LAF,ELVI,2,9,2565,PALM,220D,AQ,1
LAF,ELVI,2,10,2566,JLP,110-2a-13-c,AD,1
LAF,ELVI,2,11,2567,PALM,B28,NA,0
LAF,ELVI,2,12,2568,JLP,110-5A-3B,NA,0
LAF,ELVI,2,13,2569,PALM,B42,NA,0
LAF,ELVI,2,14,2570,PALM,B49,NA,0
LAF,ELVI,2,15,2571,JLP,110-5A-1E,NA,0
LAF,ELVI,3,1,2544,JLP,110-5A-1K,NA,0
LAF,ELVI,3,2,2545,PALM,B24,NA,0
LAF,ELVI,3,3,2546,JLP,110-2A-13D,AL,1
LAF,ELVI,3,4,2547,PALM,218D,AA,1
LAF,ELVI,3,5,2548,SHS,106-36A-33A,AH,1
LAF,ELVI,3,6,2549,PALM,220D,AX,1
LAF,ELVI,3,7,2550,PALM,A5,NA,0
LAF,ELVI,3,8,2551,JLP,110-2a-13-c,AB,1
LAF,ELVI,3,9,2552,HUNT,F8,NA,0
LAF,ELVI,3,10,2553,RL5,D20,NA,1
LAF,ELVI,3,11,D_LE3_11,PALM,218B,AA,1
LAF,ELVI,3,12,2554,PALM,A42,NA,0
LAF,ELVI,3,13,2555,PALM,B2,NA,1
LAF,ELVI,3,14,2556,RL5,D8,NA,0
LAF,ELVI,3,15,2557,PALM,A12,NA,1
LAF,ELVI,4,1,D_LE4_1,PALM,B4,NA,0
LAF,ELVI,4,2,D_LE4_2,PALM,A23,NA,0
LAF,ELVI,4,3,D_LE4_3,PALM,A22,NA,0
LAF,ELVI,4,4,2543,PALM,A8,NA,0
LAF,ELVI,4,5,D_LE4_5,PALM,B26,NA,0
LAF,ELVI,4,6,D_LE4_6,JLP,110-5A-1I,NA,0
LAF,ELVI,4,7,2536,RL5,C10,NA,0
LAF,ELVI,4,8,D_LE4_8,JLP,110-5A-1D,NA,0
LAF,ELVI,4,9,D_LE4_9,RL5,C14,NA,1
LAF,ELVI,4,10,2537,PALM,218D,AB,1
LAF,ELVI,4,11,2538,JLP,110-2a-13-c,AA,1
LAF,ELVI,4,12,2542,HUNT,F11,NA,0
LAF,ELVI,4,13,2539,PALM,A19,NA,0
LAF,ELVI,4,14,2540,PALM,B18,NA,0
LAF,ELVI,4,15,2541,JLP,110-5A-3C,NA,0
LAF,ELVI,5,1,D_LE5_1,JLP,110-2a-13-c,AC,1
LAF,ELVI,5,2,D_LE5_2,PALM,225,AA,1
LAF,ELVI,5,3,D_LE5_3,PALM,226,AA,1
LAF,ELVI,5,4,2638,PALM,A20,AA,1
LAF,ELVI,5,5,2639,PALM,228C,AI,1
LAF,ELVI,5,6,2640,PALM,102-B,AA,0
LAF,ELVI,5,7,D_LE5_7,RL5,C44,NA,0
LAF,ELVI,5,8,2641,RL5,D24,NA,1
LAF,ELVI,5,9,2642,JLP,110-5A-1B,NA,0
LAF,ELVI,5,10,2643,PALM,220D,AV,1
LAF,ELVI,5,11,2644,JLP,109-19A-25,AJ,1
LAF,ELVI,5,12,2645,PALM,110-5A-8,AI,1
LAF,ELVI,5,13,D_LE5_13,JLP,110-2A-13D,AJ,1
LAF,ELVI,5,14,D_LE5_14,SHS,106-150A-4B,AB,1
LAF,ELVI,5,15,2646,PALM,238,AD,1
LAF,ELVI,6,1,D_LE6_1,PALM,101,AJ,1
LAF,ELVI,6,2,D_LE6_2,PALM,A25,NA,0
LAF,ELVI,6,3,2630,PALM,228C,AA,1
LAF,ELVI,6,4,2631,RL5,C12,NA,1
LAF,ELVI,6,5,D_LE6_5,JLP,110-5A-1C,NA,0
LAF,ELVI,6,6,D_LE6_6,PALM,A3,NA,0
LAF,ELVI,6,7,2632,PALM,79,AJ,0
LAF,ELVI,6,8,2633,PALM,B25,NA,0
LAF,ELVI,6,9,2634,JLP,109-19A-25,AA,1
LAF,ELVI,6,10,D_LE6_10,RL5,C15,NA,0
LAF,ELVI,6,11,D_LE6_11,SHS,106-36A-33A,AD,1
LAF,ELVI,6,12,2635,PALM,218B,AR,1
LAF,ELVI,6,13,2636,PALM,220D,AS,1
LAF,ELVI,6,14,2637,PALM,220B,AA,1
LAF,ELVI,6,15,D_LE6_15,JLP,110-44L-10,AH,1
LAF,ELVI,7,1,2615,PALM,102-B,AF,0
LAF,ELVI,7,2,2616,JLP,110-2A-22,AF,1
LAF,ELVI,7,3,2617,JLP,110-5A-3A,NA,0
LAF,ELVI,7,4,2618,PALM,B43,NA,0
LAF,ELVI,7,5,2619,PALM,220D,AT,1
LAF,ELVI,7,6,2620,PALM,A27,AA,0
LAF,ELVI,7,7,2621,RL5,D21,NA,1
LAF,ELVI,7,8,2622,JLP,110-5A-1F,NA,0
LAF,ELVI,7,9,2623,PALM,79,AL,0
LAF,ELVI,7,10,2624,HUNT,E19,NA,1
LAF,ELVI,7,11,2625,PALM,101,AM,1
LAF,ELVI,7,12,2626,PALM,101,AC,1
LAF,ELVI,7,13,2627,PALM,B45,NA,0
LAF,ELVI,7,14,2628,PALM,B23,NA,0
LAF,ELVI,7,15,2629,RL5,D9,NA,0
LAF,ELVI,8,1,2601,PALM,A14,NA,0
LAF,ELVI,8,2,2602,PALM,B19,NA,0
LAF,ELVI,8,3,D_LE8_3,JLP,110-5A-1A,NA,0
LAF,ELVI,8,4,2603,JLP,110-5A-3D,NA,0
LAF,ELVI,8,5,2604,SHS,106-36A-33A,AI,1
LAF,ELVI,8,6,2605,PALM,A15,NA,1
LAF,ELVI,8,7,2606,PALM,B41,NA,0
LAF,ELVI,8,8,2607,RL5,D7,NA,0
LAF,ELVI,8,9,2608,PALM,79,AG,0
LAF,ELVI,8,10,2609,JLP,110-5A-1H,NA,0
LAF,ELVI,8,11,2610,JLP,110-2A-21,AA,1
LAF,ELVI,8,12,2611,PALM,A10,NA,0
LAF,ELVI,8,13,2612,PALM,102-B,AB,0
LAF,ELVI,8,14,2613,PALM,A6,NA,0
LAF,ELVI,8,15,2614,HUNT,E10,NA,0
LAF,POAU,1,1,2874,LA2,84-1L-3,CM,1
LAF,POAU,1,2,2875,SFAEF,201-15,AC,1
LAF,POAU,1,3,2876,LA2,84-1L-3,BQ,1
LAF,POAU,1,4,2877,SFAEF,872,AM,1
LAF,POAU,1,5,2878,LA7,203-4B-1B,AO,1
LAF,POAU,1,6,2879,LA1,200-24A,AA,0
LAF,POAU,1,7,2880,LA2,84-4G-4,BX,0
LAF,POAU,1,8,2881,LA2,84-5C,BK,0
LAF,POAU,1,9,2882,LA1,201-30B-6,AA,1
LAF,POAU,1,10,2883,LA7,203-4B-1B,AM,1
LAF,POAU,1,11,2884,SFAEF,1335,AQ,0
LAF,POAU,1,12,2885,LA1,200-3C-4B,AG,0
LAF,POAU,1,13,2886,SFAEF,616,BU,1
LAF,POAU,1,14,2887,SFAEF,712,AG,0
LAF,POAU,1,15,2888,LA2,84-5G-40,AK,1
LAF,POAU,2,1,2889,LA2,84-4G-4,AA,0
LAF,POAU,2,2,2890,SFAEF,616,AK,1
LAF,POAU,2,3,2891,LA2,84-1L RL2L-4,NA,1
LAF,POAU,2,4,2892,SFAEF,1328,AQ,0
LAF,POAU,2,5,2893,SFAEF,872,AA,1
LAF,POAU,2,6,2894,LA2,84-1L-3,AC,1
LAF,POAU,2,7,2895,LA2,84-4G-4,AG,0
LAF,POAU,2,8,2896,SFAEF,1245,AE,0
LAF,POAU,2,9,2897,LA1,200-24A,AE,0
LAF,POAU,2,10,2898,LA1,201-30B-6,AF,1
LAF,POAU,2,11,2899,LA1,201-29A,AE,0
LAF,POAU,2,12,2900,LA1,200-3C-4B,AU,0
LAF,POAU,2,13,2901,LA1,201-30B-6,AC,1
LAF,POAU,2,14,2902,LA2,84-5C,AX,0
LAF,POAU,2,15,2903,SFAEF,1335,BI,0
LAF,POAU,3,1,2859,LA1,201-30B-6,CD,1
LAF,POAU,3,2,2860,SFAEF,616,AO,1
LAF,POAU,3,3,2861,LA2,84-5G-41,A,1
LAF,POAU,3,4,2862,LA1,201-30B-6,CP,1
LAF,POAU,3,5,2863,LA1,200-24A,AF,0
LAF,POAU,3,6,2864,LA1,201-30B-6,AX,1
LAF,POAU,3,7,2865,LA2,84-5G-40,AI,1
LAF,POAU,3,8,2866,LA2,84-5G-41,E,1
LAF,POAU,3,9,2867,LA1,201-30B-6,CO,1
LAF,POAU,3,10,2868,LA2,84-4G-4,CJ,0
LAF,POAU,3,11,2869,LA1,201-30B-6,CN,1
LAF,POAU,3,12,2870,SFAEF,8B-18,NA,0
LAF,POAU,3,13,2871,SFAEF,872,AP,1
LAF,POAU,3,14,2872,SFAEF,616,AP,1
LAF,POAU,3,15,2873,LA2,84-5G-43,M,1
LAF,POAU,4,1,2844,LA1,201-30B-6,AW,1
LAF,POAU,4,2,2845,LA1,201-30B-6,BS,1
LAF,POAU,4,3,2846,LA2,84-5G-43,G,1
LAF,POAU,4,4,2847,LA1,200-24A,AO,0
LAF,POAU,4,5,2848,LA1,201-30B-6,BR,1
LAF,POAU,4,6,2849,LA1,201-30B-6,CE,1
LAF,POAU,4,7,2850,SFAEF,872,AO,1
LAF,POAU,4,8,2851,LA2,84-5G-41,BC,1
LAF,POAU,4,9,2852,SFAEF,616,AN,1
LAF,POAU,4,10,2853,SFAEF,8B-17,NA,0
LAF,POAU,4,11,2854,LA1,201-30B-6,CR,1
LAF,POAU,4,12,2855,LA2,84-5G-41,BB,1
LAF,POAU,4,13,2856,LA2,84-5G-40,AH,1
LAF,POAU,4,14,2857,LA2,84-4G-4,CI,0
LAF,POAU,4,15,2858,SFAEF,616,AM,1
LAF,POAU,5,1,2904,SFAEF,2,AA,1
LAF,POAU,5,2,2905,LA7,203-4B-1B,AA,1
LAF,POAU,5,3,2906,SFAEF,1328,AX,0
LAF,POAU,5,4,2907,LA2,84-5C,AF,0
LAF,POAU,5,5,2908,SFAEF,1328,AW,0
LAF,POAU,5,6,2909,LA2,84-4G-4,AC,0
LAF,POAU,5,7,2910,LA7,203-7A,AA,0
LAF,POAU,5,8,2911,LA2,84-1L-3,AA,1
LAF,POAU,5,9,2912,SFAEF,1,AC,0
LAF,POAU,5,10,2913,LA7,203-9A,AV,0
LAF,POAU,5,11,2914,LA7,203-9A,AU,0
LAF,POAU,5,12,2915,LA7,203-7A,AB,0
LAF,POAU,5,13,2916,LA2,84-5C,AE,0
LAF,POAU,5,14,2918,SFAEF,1245,AA,0
LAF,POAU,5,15,2917,LA2,84-4G-4,AB,0
LAF,POAU,6,1,2919,LA2,84-4G-4,AD,0
LAF,POAU,6,2,2920,LA2,84-5G-40,AB,1
LAF,POAU,6,3,2921,LA1,200-3C-4B,BL,0
LAF,POAU,6,4,2922,SFAEF,1245,AQ,0
LAF,POAU,6,5,2923,LA1,201-29A,AB,0
LAF,POAU,6,6,2924,LA1,201-30B-6,BD,1
LAF,POAU,6,7,2925,LA2,84-4G-4,AH,0
LAF,POAU,6,8,2926,LA2,84-1L-3,AD,1
LAF,POAU,6,9,2927,SFAEF,872,AB,1
LAF,POAU,6,10,2928,LA2,84-5C,AT,0
LAF,POAU,6,11,2929,LA1,201-30B-6,BY,1
LAF,POAU,6,12,2930,SFAEF,616,AL,1
LAF,POAU,6,13,2931,SFAEF,1335,AC,0
LAF,POAU,6,14,2932,LA1,200-24A,AF,0
LAF,POAU,6,15,2933,SFAEF,1328,AR,0
LAF,POAU,7,1,2934,LA2,84-1L-3,AB,1
LAF,POAU,7,2,2935,LA7,203-7A,AH,0
LAF,POAU,7,3,2936,SFAEF,1335,AE,0
LAF,POAU,7,4,2937,LA7,203-9A,AR,0
LAF,POAU,7,5,2938,SFAEF,1245,AC,0
LAF,POAU,7,6,2939,LA7,203-7A,AQ,0
LAF,POAU,7,7,2940,SFAEF,1328,AY,0
LAF,POAU,7,8,2941,LA2,84-5C,AM,0
LAF,POAU,7,9,2942,LA7,203-9A,AQ,0
LAF,POAU,7,10,2943,LA7,203-4B-1B,AB,1
LAF,POAU,7,11,2944,LA2,84-4G-4,AF,0
LAF,POAU,7,12,2945,SFAEF,3,AA,1
LAF,POAU,7,13,2946,SFAEF,1,AD,0
LAF,POAU,7,14,2947,LA2,84-4G-4,AE,0
LAF,POAU,7,15,2948,LA2,84-5C,AG,0
LAF,POAU,8,1,2949,LA7,203-4B-1B,AG,1
LAF,POAU,8,2,2950,LA1,200-3C-4B,BH,0
LAF,POAU,8,3,2951,SFAEF,872,AN,1
LAF,POAU,8,4,2952,LA1,200-24A,AB,0
LAF,POAU,8,5,2953,SFAEF,616,BV,1
LAF,POAU,8,6,2954,LA2,84-5G-40,AL,1
LAF,POAU,8,7,2955,SFAEF,1335,AZ,0
LAF,POAU,8,8,2956,LA2,84-5G-41,B,1
LAF,POAU,8,9,2957,LA2,84-5G-41,BG,1
LAF,POAU,8,10,2958,LA1,201-30B-6,AB,1
LAF,POAU,8,11,2959,LA7,203-4B-1B,AN,1
LAF,POAU,8,12,2960,SFAEF,712,AH,0
LAF,POAU,8,13,2961,SFAEF,201-15,AD,1
LAF,POAU,8,14,2962,LA2,84-5C,BL,0
LAF,POAU,8,15,2963,LA2,84-4G-4,BY,0
SON,AGHY,1,9,D_SA1_9,LPEF,GH-35-6,BA,1
SON,AGHY,1,8,D_SA1_8,SJC,134-6-10,NA,1
SON,AGHY,1,7,D_SA1_7,COHR,2026-08-01,AB,1
SON,AGHY,1,6,D_SA1_6,SJC,211-10-78,NA,0
SON,AGHY,1,5,D_SA1_5,COHR,215-1-15,BN,0
SON,AGHY,1,4,D_SA1_4,SJC,134-6-10,NA,1
SON,AGHY,1,3,D_SA1_3,COHR,2026-08-06,NA,1
SON,AGHY,1,2,D_SA1_2,LPEF,GH-35-1,AK,1
SON,AGHY,1,15,D_SA1_15,SJC,134-6-31,NA,1
SON,AGHY,1,14,D_SA1_14,SJC,134-6-31,NA,1
SON,AGHY,1,13,D_SA1_13,COHR,35-1-33,NA,1
SON,AGHY,1,12,D_SA1_12,COHR,1935-01-14,AB,1
SON,AGHY,1,11,D_SA1_11,LPEF,242-7-6V,AJ,0
SON,AGHY,1,10,D_SA1_10,LPEF,GH-35-8,AN,1
SON,AGHY,1,1,D_SA1_1,LPEF,GH-35-3,BL,1
SON,AGHY,2,9,D_SA2_9,SJC,211-10-48,NA,0
SON,AGHY,2,8,D_SA2_8,SJC,211-10-98,NA,0
SON,AGHY,2,7,D_SA2_7,COHR,215-1-15,BK,0
SON,AGHY,2,6,D_SA2_6,LPEF,242-7-6V,BE,0
SON,AGHY,2,5,D_SA2_5,COHR,215-2,AZ,0
SON,AGHY,2,4,D_SA2_4,SJC,134-6-25,NA,1
SON,AGHY,2,3,D_SA2_3,COHR,1935-01-30,AB,1
SON,AGHY,2,2,D_SA2_2,LPEF,242-7-6V,BL,0
SON,AGHY,2,15,D_SA2_15,SJC,211-10-78,AA,0
SON,AGHY,2,14,D_SA2_14,SJC,211-10-78,AB,0
SON,AGHY,2,13,D_SA2_13,LPEF,242-7-6U,AB,0
SON,AGHY,2,12,D_SA2_12,LPEF,GH-35-3,BV,1
SON,AGHY,2,11,D_SA2_11,COHR,215-3-45,AC,0
SON,AGHY,2,1,D_SA2_1,LPEF,242-2-32,NA,0
SON,AGHY,2,10,731_2,COHR,215-1-15,BM,0
SON,AGHY,3,9,D_SA3_9,LPEF,GH-35-3,BV,1
SON,AGHY,3,8,D_SA3_8,COHR,215-2,BA,0
SON,AGHY,3,7,D_SA3_7,COHR,215-1-15,BF,0
SON,AGHY,3,6,D_SA3_6,LPEF,242-7-6V,BC,0
SON,AGHY,3,5,D_SA3_5,LPEF,242-7-6U,AF,0
SON,AGHY,3,4,D_SA3_4,COHR,215-1-15,BE,0
SON,AGHY,3,3,D_SA3_3,SJC,211-10-188,AC,0
SON,AGHY,3,2,D_SA3_2,LPEF,242-7-6U,AD,0
SON,AGHY,3,15,D_SA3_15,SJC,242-2-25,AC,0
SON,AGHY,3,14,D_SA3_14,SJC,134-6-38,NA,1
SON,AGHY,3,13,D_SA3_13,SJC,211-10-3,AB,0
SON,AGHY,3,12,D_SA3_12,LPEF,242-7-6V,BD,0
SON,AGHY,3,11,D_SA3_11,SJC,211-10-3,AA,0
SON,AGHY,3,10,D_SA3_10,COHR,1935-06-19,AJ,1
SON,AGHY,3,1,D_SA3_1,COHR,215-1-15,BM2,0
SON,AGHY,4,9,D_SA4_9,LPEF,GH-35-3,BS,1
SON,AGHY,4,8,D_SA4_8,COHR,1935-01-27,AC,1
SON,AGHY,4,7,D_SA4_7,COHR,35-1-40,AB,1
SON,AGHY,4,6,D_SA4_6,SJC,211-10-52,NA,0
SON,AGHY,4,5,D_SA4_5,COHR,215-1-15,BL2,0
SON,AGHY,4,4,D_SA4_4,SJC,134-6-37,NA,1
SON,AGHY,4,3,D_SA4_3,LPEF,GH-35-8,AO,1
SON,AGHY,4,2,D_SA4_2,LPEF,242-7-6V,AZ,0
SON,AGHY,4,15,D_SA4_15,SJC,134-6-45,NA,1
SON,AGHY,4,14,D_SA4_14,LPEF,242-7-6V,AY,0
SON,AGHY,4,13,D_SA4_13,COHR,215-2,BC,0
SON,AGHY,4,12,D_SA4_12,LPEF,242-7-6V,AX,0
SON,AGHY,4,11,D_SA4_11,COHR,215-1-15,BO,0
SON,AGHY,4,10,D_SA4_10,SJC,210-10-57,AA,0
SON,AGHY,4,1,D_SA4_1,SJC,211-10-3,AC,0
SON,AGHY,5,9,D_SA5_9,COHR,1935-06-16,AC,1
SON,AGHY,5,8,D_SA5_8,SJC,242-2-25,NA,0
SON,AGHY,5,7,D_SA5_7,COHR,1935-06-19,AV2,1
SON,AGHY,5,6,D_SA5_6,COHR,215-3-45,AI,0
SON,AGHY,5,5,D_SA5_5,COHR,2026-08-01,AD2,1
SON,AGHY,5,4,D_SA5_4,COHR,1935-06-19,AV,1
SON,AGHY,5,3,D_SA5_3,SJC,211-10-57,AR,0
SON,AGHY,5,2,D_SA5_2,LPEF,GH-35-3,BZ,1
SON,AGHY,5,15,D_SA5_15,LPEF,242-7-6V,AP,0
SON,AGHY,5,14,D_SA5_14,COHR,1935-06-15,NA,1
SON,AGHY,5,13,D_SA5_13,LPEF,242-7-6V,AQ,0
SON,AGHY,5,12,D_SA5_12,LPEF,GH-35-1,BA,1
SON,AGHY,5,11,D_SA5_11,LPEF,GH-35-8,AB,1
SON,AGHY,5,10,D_SA5_10,COHR,215-1-15,BV,0
SON,AGHY,5,1,D_SA5_1,COHR,2026-08-01,AD,1
SON,AGHY,6,9,D_SA6_9,COHR,215-1-15,BP,0
SON,AGHY,6,8,D_SA6_8,SJC,134-6-36,NA,1
SON,AGHY,6,7,D_SA6_7,COHR,1935-06-19,AC,1
SON,AGHY,6,6,D_SA6_6,LPEF,GH-35-3,BX,1
SON,AGHY,6,5,D_SA6_5,LPEF,GH-35-1,AC2,1
SON,AGHY,6,4,D_SA6_4,LPEF,GH-35-8,AV,1
SON,AGHY,6,3,D_SA6_3,SJC,211-10-44,NA,0
SON,AGHY,6,2,D_SA6_2,LPEF,GH-35-1,AL,1
SON,AGHY,6,15,D_SA6_15,COHR,1935-06-19,AL,1
SON,AGHY,6,14,D_SA6_14,LPEF,242-7-6V,AS,0
SON,AGHY,6,13,D_SA6_13,COHR,2026-08-06,AA2,1
SON,AGHY,6,12,D_SA6_12,LPEF,GH-35-6,AN,1
SON,AGHY,6,11,D_SA6_11,LPEF,GH-35-8,AV2,1
SON,AGHY,6,10,D_SA6_10,COHR,2026-08-06,AA,1
SON,AGHY,6,1,D_SA6_1,COHR,2026-08-01,AC,1
SON,AGHY,7,9,D_SA7_9,LPEF,GH-35-1,AS2,1
SON,AGHY,7,8,D_SA7_8,COHR,215-1-15,BX,0
SON,AGHY,7,7,D_SA7_7,LPEF,242-7-6U,AE,0
SON,AGHY,7,6,D_SA7_6,SJC,134-6-44,NA,1
SON,AGHY,7,5,D_SA7_5,COHR,1935-06-19,AK,1
SON,AGHY,7,4,D_SA7_4,COHR,1935-06-16,AB,1
SON,AGHY,7,3,D_SA7_3,LPEF,GH-35-3,CA,1
SON,AGHY,7,2,D_SA7_2,LPEF,GH-35-1,AS,1
SON,AGHY,7,15,D_SA7_15,LPEF,242-7-6V,AW,0
SON,AGHY,7,14,D_SA7_14,SJC,134-6-30,NA,1
SON,AGHY,7,13,D_SA7_13,SJC,211-10-44,AB,0
SON,AGHY,7,12,D_SA7_12,LPEF,GH-35-8,AL,1
SON,AGHY,7,11,D_SA7_11,COHR,1935-06-19,AF,1
SON,AGHY,7,10,D_SA7_10,COHR,215-2,AQ,0
SON,AGHY,7,1,D_SA7_1,SJC,211-10-3,NA,0
SON,AGHY,8,9,D_SA8_9,SJC,211-10-46,AA,0
SON,AGHY,8,8,D_SA8_8,SJC,211-10-57,NA,0
SON,AGHY,8,7,D_SA8_7,LPEF,242-7-6V,CO,0
SON,AGHY,8,6,D_SA8_6,COHR,1935-06-21,AF,1
SON,AGHY,8,5,D_SA8_5,SJC,211-10-46,NA,0
SON,AGHY,8,4,D_SA8_4,COHR,215-1-15,BQ,0
SON,AGHY,8,3,D_SA8_3,LPEF,GH-35-8,AA,1
SON,AGHY,8,2,D_SA8_2,COHR,215-1-15,BT,0
SON,AGHY,8,15,D_SA8_15,LPEF,242-7-6U,AL,0
SON,AGHY,8,14,D_SA8_14,COHR,1935-06-19,AE,1
SON,AGHY,8,13,D_SA8_13,LPEF,242-7-6U,AM,0
SON,AGHY,8,12,D_SA8_12,LPEF,GH-35-3,BN,1
SON,AGHY,8,11,D_SA8_11,LPEF,GH-35-8,AT,1
SON,AGHY,8,10,D_SA8_10,LPEF,GH-35-8,AT2,1
SON,AGHY,8,1,D_SA8_1,COHR,215-2,AV,0
SON,ELVI,1,10,D_SE1_10,JLP,110-2A-21,AH,1
SON,ELVI,1,9,D_SE1_9,PALM,B52,NA,0
SON,ELVI,1,8,D_SE1_8,RL5,C28,NA,1
SON,ELVI,1,7,D_SE1_7,RL5,C48,NA,0
SON,ELVI,1,6,D_SE1_6,PALM,102-B,AD,0
SON,ELVI,1,5,D_SE1_5,PALM,101,AO,1
SON,ELVI,1,4,D_SE1_4,PALM,110-5A-8,AD,1
SON,ELVI,1,3,D_SE1_3,PALM,121H,NA,0
SON,ELVI,1,2,D_SE1_2,JLP,110-5A-3L,NA,0
SON,ELVI,1,15,D_SE1_15,JLP,110-5A-1S,NA,0
SON,ELVI,1,14,D_SE1_14,HUNT,F7,NA,0
SON,ELVI,1,13,D_SE1_13,PALM,225,AC,1
SON,ELVI,1,12,D_SE1_12,SHS,106-36A-33A,AG,1
SON,ELVI,1,11,D_SE1_11,JLP,110-5A-1T,NA,0
SON,ELVI,1,1,D_SE1_1,PALM,79,AE,0
SON,ELVI,2,9,D_SE2_9,HUNT,E22,NA,1
SON,ELVI,2,8,D_SE2_8,PALM,122A,NA,0
SON,ELVI,2,7,D_SE2_7,RL5,C46,NA,0
SON,ELVI,2,6,D_SE2_6,JLP,110-5A-1Z,NA,0
SON,ELVI,2,5,D_SE2_5,PALM,A21,NA,1
SON,ELVI,2,4,D_SE2_4,PALM,B56,NA,0
SON,ELVI,2,3,D_SE2_3,PALM,122B,NA,0
SON,ELVI,2,2,D_SE2_2,PALM,121D,NA,0
SON,ELVI,2,15,D_SE2_15,PALM,121X,NA,0
SON,ELVI,2,14,D_SE2_14,PALM,B3,NA,1
SON,ELVI,2,13,D_SE2_13,JLP,109-19A-25,AK,1
SON,ELVI,2,12,D_SE2_12,SHS,106-150A-4B-1A,NA,0
SON,ELVI,2,11,D_SE2_11,PALM,110-5A-8,AL,1
SON,ELVI,2,10,D_SE2_10,RL5,C49,NA,1
SON,ELVI,2,1,D_SE2_1,JLP,110-5A-1R,NA,0
SON,ELVI,3,9,D_SE3_9,PALM,218D,AC,1
SON,ELVI,3,8,D_SE3_8,PALM,226,AF,1
SON,ELVI,3,7,D_SE3_7,PALM,101,AK,1
SON,ELVI,3,6,D_SE3_6,JLP,110-5A-1X,NA,0
SON,ELVI,3,5,D_SE3_5,JLP,110-2a-13-c,AM,1
SON,ELVI,3,4,D_SE3_4,JLP,110-2A-22,AD,1
SON,ELVI,3,3,D_SE3_3,PALM,239,AC,1
SON,ELVI,3,2,D_SE3_2,RL5,D35,NA,1
SON,ELVI,3,15,D_SE3_15,PALM,B54,NA,0
SON,ELVI,3,14,D_SE3_14,JLP,109-19A-25,AL,1
SON,ELVI,3,13,D_SE3_13,JLP,110-44L-10,AG,1
SON,ELVI,3,12,D_SE3_12,PALM,228C,AF,1
SON,ELVI,3,11,D_SE3_11,RL5,C55,NA,0
SON,ELVI,3,10,D_SE3_10,PALM,218B,AB,1
SON,ELVI,3,1,D_SE3_1,SHS,106-36A-33A,AN,1
SON,ELVI,4,9,D_SE4_9,PALM,101,AQ,1
SON,ELVI,4,8,D_SE4_8,PALM,A16,NA,1
SON,ELVI,4,7,D_SE4_7,JLP,110-2a-13-c,AU,1
SON,ELVI,4,6,D_SE4_6,PALM,226,AD,1
SON,ELVI,4,5,D_SE4_5,PALM,102-B,AC,0
SON,ELVI,4,4,D_SE4_4,PALM,B51,NA,0
SON,ELVI,4,3,D_SE4_3,PALM,220D,AO,1
SON,ELVI,4,2,D_SE4_2,RL5,C62,NA,1
SON,ELVI,4,15,D_SE4_15,PALM,121P,NA,0
SON,ELVI,4,13,D_SE4_13,PALM,79,AD,0
SON,ELVI,4,12,D_SE4_12,SHS,106-36A-33A,AA,1
SON,ELVI,4,11,D_SE4_11,RL5,C51,NA,0
SON,ELVI,4,10,D_SE4_10,PALM,225,AE,1
SON,ELVI,4,1,D_SE4_1,JLP,110-5A-1V,NA,0
SON,ELVI,4,14,D_SE4_14,JLP,110-2A-21,AL,1
SON,ELVI,5,6,D_SE5_6,JLP,110-2A-21,AF,1
SON,ELVI,5,11,D_SE5_11,JLP,110-2A-21,AG,1
SON,ELVI,5,9,D_SE5_9,PALM,220D,AB,1
SON,ELVI,5,8,D_SE5_8,JLP,110-5A-1W,NA,0
SON,ELVI,5,7,D_SE5_7,PALM,110-5A-8,AK,1
SON,ELVI,5,4,D_SE5_4,PALM,218B,AS,1
SON,ELVI,5,3,D_SE5_3,PALM,A28,AA,0
SON,ELVI,5,2,D_SE5_2,PALM,101,AA,1
SON,ELVI,5,15,D_SE5_15,PALM,238,AH,1
SON,ELVI,5,12,D_SE5_12,JLP,110-2A-13D,AI,1
SON,ELVI,5,10,D_SE5_10,PALM,110-5A-8,AB,1
SON,ELVI,5,1,D_SE5_1,PALM,222-A,AC,1
SON,ELVI,5,14,2099,RL5,C41,NA,1
SON,ELVI,5,13,2098,PALM,79,AA,0
SON,ELVI,5,5,2097,SHS,106-36A-33A,AB,1
SON,ELVI,6,9,D_SE6_9,PALM,218B,AT,1
SON,ELVI,6,8,D_SE6_8,PALM,B6,NA,0
SON,ELVI,6,7,D_SE6_7,PALM,121Z,NA,0
SON,ELVI,6,6,D_SE6_6,RL5,C47,NA,0
SON,ELVI,6,5,D_SE6_5,PALM,121C,NA,0
SON,ELVI,6,4,D_SE6_4,SHS,106-36A-33A,AE,1
SON,ELVI,6,3,D_SE6_3,JLP,109-19A-25,AR,1
SON,ELVI,6,2,D_SE6_2,PALM,A42,AA,0
SON,ELVI,6,15,D_SE6_15,PALM,121W,NA,0
SON,ELVI,6,14,D_SE6_14,JLP,110-5A-1P,NA,0
SON,ELVI,6,13,D_SE6_13,JLP,110-5A-1Q,NA,0
SON,ELVI,6,12,D_SE6_12,JLP,110-5A-1N,NA,0
SON,ELVI,6,11,D_SE6_11,PALM,79,AF,0
SON,ELVI,6,10,D_SE6_10,PALM,B59,NA,0
SON,ELVI,6,1,D_SE6_1,HUNT,F2,NA,0
SON,ELVI,7,9,D_SE7_9,PALM,226,AC,1
SON,ELVI,7,8,D_SE7_8,PALM,101,AN,1
SON,ELVI,7,7,D_SE7_7,RL5,C5,NA,0
SON,ELVI,7,6,D_SE7_6,PALM,238,AE,1
SON,ELVI,7,5,D_SE7_5,PALM,79,AB,0
SON,ELVI,7,4,D_SE7_4,PALM,121I,NA,0
SON,ELVI,7,3,D_SE7_3,PALM,220D,AP,1
SON,ELVI,7,2,D_SE7_2,PALM,102-B,AE,0
SON,ELVI,7,15,D_SE7_15,PALM,B70,NA,0
SON,ELVI,7,14,D_SE7_14,HUNT,E31,NA,1
SON,ELVI,7,13,D_SE7_13,PALM,222-A,AD,1
SON,ELVI,7,12,D_SE7_12,PALM,225,AD,1
SON,ELVI,7,11,D_SE7_11,JLP,110-5A-1U,NA,0
SON,ELVI,7,10,D_SE7_10,JLP,110-2A-13D,AM,1
SON,ELVI,7,1,D_SE7_1,RL5,C38,NA,1
SON,ELVI,8,9,D_SE8_9,JLP,110-5A-1J,NA,0
SON,ELVI,8,8,D_SE8_8,RL5,D46,NA,1
SON,ELVI,8,7,D_SE8_7,PALM,121L,NA,0
SON,ELVI,8,6,D_SE8_6,PALM,121U,NA,0
SON,ELVI,8,5,D_SE8_5,PALM,121B,NA,0
SON,ELVI,8,4,D_SE8_4,JLP,110-5A-1G,NA,0
SON,ELVI,8,3,D_SE8_3,PALM,B29,NA,1
SON,ELVI,8,2,D_SE8_2,RL5,C45,NA,0
SON,ELVI,8,15,D_SE8_15,JLP,110-5A-1M,NA,0
SON,ELVI,8,14,D_SE8_14,PALM,79,AC,0
SON,ELVI,8,13,D_SE8_13,PALM,121Y,NA,0
SON,ELVI,8,12,D_SE8_12,JLP,110-2a-13-c,AH,1
SON,ELVI,8,11,D_SE8_11,PALM,B7,NA,0
SON,ELVI,8,10,D_SE8_10,HUNT,F19,NA,0
SON,ELVI,8,1,D_SE8_1,PALM,121V,NA,0